exam,section,text_no,q_range,words,paragraphs,sentences,words_per_sentence,pct_outside_top5k,pct_outside_top8k,rare_words_per_sentence,domain,subject,shape,has_pivot,pivot_marker,opening_move,closing_move,is_biography,requires_outside_knowledge,key_reliability,passage
apr_2014,1,1,13-17,255,4,17,15.0,12.6,6.3,0.47,anthropology_culture,Flags as national and cultural symbols,expository_descriptive,False,,historical_date_anchor,last_fact,False,False,ok,"(1) Since ancient times, flags have been used as symbols of countries, kings, and social groups. In the Bible, each of the twelve tribes of Israel carried a flag as they traveled through the desert. The armies of the ancient Egyptians, Assyrians, and Romans carried banners when they went to war.

(5) During the 15th and 16th centuries, European explorers would place their country's flag in the new lands that they discovered. This showed that their king or queen now ruled over that land. In modern times, explorers have planted flags at the North and South Poles, on top of high mountains, and even on the moon, as a way of saying, ""We got here first.""

(10) Most countries' flags have two or three colors and simple designs. These may symbolize natural features of the country. Canada's flag shows the leaf of a maple tree, and Lebanon's flag has a picture of a cedar tree. Other flags represent ideas and beliefs. For example, Ireland's flag is green, orange, and white. These colors symbolize the country's Catholic and Protestant religious groups and the hope for peace between them.

(15) Some symbols appear on the flag of more than one country. The same symbol can represent different things. On the flag of the United States, the fifty stars stand for the fifty states. But the star on Vietnam's flag is a symbol of communism. The green in Pakistan's flag is a symbol of Islam. But in the flag of Sierra Leone, green represents farming, which is important to the country's economy."
apr_2014,1,2,18-22,293,4,16,18.3,23.5,16.0,1.38,business_economics,Schlosser's critique of fast food,problem_then_explanation,False,,named_person,summary_restatement,False,False,ok,"(1) Eric Schlosser's new book, Fast Food Nation: The Dark Side of the All-American Meal, will make you think twice before ordering your next hamburger. Schlosser contends that the fast food industry has had a profound and pervasive impact on America's health, economy, and culture, with fast food chains profiting at the expense of (5) the rest of society.

According to Schlosser, the typical American now consumes approximately three fast food hamburgers and four orders of french fries a week – to say nothing of other high-fat fast food meals. One effect of this has been a mounting obesity rate. Another has been a spiraling increase in food-borne illnesses, most notably those caused by the (10) notorious E. coli bacteria, as meat production becomes increasingly centralized to meet the demands of the huge and powerful fast food chains. Schlosser claims that fast food corporations have conspired with influential policy makers to block legislation that would impose costly new standards for food safety.

Furthermore, the same corporations have resisted worker safety and minimum wage (15) requirements. The fast food giants have also squeezed out small restaurants and local chains, which cannot compete with them. Even small farmers, ranchers, and other suppliers have become marginalized as a result of the large restaurant chains' demands for uniformity.

According to Schlosser, this ""deadening homogenization"" has had a devastating (20) cultural impact. Individual and regional culinary differences have been erased and commercial symbols and advertising slogans have become cultural icons. And the ""McDonaldization"" of society reaches far beyond the United States. In Brazil, McDonald's is now the country's largest private employer. In China, the golden arches are as familiar to schoolchildren as pictures of Mao Tse-Tung. It is no surprise, then, (25) that McDonald's has become a prime target of anti-globalization protesters throughout the world."
apr_2014,2,1,13-17,288,3,16,18.0,16.4,12.4,1.12,history,Stonehenge's origins and purpose,problem_then_explanation,False,,scene,open_question,False,False,ok,"(1) Huge stone slabs dot a grassy field. Some of the stones lie fallen, while others stand upright, forming part of a large circle. For centuries, visitors to this site have wondered how such mammoth rocks came to be placed there, and why.

This is Stonehenge, a prehistoric monument in southern England. Archeologists (5) have long searched for clues to its mysterious origins. Various artifacts they have found there tell us that people began building Stonehenge nearly 5,000 years ago, during the Late Stone Age. Stones were added to the site over the next 1,500 years, until Stonehenge was completed in 1600 B.C.E. Two types of stone were used: sandstone and bluestone. The slabs stand as high as 8 meters and weigh 20-50 metric tons each. (10) It is believed that the bluestone was transported over water by raft from a distance of more than 300 kilometers. The sandstone was once thought to have been hauled over land on wooden rollers. More recently, it has been suggested that the sandstone was brought to the area by melting glaciers.

Experts are not sure exactly what took place at Stonehenge, but it is likely that (15) the structure was first built as a place to hold religious ceremonies and bury the dead. Stonehenge also served as a huge calendar, which was used for predicting the coming of the seasons and even eclipses of the sun and the moon. The stones were arranged in line with the position of the sun, so that at sunrise on certain significant days of the year, such as the vernal equinox (the first day of spring), the sun's rays shone on a specific (20) stone. The prehistoric inhabitants of the area were farmers; perhaps they used Stonehenge to time the planting of their crops."
apr_2014,2,2,18-22,310,3,16,19.4,13.3,8.8,0.81,social_science,Gender bias in criminal justice,claim_then_counterclaim,True,However,question,last_fact,False,False,ok,"(1) Are men and women treated equally by the criminal justice system in the United States? While most people agree that the answer is no, they disagree about why. Many argue that the system is biased against women victims, particularly in cases of rape or domestic violence. However, some analysts claim that there is another (5) bias, which is often ignored – one that favors female criminals. The justice system, like society in general, tends to believe that women are innocent, says Cathy Young, vice president of the Women's Freedom Network. For this reason, female offenders are treated less harshly than males. ""Feminists never complain about this,"" she notes. ""They tend to overlook instances in which gender bias works to women's advantage.""

(10) Some feminists do concede that women sometimes receive more lenient treatment. However, they argue that this is not necessarily a good thing: it reflects the paternalistic view that women are less than fully responsible adults. Feminists point out that the women who benefit from gender bias are typically those who fit the prevailing image of women as nurturing and unaggressive. But the consequences for women who defy this (15) stereotype can be very grave. According to Wendy Kaminer, the author of A Fearful Freedom – a book on women's status in the American legal system – violent women are considered unnatural and even monstrous. In fact, says Kaminer, women who commit violent crimes – especially in the domestic sphere – are treated more severely than men.

Both sides invoke statistical studies that appear to support their positions. One (20) study of Pennsylvania courts, for example, found that men are 11 percent more likely than women to be imprisoned for the same crimes. However, other studies have shown that women receive harsher sentences than men in drug cases and for child abandonment and assault – crimes that seem to challenge deeply held ideas about how women, especially mothers, should behave."
apr_2017,1,1,13-17,263,3,16,16.4,16.7,12.7,0.75,technology_engineering,How astronauts eat food in space,chronological_narrative,False,,historical_date_anchor,last_fact,False,False,ok,"(1) Since ancient times, travelers setting out on long journeys have taken with them food that is easy to carry and does not go bad. During the Age of Exploration, sailors survived lengthy sea voyages on dried food and food preserved in salt. The dawn of the Space Age posed new challenges: how and what to eat in the weightless conditions of a (5) spacecraft.

American astronaut John Glenn ate the first meal in space aboard the Friendship 7 spacecraft in 1962. His meal consisted of a meat and vegetable mixture that he squeezed into his mouth from a tube like those used for toothpaste. For dessert, he had applesauce, served the same way. This was hardly a pleasant eating experience but did (10) prove that humans could eat, swallow, and digest food in an environment without gravity. In the years that followed, many improvements were made to dining in space. Today, the food is tastier, more varied, and presented in a more conventional manner. Food packets and utensils are set out on a tray, where they are kept from floating away by means of magnets and Velcro fasteners.

(15) Astronauts can even enjoy ice cream, although for years, they were denied this much-loved comfort food. By 1968, scientists had created freeze-dried ice cream, which did not need to be kept cold. Unfortunately, it tasted nothing like the real thing. Even worse, freeze-dried ice cream crumbled. This made it dangerous: floating pieces of ice cream could damage the spacecraft's sensitive electronic systems. In 1973, (20) astronauts finally got the real thing after a small freezer was installed in the Skylab space station."
apr_2017,1,2,18-22,225,3,13,17.3,19.0,13.3,1.23,medicine_health,Antisocial personality disorder and the brain,phenomenon_then_cause,True,warns against overstating,definition,quotation,False,False,ok,"(1) Antisocial personality disorder (APD) is a psychological condition that affects about 3 percent of men and 1 percent of women in the United States. Some experts estimate that up to 80 percent of prisoners convicted of violent crimes have APD. Ironically, people with APD are usually sociable and even charming. Beneath this (5) veneer, however, they are often irresponsible, uncaring, and dishonest. APD sufferers tend to be impulsive and rarely stop to consider the consequences of their actions. While they may apologize for their behavior, they do not feel regret.

Researchers at the University of Southern California (USC) studied 21 men who had been diagnosed with APD, all of whom had committed violent crimes. They found (10) that their subjects had extremely low nerve cell volume and decreased neural activity in the area of the brain called the prefrontal cortex. Responsible for self-restraint and the ability to predict the outcome of actions, the prefrontal cortex is central to the development of conscience and social sensitivity.

Adrian Raine, a psychopathologist from USC, warns against overstating the (15) relationship between biology and violent behavior. A deficiency in the prefrontal cortex, according to Raine, is not the only determinant of violent behavior; social and environmental factors must also be taken into account. ""Some people who have prefrontal deficits do not become antisocial, and some antisocial individuals do not have prefrontal deficits. Biology is not destiny."""
apr_2017,2,1,13-17,258,3,12,21.5,9.0,2.7,0.5,biography,Iraqi collector of commemorative pencils,expository_descriptive,False,,named_person,quotation,True,False,ok,"(1) For more than fifty years, Iraqi journalist Waleed Ibrahim has been collecting pencils associated with important people and events in his country's history. Known to his friends and colleagues as Abu Iqlam (Father of Pencils) because of his unusual hobby, Ibrahim has one of the largest pencil collections in the Middle East. ""A pencil is (5) a simple, cheap writing tool, but it is found everywhere,"" said Ibrahim in an interview with the international Arabic-language newspaper Asharq Al-Awsat. ""I started to collect pencils when I was young,"" he explained, ""and this hobby grew as I got older.""

Today, Ibrahim has thousands of commemorative pencils, some of them quite rare. The oldest dates from 1918. Some honor past Iraqi leaders, such as King Faisal I and (10) Prime Minister Abd al-Karim Qasim. Others are souvenirs of major sporting or cultural events. Ibrahim also has pencils featuring people in traditional Iraqi dress as well as pencils that have their price marked in fils, a form of money that has not been used in Iraq for more than forty years.

Ibrahim explained that all pencils sold in Iraq today are imported because the three (15) factories that once produced them have closed down. However, most of the pencils in his possession were manufactured locally. Asked in the interview with Asharq Al-Awsat whether he would ever consider selling his pencils, Ibrahim answered that he has no intention of parting with them. He pointed out that even though an ordinary pencil costs very little, his collection is of immeasurable value: ""Nobody can put a price on it."""
apr_2017,2,2,18-22,371,4,21,17.7,12.5,8.6,0.76,biography,John Howard Griffin's Black Like Me,chronological_narrative,True,Although he expected,named_person,last_fact,True,False,ok,"(1) By nearly any measure, John Howard Griffin (1920-1980) led a remarkable life. Gifted with perfect pitch, a photographic memory, and a sensitive soul, he left the United States at the age of 15 to study music in France. There he was stunned to find black and white students studying together and socializing, something the white (5) teenager had never seen in his native Texas. While he was in France, World War II broke out. Griffin joined the French Resistance and later the U.S. Army, was wounded in action and temporarily lost his eyesight.

Back in the United States after the war, Griffin was gravely disturbed by the racial prejudice that was rampant in the American South. He undertook a radical experiment: (10) to try living as a black man in a segregated world. He shaved his head and turned his skin dark using a combination of drugs, ultraviolet light, and dyes. As he later wrote, ""The transformation was total and shocking. . . . I looked in the mirror and saw nothing of the white John Griffin's past.""

So began Griffin's six-week odyssey through the southern states of Louisiana, (15) Mississippi, Alabama, and Georgia. He experienced discrimination at every turn. He was forced to sit at the back of buses and encountered ""Whites Only"" signs at restaurants, on park benches, and even on water fountains. He had no access to basic necessities that white people took for granted: a place to eat, a bathroom, a drink of water. Despite being well educated, he could find only the most menial work. In the (20) black communities where he stayed, Griffin found neglect and hopelessness. By the end of his journey, he saw in his own face the same look of defeat he had seen all over the South.

Griffin described his experiences in a 1961 book entitled Black Like Me. Although he expected the book to be ""an obscure work, of interest primarily to sociologists"", it in (25) fact generated tremendous public reaction. While many people expressed admiration for his work, others were so hostile that Griffin and his family had to leave the United States for several years. Nonetheless, he remained an outspoken advocate of equal rights for black Americans and promoted dialogue between white and black communities throughout the South."
autumn_2018,1,1,13-17,294,4,15,19.6,21.5,17.3,1.07,biography,Rumi's life and enduring poetry,expository_descriptive,True,It may seem odd,historical_date_anchor,summary_restatement,True,False,SUSPECT,"(1) The year 2007 marked the 800th anniversary of the birth of Jalal al-Din Mohammad Balkhi, more commonly known as Rumi. To pay homage to this eminent Muslim theologian, philosopher, and mystical poet, the United Nations Educational, Scientific, and Cultural Organization (UNESCO) proclaimed it the Year of Rumi, and (5) commemorative events were held throughout the world.

Born in 1207 on the eastern edge of the Persian Empire (present-day Afghanistan), Rumi lived during a period of social and political upheaval in an area under constant threat of invasion. His family fled, roaming throughout the region and eventually settling in Konya, in what is now Turkey. There, Rumi became a traditional Islamic (10) scholar and teacher, following in the footsteps of his father and grandfather. The turning point in his life came when he met Shams al-Din, a wandering mystic, who awakened Rumi's own spirituality, leading Rumi to abandon his scholarly career and begin writing mystical poetry.

Rumi's literary standing transcends national, cultural, and linguistic borders. For (15) centuries, his writings have influenced Persian and Turkish literature. To date, over 20 volumes of Rumi's works have been translated into 23 languages and have sold more than two million copies worldwide. In the 1970s, interest in his poetry was sparked in the English-speaking world by Coleman Barks's innovative translations. Indeed, Rumi is one of the best-selling poets in the US today.

(20) It may seem odd that a 13th-century mystic has become one of the best-loved poets of our time. Barks suggests that Rumi endures because of his startlingly imaginative freshness, the profound longing that readers can sense, and his humour. ""There's always a playfulness stirred in with the wisdom,"" Barks points out. And, he adds, contemporary readers respond to Rumi's poetry because they feel they are being (25) spoken to directly by an inspirational teacher."
autumn_2018,1,2,18-22,426,4,15,28.4,13.4,10.0,1.33,natural_science,Boaty McBoatface submarine's Antarctic mission,expository_descriptive,True,however,historical_date_anchor,irony_or_twist,False,False,SUSPECT,"(1) In 2016, the United Kingdom's Natural Environment Research Council (NERC) asked the public to propose names for its new £200 million polar research ship. The proposal that won the online vote by an overwhelming majority was Boaty McBoatface, which lent an air of lightheartedness to a serious scientific endeavour. NERC, however, (5) vetoed what they considered to be a ludicrous proposition, opting instead for the fourth most popular choice: Sir David Attenborough, in honour of the prominent naturalist whose television documentaries have introduced people around the world to the wonders of nature. Nevertheless, in the interests of democracy, NERC bestowed the public's choice of name on another vessel: a small, state-of-the-art, unmanned (10) submarine that would be launched from the mother ship to investigate the ocean's depths. Despite its silly name, Boaty McBoatface would soon prove its worth.

In the spring of 2017, Boaty set off on its maiden trip. Its task was to gather measurements from one of the deepest and coldest ocean regions on earth: the 83-kilometre-long, 3.5-kilometre-deep Orkney Passage, located in the Southern Ocean (15) roughly 800 kilometres from Antarctica. Boaty's ability to manoeuvre underwater allowed it to collect a wider variety and larger amounts of data than surface research ships can; the latter are able to take measurements only from a fixed location. Lead scientist Professor Alberto Naveira Garabato from the University of Southampton notes, ""We are now able to obtain a much more detailed picture of what is happening in this (20) very important underwater landscape.""

The information provided by Boaty gives scientists a greater understanding of changes in the Antarctic region and also contributes to the UK's efforts to tackle global climate change. Naveira Garabato explains that over the past few decades, the speed of winds blowing over the Southern Ocean has increased, causing currents carrying the cold Antarctic bottom water to accelerate and, as they move faster, to produce more turbulence. This, in turn, causes more of the warm water from the upper ocean layers to mix with the colder water of the bottom layers, raising its temperature. As the warmed- up bottom water travels toward the equator, it could affect worldwide weather patterns and sea levels. The data collected during Boaty's mission will be used not only to (30) investigate these phenomena but also to determine whether other processes are involved in them.

It is unlikely that this Antarctic research project would have attracted public attention if Boaty McBoatface had been called only by its technical name: the Autosub Long Range. If not for the goofy name, the public would have missed a fascinating (35) lesson in science."
autumn_2018,2,1,13-17,254,3,13,19.5,10.5,7.7,0.62,medicine_health,Teenage sleep and school hours,problem_then_explanation,False,,striking_fact,last_fact,False,False,SUSPECT,"Although sleep is viewed by some as a luxury, research shows that getting enough sleep is a biological necessity, as important as eating well and exercising. Sleep deprivation has been found to affect nearly every aspect of one's life, from physical well-being and emotional stability to behavior and work performance. Teens, who tend (5) to stay up very late but still have to be up early for school, are among those least likely to get enough sleep. It now appears that teenagers cannot help being wakeful in the evening and sleepy early in the morning. Biologically speaking, they are simply on a different sleep-wake clock than adults or small children.

According to Professor Mary Carskadon, director of sleep research at E.P. Bradley (10) Hospital in Rhode Island, society is asking teenagers to sleep at the wrong time. In her study, Carskadon measured the levels of the sleep-promoting hormone melatonin in adolescents. She found that melatonin secretion in teenagers begins late at night, making it difficult for them to go to sleep early; because the secretion does not stop until morning, it can also be difficult for them to get up. A teenager's natural biological (15) rhythm thus finds itself in conflict with the school bell.

To maximize teenagers' learning potential, Carskadon recommends that high schools start classes later in the morning. More and more schools are taking this advice to heart, with encouraging results. Students are coming to class on time and are more alert; as a result, both their grades and their behavior have improved."
autumn_2018,2,2,18-22,379,4,21,18.0,12.8,10.3,1.0,arts_literature,Rodriguez-Gerada's giant outdoor face-scapes,expository_descriptive,True,In contrast to traditional portraiture,named_person,irony_or_twist,True,False,SUSPECT,"(1) More than any other portrait artist in modern times, Jorge Rodriguez-Gerada has changed the boundaries of portraiture, taking it beyond the walls of the conventional museum. Rather than painting images on canvas, he creates giant portraits in large urban spaces. Known as face-scapes, these outdoor portraits have won him (5) international acclaim and transformed the way many people think of portraiture.

Born in Cuba and raised in the U.S., Rodriguez-Gerada moved to Spain in 2002. In 2008 on a beachfront in Barcelona, he created his first face-scape, an enormous sand portrait of U.S. presidential candidate Barack Obama. Portraits in other major cities followed, including one in Amsterdam – almost as large as two football fields – (10) depicting an anonymous Mesoamerican woman. Because of their size, the face-scapes can be seen in their entirety only from tall buildings or from the air. ""Big ideas require big spaces,"" explained the artist.

In 2014, Rodriguez-Gerada created one of his most impressive face-scapes on five acres of parkland in Washington, D.C. The portrait, depicting a single face, was a (15) composite of photos of 50 young American men from different ethnic backgrounds. Rodriguez-Gerada selected facial features from the photos and combined them into one image using computer technology. With the aid of satellite imaging he mapped out how to recreate the face on an enormous scale. Then came the actual construction stage. He and his assistants arranged 10,000 wooden pegs in the ground and formed an (20) outline of the face using 13 kilometers of string running from peg to peg. The outline was then filled in with 2300 tons of sand and 800 tons of soil. The title of the work, Out of Many, One, refers not only to the method used to make the face-scape but also to the diversity of American society. ""Diversity is the backbone of the nation, and this piece embraces that fact,"" noted Rodriguez-Gerada.

(25) In contrast to traditional portraiture, which is often used to immortalize its subjects, Rodriguez-Gerada's works are deliberately made using temporary materials to convey a message about the ephemeral quality of life, hopes, and dreams. Out of Many, One was on display for just one month, at the end of which it was plowed into the ground. Fortunately, however, the face-scape was recorded in photos and videos and will not be (30) lost to posterity."
autumn_2019,1,1,13-17,172,3,10,17.2,14.1,10.4,1.2,biography,Colombia's donkey-borne traveling library,expository_descriptive,False,,named_person,summary_restatement,True,False,ok,"(1) Luis Soriano is a primary school teacher who lives in a small Colombian village. Twice a week, Soriano travels with his two donkeys, Alfa and Beto, to lend books to people in nearby villages. He straps pouches onto the donkeys' backs, fills them with books of all kinds, and sets out on a journey of several hours.

(5) Soriano calls his traveling library the biblioburro, or donkey library. He takes it around one of the poorest regions in Colombia, where access to books is limited and where many adults are illiterate and cannot read to their children. Soriano, who began with 70 books, has amassed a collection of over 5,000 and has no intention of stopping. On each trip he takes 120 books, including textbooks, storybooks, novels, and (10) encyclopedias.

At each stop along the route, groups of children and adults wait eagerly for the biblioburro. Besides bringing books, Soriano reads aloud and helps children with their homework. He is convinced that the knowledge and pleasure reading brings can change not only individual lives, but entire communities."
autumn_2019,1,2,18-22,339,4,16,21.2,14.2,10.3,1.12,natural_science,Thermoluminescence and its practical uses,expository_descriptive,False,,definition,last_fact,False,False,ok,"(1) Thermoluminescence – the process by which certain substances emit light when they are heated – was first observed by scientists several hundred years ago. Materials such as glass, gemstones, rocks, clay, and sand, which contain crystalline minerals, absorb low doses of radiation when heated or exposed to sunlight. Some of this energy (5) is trapped inside the substances and released in the form of light if they are reheated.

One of the first scientific references to thermoluminescence was made in 1663, when Irish physicist and chemist Robert Boyle addressed the Royal Society of London. Boyle described several experiments, including one in which he had exposed a diamond to the heat of his own body, causing it to shine with ""some kind of glimmering light"". (10) Though his methods may seem crude by today's scientific standards, Boyle is credited with advancing the understanding of thermoluminescence – until then considered inexplicable magic.

One practical application of thermoluminescence is the monitoring of how much radiation medical staff, nuclear power station workers, and scientific researchers are (15) exposed to in the course of their work. Such workers are issued badges that absorb radiation – even very small doses – and emit a strong light signal when subjected to heat testing. Regular testing of these radiation badges is a crucial safety procedure.

Thermoluminescence can also be used to date pottery. When clay objects are heated in order to harden them – a process known as firing – all the radiation previously (20) absorbed by the minerals in the clay is released. Firing is thus considered a ""zeroing"" event in the history of the object, leaving the clay devoid of radiation. At that point, the object begins to absorb radiation all over again. By reheating the clay years – or even centuries – later and measuring the amount of radiation released, scientists can determine the date of the initial firing. This technique is used to detect forgeries. While (25) expert forgers might be able to create a clay object that looks exactly the same as the original, they cannot ""fake"" the amount of radiation which corresponds to its supposed age."
autumn_2019,2,1,13-17,228,2,12,19.0,16.2,13.6,1.17,life_science,The giant panda's diet and endangerment,expository_descriptive,True,Unfortunately,definition,future_speculation,False,False,ok,"(1) The giant panda is known for its striking black and white coat, which distinguishes it from other bears. This, however, is only one of the characteristics that make this bear unique. While most kinds of bears eat a variety of plants and animals, giant pandas have a very limited diet, based almost entirely on the bamboo plant. In fact, they may (5) spend as many as 12 hours a day feeding on bamboo. To help them handle the bamboo shoots more easily, giant pandas have a thumb-like appendage on their front paws. Their huge teeth allow them to chew the tough bamboo stems. Giant pandas are also distinct in that their diet does not enable them to store enough body fat to sleep through the cold winter months, so they do not hibernate as other bears do.

(10) Unfortunately, the giant panda is endangered. Pandas have been hunted extensively for their beautiful fur. Another threat to the animal's existence is the depletion of its main source of food: bamboo forests are being cut down rapidly, and many giant pandas are dying of hunger. In an effort to save the giant panda from extinction, a ban has been placed on hunting it, and attempts are being made to safeguard the animal's (15) habitat by restricting deforestation and creating nature reserves. Conservationists hope that these measures will guarantee the survival of this special bear."
autumn_2019,2,2,18-22,342,3,14,24.4,13.0,8.4,0.86,social_science,Teaching students to fail well,problem_then_explanation,True,However,striking_fact,last_fact,False,False,ok,"(1) In the corporate world, failure has come to be viewed almost as something to be envied. On the web or in the conference hall, entrepreneurs who have failed at a venture often tell the story of what went wrong and describe the insight and personal growth they gained from their mistakes. By going public, they also proclaim (5) membership in a community of innovators who are unafraid to take risks. Many high-tech companies actually offer bonuses to employees who worked on projects that failed.

However, this new perception of failure has been slow to reach the realm of education. Jessica Lahey, author of The Gift of Failure, argues that children today (10) inhabit environments so cleansed of risk that they have few opportunities to cope with failure and to benefit from it. Donna Lisker, dean of the prestigious Smith College in the US, notes, ""In many ways, we've pulled kids away from those natural learning experiences."" She adds that when many young people reach college age, they pay the price. Rachel Simmons, a leadership development specialist at the college, explains, (15) ""For many of our students – those who have had to be almost perfect to get accepted into a school like Smith – failure can be an unfamiliar experience. So when it happens, it can be crippling."" Indeed, mental health data show that depression and anxiety are widespread among students. Extremely high rates of stress are leading to a greater demand for counseling services than Smith and other educational institutions can afford (20) to provide.

Some colleges and universities have begun encouraging students to talk about their struggles and to rethink what it means to fail. At Smith College, a new program called Failing Well aims to destigmatize failure and impress upon students that it is part of the learning process. Offering workshops and discussions on perfectionism, anxiety, (25) and bouncing back after disappointment, the program is part of a campus-wide effort to foster student resilience. Elsewhere, similar programs have sprung up, including Harvard University's Success-Failure Project, Princeton University's Perspective Project, and the University of Pennsylvania's PennFaces initiative."
autumn_2020,1,1,13-17,246,3,17,14.5,15.8,13.6,0.76,biography,Lindbergh's solo transatlantic flight,chronological_narrative,True,Despite all the preparations,striking_fact,last_fact,True,False,ok,"(1) Today, people think nothing of traveling by airplane across the Atlantic Ocean. But when Charles Lindbergh set out to do just that on the morning of May 20, 1927, people all over the world were glued to their radios, eagerly awaiting news of the unfolding drama. Some thirty-three hours after takeoff, Lindbergh was greeted in Paris by a (5) cheering crowd of more than 100,000, having successfully completed the first-ever nonstop solo transatlantic flight.

Lindbergh had prepared carefully for the dangerous undertaking. His airplane, Spirit of St. Louis, built especially for the flight, was stripped down to the bare minimum in order to make it as light as possible. It had no radio, brakes, parachute, or (10) front window. The gas tanks held 451 gallons of fuel, scarcely enough to complete the journey. Lindbergh allowed himself just a few sandwiches and two canteens of water. For navigation, he had only a watch, compass, and airspeed indicator. Despite all the preparations, Lindbergh faced many perils. On takeoff the plane barely cleared the telephone wires at the edge of the airfield. At times, surrounded by fog over the (15) Atlantic, Lindbergh had to fly just ten feet above the waves. The fact that he reached his destination safe and sound was nothing short of a miracle.

""Lucky Lindy"" became an instant hero. Over the next few years, he traveled across the United States, promoting the idea of air travel. Soon, more and more Americans were choosing to fly rather than drive cars or take trains."
autumn_2020,1,2,18-22,294,4,14,21.0,12.5,9.2,0.79,business_economics,Redesigning United States paper currency,expository_descriptive,True,however,striking_fact,summary_restatement,False,False,ok,"(1) Despite the predictions of some economists, a ""cashless society"", in which all transactions are made with checks, credit cards and electronic transfers, has not yet materialized. Paper money is still an integral part of modern commerce. For example, more than 380 billion dollars in United States paper currency is estimated to be in (5) circulation worldwide, and demand for the bills rises annually at a rate of about 5 percent.

Internationally, the United States dollar holds a unique position: it is accepted universally, it serves as a type of world currency and, in countries with unstable economies, it is considered a good investment. Because of this special status, changes (10) to United States currency are not made frequently. In fact, the basic design of United States paper money did not change significantly from 1928 to 1996.

In 1996, however, the United States Bureau of Engraving and Printing began producing paper bills with a fundamentally new design: a larger, off-center portrait, a matching watermark and other new elements. The first note issued in this series was (15) the $100 bill. The Bureau then introduced new $50, $20, $10, $5 and $1 bills at yearly intervals. Although such an extensive currency change is unusual for the United States, many countries routinely modify the appearance of their money. Canada, Australia, France, South Korea and Argentina, to name a few, have all redesigned their paper bills a number of times in the past century.

(20) The main purpose of redesigning money is to make the currency more secure against counterfeiting. With the appearance of advanced photocopiers, computer scanners and printers capable of producing high-quality and realistic-looking copies, the threat of counterfeiting has increased. Trying to prevent the production of fake bills is important for the future of paper money because widespread counterfeiting diminishes (25) the credibility of paper currency as a medium of exchange."
autumn_2020,2,1,13-17,271,3,16,16.9,24.6,16.5,1.62,food_agriculture,"Teff, Ethiopia's tiny nutritious grain",expository_descriptive,False,,definition,last_fact,False,False,ok,"(1) The cereal grain Eragrostis tef, commonly known as teff, is cultivated primarily in Ethiopia, where it is believed to have originated between 4000 and 1000 BCE. Teff is most often ground into flour, which is used to make a flat bread called enjera, a staple food of Ethiopians. Teff is also eaten in the form of porridge and fermented to make (5) home-brewed alcoholic drinks. Furthermore, the stalks of the teff plant are used as feed for cattle and in the building of mudbrick houses.

Teff is the smallest grain in the world. The name ""teff"" is thought to have come from the Amharic word teffa, which means ""lost"", because the grains are so tiny that they are easy to lose. In fact, 150 grains of teff are equal in weight to just one kernel of (10) wheat. These minute grains are surprisingly packed with nutrients. Teff has a higher calcium and iron content than wheat, rice, oats, or millet. It is also an excellent source of fiber and protein: there is as much protein in a fifty-gram serving of teff as in an extra-large egg. Moreover, teff does not contain gluten and is hence suitable for people who are gluten intolerant.

(15) The tremendous success of Ethiopian athletes has been attributed to the nutritional benefits of teff. Olympic and world champion marathon runner Gezahegne Abera says: ""In Ethiopia, every athlete eats teff. We believe our ancient grain helps us train harder than athletes from any other country. That is why we are champions."" Another acclaimed Ethiopian athlete, Haile Gebrselassie, agrees. He credits Ethiopians' (20) prowess in running to their genes, their lifestyle, and the food they eat."
autumn_2020,2,2,18-22,349,3,18,19.4,17.0,14.1,1.22,history,Great Zimbabwe's disputed African origins,debunking_a_belief,True,Yet,scene,summary_restatement,False,False,ok,"(1) On the southern edge of the Zimbabwe plateau, between the Zambezi and the Limpopo rivers, lies the largest and most impressive archaeological site in sub-Saharan Africa. With its high, conical tower, its long, curved stone walls and its diverse artifacts, Great Zimbabwe attests to the existence of a thriving city that flourished (5) between the 12th and 17th centuries, dominating trade and culture throughout southern Africa. The Republic of Zimbabwe (formerly known as Rhodesia, a country ruled by a white minority) was named for this site. Great Zimbabwe, with its unique architecture and sculpture, is a rich source of information about African history. Yet not until the late 20th century did most Western archaeologists study and interpret it in this light.

(10) The beauty and complexity of Great Zimbabwe's stonework led the 19th-century European archaeologists who studied the site to conclude that it could not have been constructed by local people. In the view of these archaeologists – a view shared by many other Europeans – Africans were too primitive and their culture too unsophisticated for them to be capable of constructing such a city. James Theodore (15) Bent of Britain, who visited Great Zimbabwe in 1891, concluded that it must have been built by Phoenician or Arabian traders who settled in the area. A report written in 1898 by W. G. Neal of England's Ancient Ruins Company reiterated Bent's conclusions.

Anyone who suggested otherwise was not well received. In 1905, David Randall- MacIver, a British Egyptologist, excavated at the site and uncovered artifacts very (20) similar to the ones being used by the Shona people living in the vicinity. This continuity of artifacts suggested to Randall-MacIver that the city had been built by native Africans. However, Randall-MacIver's findings were ridiculed and ultimately disregarded by Rhodesia's white rulers. As late as the 1970s, European archaeologists who were vocal about the native origin of Great Zimbabwe were imprisoned and (25) eventually deported. Africans who expressed the same view lost their jobs. Only after the creation of Zimbabwe in 1980 did Randall-MacIver's interpretation gain acceptance. Today, Great Zimbabwe serves as a symbol of the richness and complexity of African culture and history."
dec_2013,1,1,13-17,226,5,13,17.4,8.1,7.6,0.38,sports_leisure,Taekwondo's rise among American children,phenomenon_then_cause,False,,definition,last_fact,False,False,ok,"(1) Like karate and judo, taekwondo is a sport that began as a traditional Asian fighting method. Taekwondo, which means ""kick-strike art"" in Korean, developed from the military training given to young noblemen in the seventh century.

In recent years, taekwondo has become increasingly popular in the United States. (5) The American Taekwondo Union estimates that 6.3 million people are studying taekwondo in the country today, compared to 1.6 million in 1990. Children make up the fastest-growing group of taekwondo students.

More and more parents are sending their children to taekwondo classes, not to learn how to fight, but to learn obedience and respect. Not only are children taught how (10) to spin, kick and break bricks with their hands, but they are also taught self-control and integrity. Instructors impose high standards of behavior, which are often much stricter than those set by parents.

Some of the parents who send their children to study taekwondo do not have much time to spend with them and do not want to spend the little time they do have (15) disciplining their youngsters. These parents hope that taekwondo will help improve their children's behavior, grades in school and ability to concentrate.

In many cases, it works. Parents report that their children become better behaved and more respectful after taking taekwondo classes. Some parents even enroll in classes themselves to learn how to better discipline their children."
dec_2013,1,2,18-22,400,4,17,23.5,14.3,8.7,1.41,social_science,Whether scientists count as intellectuals,debunking_a_belief,True,It was not always so,definition,summary_restatement,False,False,ok,"(1) For most people, the word ""intellectual"" connotes someone engaged in literature and the arts, not the sciences. The most commonly used American dictionary confirms this prejudice, defining an intellectual as ""a person devoted to matters of the mind and especially to the arts and letters; one given to study, reflection, and speculation, especially (5) concerning large, profound or abstract issues.""

It was not always so. In fact, according to British physicist and novelist C. P. Snow, only in the 1930s did literary theorists begin to use the word ""intellectual"" to refer solely to themselves. Before then, the word carried the broader sense of a person involved in the work of the mind – a definition which would clearly include scientists. Snow (10) himself bemoaned the split between ""scientists"" and ""intellectuals."" In his 1959 book, The Two Cultures and the Scientific Revolution, he noted that intellectuals and scientists seemed to live in their own separate worlds. But he envisioned a third culture in which the two groups would actually communicate with each other.

Snow's vision has not come to pass. If anything, matters have gotten worse in (15) the years since the publication of his book. It appears that the intellectuals may be to blame. In fact, some intellectuals not only cultivate their distance from the world of science, but actually revel in it. Murray Gell-Mann, a Nobel Prize-winning physicist, points out that ""there are people in the arts and humanities . . . who are proud of knowing very little about science and technology, or about mathematics."" He notes (20) that ""the opposite phenomenon is very rare. You may occasionally find a scientist who is ignorant of Shakespeare, but you will never find a scientist who is proud of being ignorant of Shakespeare."" Scientist Paul Davies believes that today's intellectuals try to belittle science because they feel intimidated by complex ideas that they do not understand. Their repudiation of science, he says, stems from their sense of (25) ""helplessness in the face of their ignorance.""

These scientists, like others, resent the fact that the word ""intellectual"" has been appropriated by those in the arts and the humanities – and by those who willfully ignore a vast universe of knowledge and ideas. Perhaps it is time for today's self-proclaimed intellectuals to open their minds and ranks to scientists, whose thinking is no less (30) profound or important than theirs. At the very least, they should relinquish their claim to be the only ""intellectuals."""
dec_2013,2,1,13-17,281,3,15,18.7,12.4,6.4,0.4,medicine_health,Laughter as medical therapy,expository_descriptive,True,however,scene,summary_restatement,False,False,ok,"(1) Clowns do not usually attend medical conventions. But at this year's meeting of the American Association for Therapeutic Humor (AATH), there were as many clowns as doctors. Even the doctors, nurses and psychologists at the convention got into the clown spirit by sporting big red noses. The convention's participants discussed the (5) therapeutic benefits of laughter as well as methods of encouraging sick people to laugh.

Barry Bittman, a neurologist, described a study he had conducted, which demonstrated that laughter can strengthen the immune system, thereby helping to prevent and cure disease. Bittman used medical students as subjects for his study. One group of students sat quietly for an hour, while, in another room, the second group (10) watched a comedy video. Tests performed afterwards showed that the group that had watched the video had higher levels of disease-fighting antibodies in their blood. They also had higher levels of what doctors call ""natural killer cells,"" which find and destroy cancer cells and viruses. ""When you're laughing, smiling, or telling jokes, biological changes occur,"" said Bittman. He emphasized, however, that humor should be used (15) along with, not instead of, conventional medicine. ""I think humor is a valuable tool,"" he said, ""but you can't cure people with humor alone.""

Stuart Copans, a child psychiatrist, believes that laughter can be especially useful in working with children. Humor can help young patients feel more comfortable, making it easier for them to talk about painful memories and experiences. For some particularly (20) troubled children, laughter may be the key to releasing repressed emotions. As Copans explains, a laugh is an emotional reaction, and for these children, feeling any emotion at all is the first step in confronting long-buried feelings."
dec_2013,2,2,18-22,308,4,17,18.1,12.8,8.2,0.59,history,Pirates in fiction versus in history,debunking_a_belief,True,"In fact, however",historical_date_anchor,last_fact,False,False,ok,"(1) Over the past three centuries, pirates have figured prominently in many classic works of English literature and drama. These include Treasure Island, a novel by Robert Louis Stevenson; The Pirates of Penzance, a comic opera by Gilbert and Sullivan; and Peter Pan, a play by Sir James Barrie. The pirates of the imagination are a (5) romantic blend of many details. They wear gold earrings, high black boots and impressively large hats. They are bold and adventurous, stealing only from the rich and corrupt. In fact, however, the pirates of history were often desperate, drunken men who dressed in tattered clothing and were cruel to their prisoners and to one another.

The historical period known as the ""age of piracy"" began in the late 1500s, reaching (10) its height in the 1600s. During this time, powerful European countries sent many merchant ships to search for riches in the New World. As the merchant ships sailed back to Europe, filled with gold and other treasures, pirates – expert seamen who had light, fast boats – would capture the heavier, slower ships. Once on board, the pirates would steal the cargo and kidnap or kill the crew.

(15) The European powers tried to fight piracy by passing laws that made it a crime punishable by death. Paradoxically, however, pirates were often sent by one European country to raid the ships of another. For example, the British and French hired pirates to weaken Spanish control over the shipping routes of the Atlantic.

Not surprisingly, piracy proved an unreliable weapon in the war for commercial (20) gain. Pirates would rob the ships of any country, including those of Britain and France. In response, Britain and France sent their navies to fight against the pirates and significantly reduced their numbers. In 1720, there were over two thousand pirates in the Atlantic; a decade later, there were fewer than two hundred."
dec_2016,1,1,13-17,259,3,15,17.3,15.1,12.4,1.13,anthropology_culture,How the Inuit build igloos,process_description,True,But,definition,last_fact,False,False,ok,"(1) The Inuit are the native peoples of the Arctic regions of Greenland, Alaska, and Canada. Traditionally nomadic, the Inuit once subsisted by hunting and fishing. This lifestyle demanded forms of shelter that could be either carried with them or constructed anew out of materials found wherever they camped. In the summer, the Inuit lived in (5) portable tents made of animal skins stretched over a frame. For the winter, they devised a unique type of dwelling called an igloo.

In constructing an igloo, the Inuit made ingenious use of the only building material readily available to them in winter: snow. The snow was cut into blocks of uniform size and shape. A first layer of blocks was set up in a circle on the ground. Each (10) additional layer was positioned slightly inward so that the structure curved upward to form a dome. Small holes were cut in the walls to let in fresh air, and a low, arched entrance was attached to one side.

A substance as soft and cold as snow hardly seems like a construction material that can provide protection from the cold. But the combination of firmly packed snow and a (15) domed shape actually makes for a remarkably sturdy structure. As for warmth, the air trapped in the snow has an insulating effect. In addition, the body heat of the people inside, together with the heat given off by seal-oil lamps, causes the igloo's walls to melt slightly. During the night, the walls refreeze, creating a layer of solid ice that further insulates and reinforces the igloo."
dec_2016,1,2,18-22,265,3,15,17.7,19.1,13.2,1.0,history,Bloomers and 19th-century dress reform,chronological_narrative,True,The dress reform movement was highly controversial,historical_date_anchor,last_fact,False,False,ok,"(1) The first half of the 19th century was not a comfortable time to be a woman. The conventional attire for women – multiple layers of fabric, stiff petticoats, and a corset pulled unbearably tight at the waist – weighed them down and restricted their movement. In the eyes of many women, dress reform had to be one of the first steps (5) toward women's liberation. Elizabeth Cady Stanton, a leading figure in the women's rights movement, argued that ""woman will never hold her true position, until . . . she casts away her swaddling clothes.""

During the spring of 1851, Elizabeth Smith Miller began experimenting with a new style of women's clothing. Her innovation featured Turkish trousers reaching the (10) ankle and a skirt that fell some four inches below the knee. Dressed in the new outfit, Miller visited Elizabeth Cady Stanton in Seneca Falls, New York, and introduced the new garment to her. The two women showed it to another friend, fellow activist Amelia Jenks Bloomer. Bloomer, who was the editor and publisher of The Lily, A Ladies' Journal, was intrigued by the liberating apparel. She wrote an article advocating (15) Miller's ""freedom dress"" or ""rational dress"". Before long, people began referring to this style as the ""bloomer costume"" or ""bloomers"".

The dress reform movement was highly controversial; many expressed disapproval and even outrage. Opposition to the ""ridiculous and indecent"" bloomers was so fierce that many feminists ceased wearing them after a few years. They believed that (20) the ridicule the outfit evoked was counterproductive to gaining rights for women. It would take several more decades for widespread dress reform to really take hold."
dec_2016,2,1,13-17,320,3,17,18.8,12.9,10.7,0.88,biography,Origins of Alice in Wonderland,chronological_narrative,False,,named_person,last_fact,True,False,ok,"(1) Charles Lutwidge Dodgson, a 19th-century English mathematician who lectured at Christ Church College in Oxford, is better known as Lewis Carroll, the children's book author. The fertile imagination so evident in his literary work served him well early on. As the eldest of thirteen children, Dodgson spent hours inventing games and stories to (5) keep his siblings entertained.

Dodgson's talent for amusing children never left him. He often escorted the daughters of his friend Henry Liddell, Dean of Christ Church College, on outings around Oxford. He captivated them with stories about the people and animals they saw. They particularly enjoyed visiting the university's Museum of Natural History and (10) rowing on the River Thames. One afternoon in July 1862, while Dodgson and the children were on the river, he spun a fantasy tale that featured different places in Oxford, references to natural history, and animals that acted like people. The wise dodo in the story, for example, was likely inspired by a painting of this extinct bird that Dodgson and the children had seen at the museum. The dodo was also a humorous (15) reference to Dodgson himself, who spoke with a stammer and sometimes pronounced his name Do-do-dodgson. The main character was based on Liddell's middle daughter, Alice.

Alice Liddell was delighted with the tale and begged Dodgson to write it down. Two years later, he presented her with a green leather notebook containing the story and (20) sketches he had drawn to go with it. In 1865, Alice's Adventures in Wonderland was published under the pen name Lewis Carroll, with pictures by the eminent illustrator John Tenniel. It went on to become one of the most beloved children's books ever. During Dodgson's lifetime, the book and its sequel, Through the Looking Glass, sold over 160,000 copies. Dodgson continued to teach at Christ Church College but (25) requested a reduced salary, claiming that the substantial income from his books was more than enough to meet his needs."
dec_2016,2,2,18-22,247,4,15,16.5,18.0,13.5,1.0,life_science,The evolving song of humpback whales,phenomenon_then_cause,True,Despite,striking_fact,open_question,False,False,ok,"(1) The haunting song of the humpback whale is one of nature's mysteries. Although likely heard by sailors for centuries, humpback songs were first recorded by U.S. Navy ships in the late 1950s off the coasts of Hawaii and Bermuda. Since then, scientists have been studying these complex sequences of moans, howls, and cries in order to (5) decipher their meaning.

Research has determined that the song of the humpback whale is constantly evolving. Each year, different sounds are joined together to create new sequences. As these are slowly incorporated into the existing song, some older patterns are lost completely. Thus, the song of a given whale population recorded in the 1970s bears (10) almost no resemblance to the song sung by the same population in the 1960s.

Despite the constantly changing nature of the song, all singers in the same ocean sing essentially the same version at any one time, though they may be separated by thousands of kilometers. Songs differ, however, from one ocean to another. Humpback whales in the Pacific, for instance, have a different song than humpback whales in the (15) Atlantic.

Why humpback whales sing remains an intriguing and complex question. There are several hypotheses about the function of the whales' song. The dominant one is that the song is primarily a display males put on to attract females. Others interpret the song as either a migratory signal that helps humpbacks navigate the oceans or a form of (20) sonar that enables males to locate females."
dec_2017,1,1,13-17,257,3,14,18.4,6.0,4.4,0.21,anthropology_culture,How seasons are defined worldwide,expository_descriptive,True,But,definition,summary_restatement,False,False,ok,"(1) The four seasons – winter, spring, summer, and fall – are the subject of countless songs, poems, and works of art. But many places in the world do not have four seasons. At the North and South Poles, for example, there are only two seasons. During the winter, it is extremely cold and most of the days are completely dark. Summer is (5) somewhat warmer, with continuous daylight. At the equator, on the other hand, the weather is always hot, and there are an equal number of hours of daylight and darkness all year round.

In many parts of the world, however, a season is not defined in terms of temperature or the number of daylight hours. In some countries – such as Costa Rica and the (10) Philippines – the year is divided into a rainy season and a dry one. In India, there are three seasons: winter, summer, and the monsoon season, when there are especially heavy rains and strong winds. In neighboring Bangladesh, there are six seasons, including the flood season and the drying-out season that follows.

Even people living in the same place sometimes define the seasons in different (15) ways. For example, in the northern tip of Australia, most people speak of the wet season, the dry season, and the buildup to the wet season. But the Yolngu, a native people of the area, divide the year into eight seasons, each with its own pattern of weather conditions, plant life, and animal behavior. No matter where they live, however, most people use seasons to mark the passage of time."
dec_2017,1,2,18-22,236,3,15,15.7,13.5,10.0,1.4,language_linguistics,Invention of the interrobang punctuation mark,chronological_narrative,True,however,definition,last_fact,False,False,ok,"(1) Punctuation marks, such as periods and commas, are symbols that make written texts easier to understand. Most of the punctuation marks used today were developed in Europe during the Middle Ages. In the 15th century, with the introduction of printed books, these symbols became standardized. Since then, punctuation marks have (5) changed very little.

In 1962, however, Martin K. Speckter, the editor of TYPEtalks magazine, created a new punctuation mark. Speckter disapproved of the tendency of writers to use question marks and exclamation marks together (?!?!) at the end of a question to express surprise or some other strong feeling. Speckter believed that such questions would look better (10) with a single punctuation mark that combined the two. He designed such a symbol (?!) and invited readers of his magazine to propose a name for it. The one he chose was ""interrobang"" – a combination of the word ""interrogative"", meaning question, and ""bang"", a name used by printers for an exclamation mark.

New and offbeat enough to suit the unconventional 1960s, the interrobang became (15) somewhat popular. The symbol was used for a time in magazines and newspapers, and the word was even included in English dictionaries. During the 1970s, however, the interrobang was nearly forgotten. Nonetheless, the punctuation mark still has some old fans and even some new ones, who have discovered it in recent years. ""Interrobang"" is also the name of several businesses, a few websites, and even a rock band."
dec_2017,2,1,13-17,219,3,13,16.8,20.4,14.3,1.23,biography,"Patience Wright, American wax sculptor",chronological_narrative,False,,named_person,irony_or_twist,True,False,ok,"(1) The first American sculptor to achieve international recognition was a woman named Patience Lovell Wright (1725-1786). For many years, Wright amused herself and her children by molding faces out of wax and bread dough. When her husband died in 1769, leaving her with five children to support, her hobby blossomed into a (5) profession. Before long, Wright was earning her living making portraits from colored wax.

In 1772, Wright moved to London, where she established a museum displaying likenesses of England's current celebrities. London's elite society was charmed by Wright's colorful character, her individualism and her often crude speech. Her business (10) venture was instantly successful. Wright would fashion her wax figures in her lap, hiding them under her apron while engaging her models and other visitors in conversation. She had, according to the artist-historian William Dunlap, an ""energetic wildness"" as she worked.

Among Wright's prestigious subjects were King George and Queen Charlotte. (15) Wright is said to have called the king ""Pharaoh"" and lectured him about his mistreatment of the American colonies. During the American Revolution, Wright openly expressed her support for the colonial cause, which damaged but did not destroy her popularity in British royal circles. It is believed that on a number of occasions she came to the rescue of the rebel colonists by providing intelligence regarding British (20) plans to subdue them."
dec_2017,2,2,18-22,250,4,14,17.9,16.9,10.4,0.43,business_economics,Planned obsolescence and throw-away culture,problem_then_explanation,True,However,quotation,future_speculation,False,False,ok,"(1) ""They don't make things like they used to!"" This comment is often made by people who remember a time when many products lasted a lifetime. Indeed, it was once the norm that household appliances, clothing, and other items remained in good condition for decades.

(5) Today, unfortunately, most manufacturers follow a policy of planned obsolescence. In order to keep customers coming back, they deliberately produce toys that break easily, home appliances that cannot be repaired, and light fixtures that are sealed so that burnt-out light bulbs cannot be changed. They discontinue replacement parts after just a few years and update computer software so that older versions can no longer be used. (10) Manufacturers also promote obsolescence indirectly by means of manipulative advertising. By aggressively marketing new clothing styles, models of cars, and electronics with innovative but unnecessary features, manufacturers induce in consumers a perceived need to acquire items they already own.

To a large degree, Western society has become a throw-away culture. As a result, (15) people waste time and money and may become caught up in a constant, restless pursuit of new things. The environment suffers, too: more trash goes into dump sites and more pollution is created by the production and transport of goods.

However, a countermovement is growing. More and more people favor vintage goods – second-hand items that have stood the test of time. Some websites offer high- (20) quality merchandise with long-term guarantees, and others provide instructions for repairing appliances. Such initiatives may eventually succeed in rendering planned obsolescence obsolete."
fall_2021,1,1,13-17,267,3,11,24.3,13.5,7.7,0.27,anthropology_culture,The role of Native American elders,expository_descriptive,False,,definition,summary_restatement,False,False,ok,"(1) Among the indigenous peoples of North America, there is an abiding respect for the elders of their communities. Elders, walking libraries of time-honored narratives and customs, have always kept alive the history of their tribes and passed on practices of earlier times. ""In the old days,"" notes Sidney Byrd, a Native American historian from (5) South Dakota, ""there would be a storyteller – an elder – who would go from house to house and tell the story of the Indian people from the beginning."" Indeed, it was through such oral traditions that social values and beliefs were maintained.

Elders do not adopt this title for themselves. Rather it is a term of respect that others in the tribe bestow upon them. An elder is not defined by age but is someone (10) who, in the course of his or her life, has gained the wisdom to make communal decisions that are both practical and true to their heritage. In earlier times, for example, elders would meet to make major decisions about which crops to plant, how to protect the village, when and where to hunt, and whether the tribe should move elsewhere.

Members of the community still seek advice from elders on all aspects of life. (15) Public events and ceremonies rarely take place before the elders have explained how and why different rituals are performed. Elders are also consulted by tribal leaders about far-reaching policy decisions, such as how to negotiate with government officials in land disputes. Elders constitute a valuable bridge between the past and the present and also help the younger generation to cope with the challenges of today."
fall_2021,1,2,18-22,193,2,9,21.4,15.7,12.4,1.33,natural_science,Proving Fermat's Last Theorem,chronological_narrative,True,Finally,historical_date_anchor,open_question,False,False,ok,"(1) In 1637, French mathematician Pierre de Fermat wrote a simple mathematical statement in the margin of his copy of Diophantus's Arithmetica, an ancient Greek text on mathematics. Alongside it he scribbled, ""I have discovered a truly marvelous proof of this proposition which this margin is too narrow to contain."" Though his proof has (5) never been found, the statement known as Fermat's Last Theorem has intrigued generations of mathematicians.

Despite the simplicity of the theorem – and Fermat's claim of proof – the world's best mathematical minds labored in vain for over 350 years to verify it. Prizes were offered and many proofs were presented, all of them flawed. Finally, in 1993, British (10) mathematician Andrew Wiles announced that he had formulated a correct proof. Wiles' assertion was subsequently confirmed, stunning the mathematical world. His proof, which is 129 pages long, is extremely complex and relies on modern mathematical techniques unknown to Fermat. Wiles had worked on it in total secrecy for seven years, developing original tools along the way. So, whilst Fermat's (15) theorem has finally been proven, the question still remains: what was the proof that Fermat could not fit in the margin of his book, and was it correct?"
fall_2021,2,1,13-17,312,3,17,18.4,7.1,4.1,0.41,history,The human search for gold,chronological_narrative,False,,historical_date_anchor,last_fact,False,False,ok,"(1) Although no one knows exactly when gold was first discovered, we do know that it was one of the first metals used by man. Gold cups made as early as 3500 B.C.E. have been found by archaeologists at Ur in Mesopotamia (now Iraq). Gold jewelry from about the same period has also been found in Egyptian tombs. The shape and style of (5) these objects suggest that, at the time they were made, people had been working with gold for hundreds of years and had attained a high level of craftsmanship.

One of the reasons that gold is extremely valuable is because it is so hard to find in large quantities. People have spent much time and energy searching for gold; some have even tried to make it. During the Middle Ages, scientists called alchemists tried (10) to make gold from other metals. Although they were not successful, modern scientists have been able to produce gold from lead and mercury. However, making even small quantities of gold in this way is extremely expensive and so most of the gold we use still comes from the earth.

Of the many explorers who searched for gold, the Spanish conquistadores are (15) perhaps the best known. During the 1500s, they found the precious metal in the lands of the Aztecs and the Incas. Around this time, a legend emerged about the existence of a land where gold was supposedly as common as sand. This land was called El Dorado, meaning ""covered with gold"". Throughout the centuries, many tried to find El Dorado. Although no one ever did, people continued to dream of finding gold and becoming (20) rich. In the 1800s, discoveries of gold in California, Australia, Alaska and South Africa led to what were known as gold rushes; thousands of people from all over the world travelled to these places in the hope of fulfilling their dream."
fall_2021,2,2,18-22,271,3,14,19.4,12.1,7.9,0.79,biography,Gary Larson and The Far Side,expository_descriptive,False,,named_person,quotation,True,False,ok,"(1) Gary Larson is the creator of The Far Side, one of the most successful cartoons of all time. The comic was published for 15 years and, at the height of its popularity, was featured daily in 1,900 newspapers. It was printed either in black and white or color, but always in a single-frame format. Larson also published 22 Far Side books, 21 of (5) which became best sellers. These books have been translated into 17 languages, and 33 million copies have been sold worldwide. Larson's announcement in 1995 that he would no longer be drawing The Far Side was met with dismay by fans all over the world. What better accolade could there be to a cartoonist's wit and talent?

A humorous commentary on human nature and societal norms, The Far Side has (10) been described as offbeat, surreal, unsettling, and often dark. The cartoon presents an unconventional perspective on how people in Western society live, interact with one another, and treat animals and the environment. It is sometimes thought-provoking, offering insight into human behavior and suggesting that people are not as sophisticated and superior as they imagine themselves to be.

(15) In addition to being a celebrated cartoonist, Larson is a philanthropist who is deeply committed to two issues: conservation and animal rights. In 2006, Larson donated all the profits from sales of calendars featuring Far Side cartoons to Conservation International, an American environmental organization. He frequently speaks out in favor of animal rights, taking advantage of his fame to bring attention to the cause. (20) Larson once declared, ""I don't believe in hell, but if I did, I would think of it as filled with people who were cruel to animals."""
feb_2015,1,1,13-17,263,3,16,16.4,17.2,12.1,1.19,technology_engineering,"The ancient water clock, or clepsydra",expository_descriptive,False,,definition,last_fact,False,False,ok,"(1) The water clock was one of the earliest devices for measuring time. Unlike the sundial, it did not depend on the observation of the sun or other celestial bodies. The water clock appears to have originated in Egypt around 2000 B.C.E. and was later used in ancient Greece and Rome. The Greeks named the device clepsydra, meaning ""water (5) thief.""

A simple clepsydra consisted of a stone container with sloping sides and a small hole in the base through which water dripped at a constant rate. As the water level dropped, the passage of time was measured by means of markings on the inside walls of the container. The ""drip-drip"" of water from the bottom of the clepsydra was the (10) ancient forerunner of the ""tick-tock"" of today's clocks. More complex clepsydras were developed over time. One type had two containers, one inside the other. Time was measured as the inner container filled with water from the larger one inside which it was placed.

Between 100 B.C.E. and 500 C.E., horologists and astronomers developed more (15) sophisticated, mechanized water clocks. These devices regulated the water pressure in order to make the flow of water steadier. New ways were found to display time: ringing bells, pointers and dials, little doors and windows that opened and shut. One of the most remarkable clepsydras was built in China by imperial astronomer Su Sung in the eleventh century C.E. Over 10 meters tall, the clock tower featured an automatically rotating globe (20) and five front panels that opened to reveal a series of figures holding tablets indicating the hour."
feb_2015,1,2,18-22,250,3,13,19.2,15.9,10.3,1.46,life_science,Psychological enrichment for zoo animals,problem_then_explanation,True,however,scene,summary_restatement,False,False,ok,"(1) For five meerkats at the London Zoo, home is a tiny plot of rocks and sand. It is quite different from the southern African drylands, the natural home of these sociable little animals. In fact, life in London can be so dull that it sends the meerkats into long bouts of apathy.

(5) Lately, however, life has improved for the unhappy captives thanks to the installation of a 50-centimeter-long plastic pipe full of holes, suspended from the ceiling of the meerkats' cage. Inside the pipe is a mixture of sawdust and live mealworms. For the meerkats, this simple device brings a touch of excitement – it provides a satisfying hunt as well as a tasty meal. Visitors to the zoo also benefit: they are able to watch lively (10) animals instead of sleeping balls of fur.

The mealworm dispenser seems simple enough, but the concept behind it – putting some spice into the lives of zoo animals – is surprisingly recent. For decades, attempts have been made to keep caged monkeys and other primates occupied, but until recently little attention was paid to the psychological needs of other zoo animals. Two years (15) ago, the Zoological Society of London and the Federation for Animal Welfare decided to take a scientific look at the problem. As a result, the four veterinarians who take care of the animals' physical needs have been joined by Dr. David Sheperdson, who attends to their psychological well-being. His job is to make the meerkats and other animals in the London Zoo happier."
feb_2015,2,1,13-17,217,4,14,15.5,14.7,8.8,0.43,language_linguistics,Animal communication versus human language,comparison_of_two_things,False,,definition,summary_restatement,False,False,ok,"(1) Speech is a uniquely human activity, but many animals have their own ways of communicating. Bees indicate the locations of food sources by performing elaborate dances. Ants leave trails of chemicals for other ants to follow.

Certain qualities distinguish animal from human communication. Unlike human (5) language, animal communication is not abstract; it conveys information about specific events or physical objects. This concrete mode of communication can be used neither to think about time – past, present, or future – nor to communicate new ideas.

Many animals use sounds to communicate. Recordings of animal sounds made under natural conditions suggest that birds and mammals have ""vocabularies"" ranging (10) from five to thirty distinct calls. The small number of animal calls contrasts sharply with the thousands of words used in human speech. Most scientists believe that animal calls are primarily instinctive, automatic responses to certain situations – expressions of pleasure, alarm, warning, and so on. With rare exceptions, animal calls, unlike human vocabularies, are not learned, nor can they be applied to novel situations.

(15) Extensive research has been conducted in order to find out if apes can be taught symbolic language. Some studies indicate that this may be possible, but their conclusions are still subject to debate. In general, scientists agree that animal communication lacks the infinite flexibility and creativity of human language."
feb_2015,2,2,18-22,306,3,15,20.4,15.8,10.8,0.87,business_economics,Books bundled with Italian newspapers,expository_descriptive,False,,striking_fact,last_fact,False,False,ok,"(1) A recent article in the Financial Times showcased a highly successful marketing scheme aimed at increasing circulation in the Italian newspaper industry. Daily newspapers are now packaged together with a book. The cost of such a package is higher than that of a newspaper alone, but below what one would pay for a book in a bookshop. (5) This innovative marketing ploy was first devised in the 1990s, when Italian newspapers were suffering severe losses as a result of a decline in advertising. In an effort to increase sales, publishers offered a free CD or magazine with each paper. Later, however, the add-on products became high-quality books, including novels and volumes of poetry.

La Repubblica, which now sells about 630,000 papers a day, set the ball rolling by (10) issuing a series of 20th-century literary classics. The first book in the series was given away free, but subsequent volumes were sold with the newspaper at a discounted price. Public response exceeded all expectations and Corriere della Sera, which outsells La Repubblica by a margin of 50,000 copies a day, countered with its own series. Both newspapers have since issued collections of comic books, encyclopedias, art, poetry, and (15) history books. Other Italian nationals, including La Stampa, Il Messaggero, and Il Giornale, as well as an array of local newspapers, have imitated the promotion. ""Books have now become an essential supplement to newspapers,"" says Francesco Cesati of FIEG, the Italian newspaper publishers' association.

The venture has dramatically increased profits, enabling newspaper publishers to (20) enhance their products with colorful layouts and new formats. Moreover, the practice has turned the Italian book market on its head, transforming newspaper kiosks into small bookshops. According to Rosalba Rattalino, a researcher at a Milan-based think tank called Eurisko, these promotions have reached Italians who are unlikely to set foot in a bookshop, reigniting their interest in reading."
feb_2016,1,1,13-17,232,3,12,19.3,12.3,7.1,0.5,arts_literature,Blue Willow china and its legend,expository_descriptive,True,There is some dispute,striking_fact,summary_restatement,False,False,ok,"(1) Blue Willow china is perhaps the most famous and most popular tableware ever produced in Britain. Indeed, most British households boast at least a piece or two. The traditional blue-and-white dishes were first made in Staffordshire, England, in the late 1700s by the Caughley Porcelain company. The design has been attributed to Thomas (5) Minton, an apprentice engraver at Caughley. It features a large house, a bridge, and a pair of love birds above a willow tree and is said to be based on an old Chinese love story:

Long ago, the beautiful daughter of a wealthy man fell in love with a humble servant called Chang. Her father, who planned for her to marry a powerful duke, was (10) outraged. He dismissed Chang from service and built a high fence around his house to keep the lovers apart. His daughter, he declared, would wed the duke on the day that the first blossom fell from the willow tree. But on that day, the daughter and Chang fled, escaping across a bridge. When the father caught up with the couple, they were miraculously transformed into birds and fluttered beyond his reach.

(15) There is some dispute as to the authenticity of this tale: There are those who claim that Minton simply made it up in order to generate interest in his wares. Whatever the case may be, the love birds remain immortalized in blue-and-white porcelain."
feb_2016,1,2,18-22,313,5,12,26.1,16.3,12.7,1.83,anthropology_culture,The etiquette of the handshake,expository_descriptive,True,Yet,definition,quotation,False,False,ok,"(1) Though forms of greeting vary from culture to culture, the handshake is perhaps the most universal gesture used when two people meet. Yet, as attested to by the abundance of ""how-to"" guides available on the Internet, even this seemingly simple act can be carried out and understood in a myriad of ways.

(5) The finer points of how to shake hands are not a new concern. Emily Post, the legendary authority on good manners, addressed this subject in her 1922 manual, Etiquette in Society, in Business, in Politics, and at Home. Though much has changed in the world since Post's time, particularly with regard to the status of women, some of the points she makes still pertain:

(10) A handshake often creates a feeling of liking or of irritation between two strangers. Who does not dislike a ""boneless"" hand extended as though it were a spray of sea-weed, or a miniature boiled pudding? It is equally annoying to have one's hand clutched aloft in grotesque affectation and shaken violently sideways, as though it were being used to clean a spot out (15) of the atmosphere. What woman does not wince at the viselike grasp that cuts her rings into her flesh and temporarily paralyzes every finger?

The proper handshake is made briefly; but there should be a feeling of strength and warmth in the clasp, and, as in bowing, one should at the same time look into the countenance of the person whose hand one takes.

(20) In giving her hand to a foreigner, a married woman always relaxes her arm and fingers, as it is customary for him to lift her hand to his lips. But by a relaxed hand is not meant a wet rag; a hand should have life even though it be passive. A woman should always allow a man who is only an acquaintance to shake her hand; she should never shake his."
feb_2016,2,1,13-17,186,3,10,18.6,16.7,10.6,1.0,biography,Arnold Lobel's children's books,expository_descriptive,False,,named_person,quotation,True,False,ok,"(1) Arnold Lobel died in 1987, leaving behind a legacy of enduring and endearing children's books, including the beloved Frog and Toad series. Widely praised for their wit and wisdom, Lobel's books have been translated into many languages and are read throughout the world. Even today, over forty years after their initial publication, the (5) books continue to be reprinted, used in classrooms, and enjoyed by children everywhere.

Lobel had a unique ability to craft stories that appeal to children and parents alike. Though his language is simple and clear and his sentences short, Lobel's ""easy readers"" are nevertheless humorous, emotion-packed, insightful, and full of exuberant dialogue. (10) Furthermore, his quirky animal characters have very human personalities with a hint of both naivete and sophistication.

Lobel's illustrations were also highly original. There was, for example, a certain shade of green – slime green – that other artists would not go near, and yet Lobel used it to beautiful effect. Sometimes, the results of his creativity surprised even Lobel (15) himself. Some months before he died, he viewed the proofs for one of his last books and remarked: ""I can't believe I did this."""
feb_2016,2,2,18-22,295,3,14,21.1,14.8,8.7,1.14,business_economics,Decline of Ecuador's Panama hat weaving,problem_then_explanation,True,Sadly,striking_fact,last_fact,False,False,ok,"(1) Panama hats have graced the heads of Winston Churchill, Nikita Khrushchev, Humphrey Bogart and Michael Jordan, to name but a few. Hand-woven, handsome and of superior quality, Panama hats have been a symbol of elegance, luxury and style for over a century.

(5) In the town of Montecristi in Ecuador, one of the main centers of production, master craftsmen still ply their trade, creating the famous hats from straw. Depending on the thickness of the straw and the quality of the weave – standard, fine or superfine – it can take anywhere from a day to several months to make a Panama hat. The finest of them – Superfinos – can sell for hundreds or even thousands of dollars and are much sought (10) after by customers abroad. Sadly, the weavers are rarely compensated adequately, and the profits go to the foreign dealers who buy the hats from them for a pittance. Moreover, cheap, mass-produced straw hats abound. As a result, the industry has been in decline for several years. In Montecristi, where there were 2,000 master weavers just two generations ago, only 20 remain. The weavers, now in their 70s and 80s, shake (15) their heads when asked if their children are learning the trade. Because of Ecuador's recent economic crisis, many young people have left the area to look for better jobs elsewhere, and those who remain are not keen to learn the painstaking, backbreaking craft of fine weaving.

U.S. businessman Brent Black has taken upon himself the task of breathing new life (20) into the art of fine hat weaving in Montecristi. He believes the key to success is ensuring that the weavers earn a decent living from their craft. To this end, Black pays them significantly more than other dealers do and is rekindling the market with extensive advertising campaigns."
feb_2017,1,1,13-17,276,4,15,18.4,13.2,8.9,0.73,arts_literature,Robinson Crusoe and Alexander Selkirk,expository_descriptive,True,Most scholars believe,named_person,last_fact,False,False,ok,"(1) Daniel Defoe's adventure classic Robinson Crusoe (1719) tells the story of a headstrong English youth who goes to sea against his parents' wishes. Many years later, after a series of voyages and misfortunes, he ends up shipwrecked on an island off the coast of South America.

(5) Robinson Crusoe is stunned to discover that he is the ship's only survivor – apart from a dog and two cats – but he slowly begins to make a new life for himself. Having fetched tools and supplies from the ship before it sank, he builds himself a small house and learns to hunt, grow crops and raise goats. Crusoe keeps track of time by making marks on a piece of wood. Many years later he discovers another man on the island, (10) who becomes his loyal helper. One day a ship arrives and Crusoe sails back to England, having spent 28 years, 2 months and 19 days on the island.

Most scholars believe that Defoe based his main character on a young Scotsman of his day, Alexander Selkirk. Selkirk had run away to sea and joined a ship's crew. After quarrelling with the ship's captain, he asked to be put ashore on a small island. He lived (15) alone on the island for over four years before being rescued by another ship. Published accounts of Selkirk's adventures were widely read and Defoe would have been familiar with them. Using his vivid imagination, he elaborated on the facts to create a story of his own.

Defoe's Robinson Crusoe has been a favourite among children and adults alike (19) since it first appeared. Translated into dozens of languages, the novel continues to be (20) read by people around the world today."
feb_2017,1,2,18-22,334,4,18,18.6,19.0,15.3,1.83,environment,Starlings introduced to North America,chronological_narrative,True,Even bird lovers admit,historical_date_anchor,summary_restatement,False,False,ok,"(1) Towards the end of the nineteenth century, a wealthy manufacturer named Eugene Schieffelin released a hundred starlings into New York City's Central Park. At the time, he was chairman of the American Acclimatization Society, an organization dedicated to introducing European plants and animals into North America. His dream was to bring (5) to the United States every bird mentioned in the works of English playwright William Shakespeare.

For the first few years after they were set loose, the starlings rarely strayed beyond Central Park and the surrounding area. But then they began to spread their wings. Their range expanded, and by 1950 starlings could be found from coast to coast, as far (10) north as Canada's Hudson Bay and as far south as Mexico. As they adapted to climates as varied as those of snowy Alaska and subtropical Florida, their numbers surged. Today there are more than 200 million of them in North America.

Even bird lovers admit that starlings have become quite a problem. Apart from the fact that they reproduce with alarming vigor, starlings are known to attack bluebirds, (15) woodpeckers and other birds, often driving them out of their natural habitats. Furthermore, starlings are willing and able to eat anything. Roosting in hordes of up to a million, they can devour vast quantities of crops. A cloud of starlings has been known to gobble up 20 tons of potatoes in a single day. As one ornithologist notes, ""Starlings do nothing in moderation.'' The birds also wreak havoc with air traffic, sometimes with (20) tragic results. In 1960, an airplane that had just taken off from Boston's Logan Airport plummeted to the ground when a flock of 10,000 starlings flew into its path, crippling its engines.

Eugene Schieffelin's successful introduction of the starling into North America continues to haunt Americans to this day. As is so often the case when species are (25) imported across oceans and continents, Schieffelin was not thinking about possible long-term repercussions. His project and its aftermath are a good lesson on the consequences of meddling with nature."
feb_2017,2,1,13-17,275,3,18,15.3,13.3,9.6,0.56,history,The invention of standard time zones,problem_then_explanation,True,Not all countries embraced the idea immediately,historical_date_anchor,last_fact,False,False,ok,"(1) Until the late nineteenth century, timekeeping was a local matter. Most towns had a central clock that was set to twelve o'clock each afternoon when the sun reached its zenith. People would adjust their pocket watches and clocks to correspond to the time shown on their town's main clock. Travel between cities meant having to reset one's (5) pocket watch upon arrival. Once railroads began moving people rapidly across great distances, timekeeping became much more complicated. Because nearly every station had a different local time, preparing reliable train schedules was next to impossible.

In 1876, Sir Sandford Fleming, an engineer for the Canadian Pacific Railway, missed a train because of a flawed timetable. Forced to spend the night at the station, (10) Fleming determined to impose order where there was none by creating a universal standard time. Two years later, Fleming proposed a system of worldwide time zones much like the one used today. He divided the map of the world into 24 time zones, with a one-hour time difference between one zone and the next. Almost immediately, railroad companies adopted Fleming's principle of standard time zones.

(15) Fleming's idea was heralded by politicians and businessmen as a brilliant solution. In 1884, an international conference was held in Washington, D.C., to formalize the application of worldwide time zones. The conference established a prime meridian – a common point of reference from which all countries and regions would measure distances and time zones around the earth. Greenwich, England, was designated as this (20) point. Not all countries embraced the idea immediately. The U.S., for example, did not pass the Standard Time Act until 1918. Today, almost all countries use standard international time zones."
feb_2017,2,2,18-22,271,3,11,24.6,15.1,8.9,1.0,natural_science,Roentgen's discovery of X-rays,chronological_narrative,False,,historical_date_anchor,last_fact,True,False,ok,"(1) In November 1895, German physicist Wilhelm Conrad Röntgen was working in his laboratory, experimenting with different types of light and energy. Puzzled by a screen that appeared to be glowing for no reason, he spent weeks eating and sleeping in his lab, determined to identify the cause of this mysterious glow. The result was the discovery (5) of the X-ray, which earned him widespread recognition as well as the very first Nobel Prize in Physics, in 1901.

In a series of experiments, Röntgen discovered that X-rays could travel distances of several metres and could pass through materials such as cardboard, wood and human skin unimpeded, but could not penetrate denser materials such as lead, gold and, (10) perhaps more notably, bone. The stark images of Röntgen's first X-ray photographs, in particular a picture of his wife Anna Bertha's hand, clearly showing the bones and a ring on her finger, had a profound effect worldwide. Accounts and images of Röntgen's experiments appeared in almost every newspaper and scientific publication. Doctors quickly realised that this new photographic technique could help them look inside the (15) human body without surgery and, within weeks, were using X-rays to diagnose bone fractures and locate embedded bullets or swallowed objects.

Röntgen was a quiet, humble man. Though the remarkable discovery was officially named after him, he continued to use the term he came up with during the weeks of working in his lab. Using the common mathematical symbol for something unknown, (20) he referred to his discovery as X-rays. Moreover, he refused to patent his findings, convinced that his inventions and discoveries belonged to the world at large."
jul_2012,1,1,20-24,245,3,17,14.4,6.8,5.3,0.24,sports_leisure,Origins of the Monopoly board game,chronological_narrative,True,But,striking_fact,last_fact,False,False,ok,"(1) Monopoly, the best-selling board game in the world, is produced in 26 languages, including Croatian and Icelandic, and sold in 80 countries. But where did this game, in which players buy and sell property, come from? Monopoly dates back to 1904, when Elizabeth Magie, an American Quaker, created the Landlord's Game. Magie hoped that (5) her game would teach people about the evils of capitalism in an enjoyable way. Over the next few decades, homemade versions of the game were played in many parts of the United States. In each region, the game was adapted to include local place names.

One of the homemade games found its way into the hands of Charles Darrow from Germantown, Pennsylvania. In 1933, Darrow changed some of the rules, redesigned (10) the board, and called the game Monopoly. He then took it to Parker Brothers, a game manufacturer, hoping that the company would make and market it for him. Parker Brothers rejected his game, claiming that it had no less than 52 different problems. But Darrow did not give up. With help from a friend, he prepared 5,000 handmade copies of Monopoly and sold them to a store in Philadelphia. All 5,000 copies were snapped (15) up and the store asked for more. Knowing that he could not meet the demand, Darrow returned to Parker Brothers. This time he got a warmer reception.

In 1935, its first year of commercial production, Monopoly outsold all other games in the United States. Since then, an estimated 200 million copies have been sold worldwide."
jul_2012,1,2,25-29,315,4,18,17.5,18.0,9.2,0.78,anthropology_culture,Origins of India's sacred cow taboo,phenomenon_then_cause,True,However,striking_fact,last_fact,False,False,ok,"(1) India has an estimated 180 million cows – approximately one third of the world's cattle population. Hindus believe that cows are sacred; these animals are considered a symbol of motherhood and fertility, and killing them is forbidden. Flowers are hung around the necks of cows on Hindu festival days, and prayers are offered for those (5) that are sick. There are even government-run homes for aged cows. In many states with Hindu majorities, killing cows is against the law, and heavy fines are imposed on anyone who slaughters them. While people starve to death on the streets, cattle are lovingly cared for.

The Hindu taboo on killing cows is viewed by some Indians as highly irrational. (9) Some groups, the Muslims for example, feel it is their right to slaughter cows for food. In addition, some economists believe that the love of ""mother cow"" is damaging the country's economy.

The origin of this taboo is the subject of an ongoing debate. Some believe that it is religious because, according to early Hindu sacred texts, the cow played a part in certain (14) religious rituals. It has been suggested that, as a result, the killing of cattle became prohibited over the course of time. However, the slaughter of cattle is not expressly forbidden in any religious text; in fact, it is known that cows were once killed and eaten at Hindu festivals.

An alternative view of the development of the taboo has been advanced by (19) anthropologists who believe that the prohibition may have had some practical function. They point to the sudden population increase that occurred in India two centuries ago. At that time, forests were cut down to provide land for growing crops. Because of the resulting shortage of wood, cow droppings – which burn slowly and cleanly – became an important fuel. Even today, between 40 and 70 percent of all cow manure is used for (24) fuel; the rest is used as fertilizer."
jul_2012,2,1,20-24,232,3,13,17.8,19.1,14.2,1.23,arts_literature,Martha Graham's revolutionary modern dance,expository_descriptive,False,,named_person,summary_restatement,True,False,ok,"(1) Martha Graham is regarded by many as the twentieth century's most revolutionary dancer and choreographer. In the course of her seventy-year career, she experimented with a wide variety of styles and techniques, abandoning the traditional steps and smooth, ""effortless"" movements of classical ballet. Graham believed that dance, like (5) life, was all about work and made no attempt in her dances to hide the effort required to perform them. Instead of the straight legs and symmetry of classical ballet, Graham's dances incorporated bent legs and angular turns. Strong emotions, which she felt were an important part of dance, were expressed by means of jerky movements. The dancers would even fall to the floor, startling audiences who were accustomed to dancers (10) soaring through the air.

Graham also created new stage devices, such as moveable scenery and representational props, which later became commonplace in the world of dance. In her dances, the classical ballet dress was replaced by dramatic, long-skirted costumes or leotards. The latter had, until then, been worn only during dance practice. Graham was (15) also the first white choreographer to integrate African Americans into her dance troupe.

Martha Graham died at the age of 96, leaving behind a legacy of 180 dance pieces. As a teacher, she trained and inspired generations of dancers and choreographers. Her methods are still taught all over the world and have had a lasting influence on many schools of dance."
jul_2012,2,2,25-29,254,3,8,31.8,17.9,11.4,2.0,medicine_health,Umbilical cord blood stem cell banking,expository_descriptive,False,,striking_fact,last_fact,False,False,ok,"(1) Israeli parents who want an ""insurance policy"" against the eventuality of their children developing certain types of cancer or immune-system disorders can deposit a small amount of blood from their newborn's umbilical cord in a ""cryo-preservation bank"" in Jerusalem. Hadassah Hospital in Ein Kerem has opened the country's first (5) such facility. Several university hospitals and medical centers around the world have also established cryo-preservation banks, in which blood taken from the severed umbilical cord can be stored indefinitely.

This blood contains stem cells that can be used to strengthen an individual's immune system in the event that it has been harmed. In some cases, the bone marrow – which (10) contains stem cells and is an important part of the body's immune system – has been destroyed by the intensive chemotherapy used to treat people suffering from lymphoma or other cancers. In other cases, the immune system's functioning may have been impaired by diseases such as aplastic anemia. In situations such as these, the probability of successfully treating patients increases if they receive their own stem cells rather than a (15) donor's.

Professor Shimon Slavin, director of the national bone marrow transplant department at Hadassah and a world-famous expert in the field, recently stated: ""It is unfortunate that umbilical cords are discarded in the delivery room when, in fact, they can be extremely useful."" Not only can umbilical cord blood be used to treat the (20) person from whom it was taken, but there is a 50% chance that it can also be used to successfully treat that person's siblings."
jul_2015,1,1,13-17,194,2,12,16.2,18.6,12.2,1.17,music,Ella Fitzgerald's voice and career,expository_descriptive,True,Despite her fame,named_person,quotation,True,False,ok,"(1) Jazz legend Ella Fitzgerald was universally known as ""The First Lady of Song"". One of the world's most celebrated and accomplished female vocalists, Fitzgerald made her singing debut in 1934 at the age of 17. She went on to sell over forty million albums in a career that spanned sixty years, and was the recipient of countless accolades (5) that included fourteen Grammy awards. Despite her fame, Fitzgerald was shy and self-conscious offstage. It was only in the spotlight that she seemed totally at home. ""Up there, I felt the acceptance and love of my audience,"" she said.

Fitzgerald's voice was remarkable for its range, tone and versatility. She could sing anything from sultry ballads to sweet jazz, and could imitate every instrument in an (10) orchestra. She appeared with all the jazz greats, including Duke Ellington, Count Basie and Benny Goodman, and with silky-voiced crooners like Nat King Cole and Frank Sinatra. Everyone who ever worked with her agreed that she took music to new heights. A master of improvisation, her renditions were always innovative and surprising. ""I never knew how good my songs were until I heard Ella Fitzgerald sing them,"" composer (15) Ira Gershwin once remarked."
jul_2015,1,2,18-22,284,3,14,20.3,21.1,14.9,1.64,technology_engineering,Origami principles applied to car airbags,expository_descriptive,True,Recently,striking_fact,future_speculation,False,False,ok,"(1) Creating an animal from a single piece of paper is one of life's greatest pleasures. Few other activities are as accessible and rewarding as origami, the art of paper folding. Though paper was first made – and no doubt folded – in China in the first or second century CE, it was the Japanese who turned paper folding into an art form. The earliest (5) records of origami in Japan date to the Heian Period (794-1185), the golden age of Japan's nobility and a time of great artistic and cultural advances. Because paper was a rare commodity, origami remained a pastime for the elite, who passed the techniques down orally from generation to generation. It was only at the end of the 18th century that the first instruction manuals were published, bringing the joys of paper folding to a (10) wider audience.

Recently, origami has propelled itself into the realm of science. Physicist and engineer Robert J. Lang, who is also considered one of the world's greatest origami artists and designers, applied the principles of paper folding to a very practical subject: car airbags. In the event of a collision, airbags must expand completely in milliseconds (15) and provide firm enough support to prevent injury. It turns out that flattening a three-dimensional airbag so that it will fit into a steering wheel and inflate correctly on impact employs the same principles as folding a flat sheet of paper into a three-dimensional shape. Thanks to his expertise in origami, Lang determined how best to fold an airbag and ensure its effective deployment and operation.

(20) The possibilities of origami are endless. By digging deeper into the mathematics of origami and combining folding principles with engineering needs, scientists continue to innovate and invent."
jul_2015,2,1,13-17,211,3,11,19.2,14.4,9.6,1.09,life_science,The grunion's beach spawning ritual,expository_descriptive,False,,historical_date_anchor,last_fact,False,False,ok,"(1) The Spanish colonists who reached the coast of California in 1769 were told by the native peoples that when the moon is full, fish come out of the sea and dance on the beach. Though skeptical at first, the colonists soon witnessed this strange sight for themselves. The grunion, a species of fish native to the region, can still be seen on (5) southern California's sandy beaches on nights when the moon is full and the tide is especially high.

Grunion, unlike most other fish, come completely out of the water to spawn. Washed up by the high tide, the females bury themselves tail-first in the sand and lay their eggs. After the males fertilize the eggs, the grunion return to the ocean with the (10) next wave. The eggs remain hidden in the sand for nine or ten days, until the next tide high enough to reach them comes in. Then they hatch and the young grunion are swept out to sea.

Scientists cannot explain how or why the grunion's peculiar reproductive behavior developed. But everyone knows exactly when the grunion will come ashore. Crowds of (15) people gather on the beaches of California on certain nights of the year to watch the dance of the grunion by the light of the full moon."
jul_2015,2,2,18-22,309,3,14,22.1,13.7,9.2,0.86,arts_literature,Women writers using male pseudonyms,expository_descriptive,True,Nonetheless,striking_fact,last_fact,False,False,ok,"(1) Historically, female writers tended to find their careers hampered by prevailing social prejudices. To ensure that their work not be dismissed on the basis of gender, numerous women writers adopted male pseudonyms. A well-known instance of this was the decision of sisters Charlotte, Emily, and Anne Brontë to jointly publish a book (5) of poetry under the pen names Currer, Ellis, and Acton Bell. Only two copies of the 1846 book were sold, but several subsequent works released under these aliases received great acclaim.

Charlotte later explained that although she and her sisters were not comfortable assuming male names, they were afraid that publishers and readers would be biased (10) against women authors. Their fears were well founded: nineteenth-century English society was simply not accustomed to serious literature being produced by women. When Charlotte was twenty-one years old, she sent some of her poems to Robert Southey, England's poet laureate, and though he praised her talent, he discouraged her from trying to succeed professionally. ""Literature,"" he told her, ""cannot be the business (15) of a woman's life, and it ought not to be."" It was not until ten years later, after her novel Jane Eyre was published to immediate praise, that Charlotte revealed her true identity and took her rightful place among the illustrious writers of her day.

Since the time of the Brontës, women have risen to prominence in the field of literature. Nonetheless, certain preconceptions still remain. Consider the example of (20) Joanne Rowling, who was told by her London publisher that boys might not want to read a fantasy book about a school for wizards if they knew it was written by a woman. Harry Potter and the Philosopher's Stone, which appeared in 1997 under the name J.K. Rowling, became a phenomenal success. It was followed by other books in the bestselling series, and Joanne Rowling became a literary icon."
jul_2016,1,1,13-17,284,4,17,16.7,8.4,7.3,0.59,biography,"Monowi, the town with one resident",expository_descriptive,False,,scene,quotation,True,False,ok,"(1) The sign on the highway outside of Monowi, Nebraska, reads ""Monowi, Population 1"". Indeed, the town is one of a handful of places in the United States with only one resident. The lone inhabitant of Monowi is Elsie Eiler, a woman in her eighties. She serves as the mayor and librarian and is also the only taxpayer – her taxes (5) cover the cost of the town's four street lights.

To earn a living, Elsie runs the Monowi Tavern, which is open for a few hours most evenings. Her regular customers, who live in nearby towns or on farms in the area, make the drive to Monowi to have a drink or a bite to eat and to enjoy the owner's company. The tavern's sign offers visitors the ""coldest beer in town"" – not a hard (10) promise to keep.

Founded in 1902, Monowi has always been a tiny town. Even at its peak in the 1930s, the population never exceeded 150. The town's economy depended on the railway. The trains carried local farmers' produce to city markets and brought goods to Monowi. Over the years, young people began leaving to seek better employment (15) opportunities elsewhere. By the 1970s, the population had dwindled to such an extent that the railway decided to discontinue its service to the town. As a result, the town grew even smaller, until it was eventually reduced to two residents: Elsie and her husband, Rudy.

After Rudy died in 2004, Elsie took his 5,000-book collection and created a library (20) in his memory. The library's patrons, like the tavern's customers, come from the surrounding area. Today, Elsie keeps busy with her various tasks and when asked if she would consider moving away from Monowi, she replies simply: ""It's home."""
jul_2016,1,2,18-22,257,3,13,19.8,22.3,15.1,1.38,life_science,Life around deep-sea hydrothermal vents,debunking_a_belief,True,But,definition,last_fact,False,False,ok,"(1) Sunlight is crucial to most of the food chains on Earth. The vast majority of plants produce food for themselves – and, indirectly, for the animals that feed on them – by a process called photosynthesis, which is driven by sunlight's energy. Therefore, scientists had long believed that nothing could survive in the ocean's darkest depths, (5) beyond the reach of the sun's rays. But in 1977, new technology allowed geologists to conduct research on the Pacific Ocean floor near the Galapagos Islands, where they discovered a previously unknown type of ecosystem.

The life forms they observed were found in close proximity to a hydrothermal vent – an opening from which water heated by volcanic activity beneath the seabed (10) gushes out into the cold ocean water. The heated water carries hydrogen sulfide and other chemicals that would be poisonous to creatures living in most environments. However, life forms around the vent flourish, thanks to the tiniest organisms there: bacteria. The bacteria convert the toxic chemicals into the food they need in a process known as chemosynthesis.

(15) The entire ecosystem's food chain relies on this process. The creatures living near the hydrothermal vents feed on the bacteria. One of the most abundant and remarkable of these vent-dwelling creatures is the giant tube worm. For sustenance, the tube worm is completely dependent on the bacteria, which it ingests early in its life. Because it lacks a digestive system and has a mouth that disappears as it grows older, it relies on (20) the built-in food supply provided by the bacteria, which live inside its body."
jul_2016,2,1,13-17,244,4,12,20.3,16.4,13.8,1.92,medicine_health,Beer drinking attracts malaria mosquitoes,phenomenon_then_cause,True,not as trivial as it may seem,striking_fact,last_fact,False,False,ok,"(1) Malaria, which is transmitted mainly by female Anopheles gambiae mosquitoes, claims approximately a million lives each year, mostly in Africa. Scientists around the world continue to study all aspects of the disease in the hope of eradicating it. One research team investigated malaria from an unusual angle and found that the mosquitoes (5) are rather choosy about whose blood they feed on: they are more likely to bite humans who have been drinking beer.

The discovery was made during an experiment conducted in Burkina Faso, West Africa, by scientists from the IRD Research Center in Montpellier, France. Some volunteers were asked to drink a liter of dolo, the local beer, and others to drink a liter (10) of water. Then, under controlled conditions, the researchers observed and recorded which group of volunteers attracted more Anopheles gambiae mosquitoes. The beer drinkers proved more attractive to the mosquitoes than the water drinkers.

The scientists suggest two explanations for the attraction of mosquitoes to beer drinkers. The first is that mosquitoes might be drawn to people who have imbibed (15) alcohol by the smell they emit. A second possibility is that mosquitoes have developed this preference because people under the influence of alcohol are slower to swat at the bloodsucking insects.

The focus of the French researchers' study is not as trivial as it may seem. The fact that beer-drinking increases susceptibility to mosquito bites is particularly disturbing (20) given that alcohol consumption is on the rise in many malaria-infested regions."
jul_2016,2,2,18-22,339,4,19,17.8,14.5,10.4,0.89,business_economics,Henry Ford's failed Amazon rubber town,problem_then_explanation,True,The project was doomed to failure,historical_date_anchor,irony_or_twist,False,False,ok,"(1) In the early 20th century, industrialist Henry Ford revolutionized American society by mass producing low-priced automobiles. In 1927, Ford, who was always trying to cut costs, came up with the idea of producing the rubber required for his cars himself rather than relying on suppliers. He envisioned a giant rubber plantation in the heart of (5) the Amazon rainforest that would not only meet his company's rubber needs, but also provide an ideal living environment for his employees. In exchange for a percentage of the anticipated profits, the Brazilian government gave Ford a huge piece of land on which he built ""Fordlandia"" in 1928.

The project was doomed to failure. Notoriously mistrustful of experts, Ford (10) neglected to hire a single horticulturalist, agronomist, microbiologist, or botanist. As a result, there was no one to advise him about cultivating rubber trees or protecting them from insects and diseases native to the region. Thousands of rubber trees were planted too close together, creating conditions that allowed caterpillars to thrive and destroy the trees.

(15) Fordlandia was a flop in more ways than one. Ford, believing that he was providing his workers with the best of everything, built an entire American-style town, complete with schools, hospitals, restaurants, and shops. Unfortunately, Ford did not take the cultural divide into account: much about the town was unsuited to the culture of the local Brazilian laborers he employed. For example, Ford enforced U.S. Prohibition (20) laws, though drinking was legal in Brazil. In addition, the workers found it very hard to work from 6 AM until 3 PM, without their customary break during the hottest midday hours. The Americans who managed the plantation fared no better. They could not adjust to the heat and humidity of the jungle.

Over a period of 17 years, Ford invested $20 million in Fordlandia. In the end, he (25) sold the plantation to the Brazilian government for a mere one percent of that sum. Even more telling is that not a single bit of rubber grown on the plantation was ever used in the manufacture of a Ford automobile."
jul_2017,1,1,13-17,249,2,13,19.2,7.7,6.8,0.62,business_economics,Colombia's cut-flower export industry,chronological_narrative,False,,historical_date_anchor,last_fact,False,False,ok,"(1) In 1967, David Cheever, an American graduate student in horticulture, wrote a research paper in which he suggested the idea of growing flowers in Colombia, South America, for export to the U.S. He noted that the area around the city of Bogotá was ideal for cultivating the carnations, roses, and chrysanthemums that are so popular (5) with U.S. buyers. Bogotá is located high in the Andes Mountains, close to both the Pacific Ocean and the Caribbean Sea, and not far from the equator. Because of this, as Cheever pointed out, the climate is pleasant all year round, temperatures do not vary much, and there are about twelve hours of sunlight every day. The soil is good for growing plants and there is plenty of water. Furthermore, Bogotá is just a three-hour (10) flight away from the U.S. – close enough for cut flowers to arrive in perfect condition.

Cheever decided to make his idea a reality. In 1969, he moved to Colombia and started a flower-growing business called Floramérica. He used modern production methods in his greenhouses and created an efficient system for transporting the flowers to Bogotá's El Dorado International Airport. Cheever's research paper and his business (15) efforts started something of an economic revolution in Colombia. By 1974, another ten flower-growing companies had opened; together, they exported $16 million worth of cut flowers to the U.S. Today, the Colombian flower industry is second only to that of the Netherlands, shipping abroad more than $1 billion worth of blooms every year."
jul_2017,1,2,18-22,349,3,16,21.8,13.7,8.8,0.88,arts_literature,The unexplained riddle in Thoreau's Walden,problem_then_explanation,True,However,named_person,open_question,False,False,ok,"(1) Walden, by Henry David Thoreau, is a classic of American literature. Published in 1854, this slim volume describes the author's experiences during the two-year period he spent living in a cabin on the shores of Walden Pond. Disgusted by the shallow materialism of society, Thoreau had decided to retreat to the woods and live off the land. (5) In Walden, he shares with readers details of his day-to-day life, descriptions of the magnificent natural surroundings, as well as the tenets of his unconventional personal philosophy. Thoreau believed that one should live a simple, meaningful life and eschew the pursuit of material wealth. He also advocated remaining true to one's conscience and, when necessary, rejecting the norms and expectations of society.

(10) Walden has been studied in depth and analyzed in detail, perhaps because the philosophy Thoreau espoused and the profoundly spiritual nature of the text speak to many people's hearts. Readers have also appreciated the author's masterful way with language. However, parts of Walden are difficult to understand. Scholars, for example, continue to puzzle over a line from the first chapter, where Thoreau writes: ""I long ago (15) lost a hound, a bay horse, and a turtledove, and am still on their trail."" Thoreau owned neither a dog nor a horse, not to mention a wild pigeon, so what could this sentence possibly be referring to?

There have been numerous conjectures, all based on the assumption that Thoreau was speaking in metaphor. It has been pointed out that animal symbols of this kind are (20) common in classical Chinese works, with which Thoreau was familiar. One possibility is that the three animals represent, respectively, a former friend of Thoreau's, a brother of his who had died, and a woman he had once loved. Alternatively, they may stand for the ideals of truth, goodness, and beauty. When Thoreau was asked what he meant, he answered briefly, ""I suppose we all have our losses."" This cryptic answer has itself (25) given rise to speculation among scholars. Some claim Thoreau was evading the question, while others maintain that he was referring to the universal experience of loss itself."
jul_2017,2,1,13-17,220,3,14,15.7,13.2,9.1,0.57,natural_science,The four forms of pure carbon,expository_descriptive,False,,definition,last_fact,False,False,ok,"(1) Carbon, the sixth most common chemical element on earth, is part of all living things. Combined with other elements, carbon is found in all plants and animals, as well as in the products that are made from them, including gasoline, food, paper, and cloth.

The two main types of pure carbon, graphite and diamond, are very different from (5) one another. While the former is a soft substance, the latter is one of the hardest in existence. This difference is a result of their distinct molecular structures. The carbon atoms in graphite molecules are arranged in flat sheets, one on top of another. This makes graphite soft and slippery. In diamond, however, each carbon atom is attached to four others, making it very hard.

(10) In the 1980s and 1990s, two more kinds of pure carbon were discovered. The carbon atoms of the first, the nanotube, are arranged in the form of a cylinder. The second type is made up of a large number of carbon atoms – sometimes even hundreds. These atoms form a hollow sphere with many five- or six-sided surfaces, shaped very much like a soccer ball. The scientists who discovered this form of carbon were (15) reminded of the unusual buildings designed by an architect named R. Buckminster Fuller. They named the new carbon ""fullerene"" and nicknamed the molecules ""buckyballs""."
jul_2017,2,2,18-22,236,3,12,19.7,14.9,10.4,0.75,life_science,"Mass bird deaths over Beebe, Arkansas",phenomenon_then_cause,True,not really that unusual,historical_date_anchor,quotation,False,False,ok,"(1) On New Year's Eve 2011, residents of the small town of Beebe, Arkansas, were astonished to witness some three thousand birds falling from the sky. Official sources – among them the Arkansas Game and Fish Commission – speculated that the birds might have been killed by lightning, high-altitude hail, or possibly even fireworks. Laboratory (5) examinations revealed that the birds had died on impact with the ground or each other; no sign of poison or disease was found.

Alternative explanations for the freak phenomenon were quick to emerge, each one more outlandish than the next. From military testing, to alien experiments, to terrorist activity, the theories abounded. Some interpreted the falling of the birds as an omen of (10) the apocalypse – proof that our days on the planet are numbered. The mystery deepened when, exactly one year later, the same thing happened again in Beebe, albeit on a smaller scale.

Such events, although disturbing, are not really that unusual. Mass deaths of birds and fish have been reported in many different places over the last two centuries. A (15) researcher named Charles Fort, for example, described dozens of such incidents in the second half of the nineteenth and the beginning of the twentieth centuries. Although there is probably a rational explanation for these peculiar occurrences, we may never discover it. There are some things, to borrow a phrase from Winston Churchill, that are ""a riddle wrapped in a mystery inside an enigma""."
oct_2014,1,1,13-17,315,4,15,21.0,6.8,4.2,0.4,social_science,How parents choose a baby's name,expository_descriptive,True,But,striking_fact,last_fact,False,False,ok,"(1) One of the problems faced by many parents before the birth of a child is deciding what the child's name will be. Everyone wants to find the perfect name: one that will be special, but not too unusual; easy to remember, but not too common. Following several simple guidelines may make the choice of a name easier.

(5) First, names for children should be chosen by both parents together. Although this may seem easy, couples are often surprised by how much they disagree and how bitterly they argue over this issue. Michelle Brady, who has a two-year-old daughter, recounts: ""Because my husband and I are so alike in our tastes, I never thought that agreeing on a name would be such a big problem. But he thought my suggestions – Caesar (10) Alexander, Victoria Somer – were too weird, and I thought that his suggestions – David, Mary, Kevin – were too boring. It took us six months to find a name that we both liked!"" Michelle's story also emphasizes the importance of starting to look for names several months before the baby is born.

Many parents want to give their children fashionable names: names that are (15) relatively new and different but also popular. To find out what these names are, they can talk to other parents or simply listen to the names called out in the neighborhood playground. Most children like having popular names because this makes them feel popular.

More and more parents these days want to find an unusual spelling for their child's (20) name. But trying to be too original can create big problems for children. First of all, they will go through life constantly having to correct the way people spell and pronounce their name. More important, as a study at the University of California found, people whose names have traditional spellings are considered more successful, popular, and even cheerful than those whose names have unusual spellings."
oct_2014,1,2,18-22,310,3,11,28.2,23.0,18.0,1.73,life_science,The mysterious giant squid,expository_descriptive,True,Although,definition,last_fact,False,False,ok,"(1) The giant squid has been known by many names – devil fish, Scylla, gigantic cuttlefish and Architeuthis, among others. The creature itself is the stuff of nightmares, with tentacles up to 13 meters long, chromatophores that allow the animal to change its skin color instantly, and lidless eyes the size of dinner plates – the largest of any animal. (5) In folklore, its monstrous tentacles (ten of them, unlike the eight of the octopus) emerge suddenly out of the depths to drag unsuspecting sailors, even entire ships, to a watery doom. And though giant squid occasionally wash up dead on the beaches of Newfoundland, New Zealand, and Norway, to this day nobody has ever seen one alive in the water. Architeuthis remains one of the most mysterious, and haunting, members (10) of the animal kingdom.

A recently published book, The Search for the Giant Squid by Richard Ellis, conveys much of the horror and mystery associated with this marine monster. Ellis is a marine painter and self-described cryptozoologist, or ""student of hidden and unknown animals."" In 1995, he published Monsters of the Sea, which explored stories and (15) legends about sharks, whales, mermaids, squid, and other strange ocean creatures, both real and fictional. Subsequently, he became obsessed with Architeuthis, and the product of his obsession is sure to enthrall – as well as appall – readers of all ages.

In one unforgettable chapter, Ellis describes the fierce battles presumed to take place between sperm whales and giant squid in the ocean's depths. Although the battle (20) descriptions themselves have little scientific validity, they are based on an undeniable fact: sperm whales consume enormous quantities of giant squid. In fact, according to Ellis, scientists who have analyzed the stomach contents of beached sperm whales estimate that the total weight of giant squid eaten every year by these whales is greater than the combined weight of all the human beings on earth."
oct_2014,2,1,13-17,320,5,20,16.0,9.4,5.8,0.3,biography,Stephen Crane's short dramatic life,expository_descriptive,True,Crane did the opposite,striking_fact,quotation,True,False,ok,"(1) Most Americans are familiar with a novel called The Red Badge of Courage, which tells the story of a soldier in the American Civil War. Published a hundred years ago, it is universally recognized as a classic, but most people do not know much about the short, dramatic life of the man who wrote it.

(5) Stephen Crane's life was as eventful as his fiction. He lived as a penniless bohemian in New York City and then became famous, virtually overnight. He was a close friend of some of the greatest writers of his day, including Joseph Conrad, Henry James and H. G. Wells, entertaining them at his huge medieval mansion in England. He accumulated crushing debts. Along the way, he wrote enough to fill twelve volumes of collected (10) works – all before dying of tuberculosis at the age of 28.

Most authors write about their experiences. Crane did the opposite: he tried to experience what he had already written about. He began The Red Badge of Courage at the age of 21, before he had been anywhere near a battlefield. A few years later, he became a daring war correspondent in Cuba. He wrote about a prostitute, then fell in (15) love with one.

From the very beginning, Crane's life was marked by tragedy. Born in Newark, New Jersey, in 1871, he was the fourteenth child of a 45-year-old woman whose four previous children had all died within a year of birth. When he was seven years old, his father died. His sister Agnes, who had encouraged his early literary interests, died when (20) he was twelve.

As a teenager, Crane rebelled against the strict rules of his Methodist family. At the age of sixteen, he shocked people by buying beer and drinking it in public. Explaining his actions to a friend, Crane asked a question that sums up his entire life: ""How are you going to know about things at all unless you do them?"""
oct_2014,2,2,18-22,276,3,12,23.0,16.0,8.2,0.58,business_economics,American cigarette exports to East Asia,phenomenon_then_cause,True,"Surprisingly, however",striking_fact,quotation,False,False,ok,"(1) For the past fifteen years, largely as a result of vigorous campaigning by anti-smoking activists, there has been a steady decline in cigarette consumption in the United States. Given this trend, one would expect American cigarette companies to be suffering heavy financial losses. Surprisingly, however, they are not. Thanks to foreign (5) sales, especially in East Asian countries, these companies are now making larger profits than ever before. In fact, the market for American cigarettes keeps growing as more and more people in East Asia begin to smoke American cigarettes, which have come to symbolize wealth and sophistication.

The fact that so many Asians now smoke American cigarettes is mostly due to (10) the efforts of the U.S. government. In response to the demands of American cigarette companies, the U.S. government exerted enormous pressure on countries such as China, Japan, South Korea and Taiwan to open their markets to American cigarettes by eliminating import tariffs and lowering cigarette taxes. Thus, an ironic situation has arisen in which one government agency – the Department of Health and Human (15) Services – is warning Americans about the dangers of smoking, while another – the Department of Commerce – is helping the cigarette industry encourage foreigners to smoke.

Anti-smoking activists in the United States are outraged and have begun to mount protests in countries where American cigarettes are widely marketed. C. Everett Koop, (20) former Surgeon General of the United States, says: ""It is shameful that this country is exporting disease, disability and death by selling our cigarettes to the world. What the companies are doing is shocking, but even more appalling is the fact that our own government is helping to make it possible."""
oct_2015,1,1,13-17,246,3,13,18.9,13.3,5.2,0.54,history,The history of cats and humans,chronological_narrative,True,however,striking_fact,last_fact,False,False,ok,"(1) Cats are the most common house pets in the world. They are popular not only because of their beauty and charm, but also because they need less care and attention than some other pets. Many people keep cats because they chase away mice, rats, and other small animals, a behavior carried over from the days when all cats were wild.

(5) The modern house cat probably evolved from the wild North African species Felis silvestris libyca. Over time, wild cats wandered into human settlements looking for food, and people began to take care of them. The earliest evidence of this is an Egyptian tomb dating back to 1900 BCE, which was found to contain the bones of several cats along with little pots for milk. Paintings of family life from around 1600 (10) BCE include cats, indicating that they were, by that time, considered household pets. Eventually, cats were brought to Greece and Rome and then to India, the Far East, and the Americas.

Cats have not always been loved, however. In medieval Europe, for example, they were feared and hated by people who believed that cats were evil and had magical (15) powers. Hundreds of thousands of cats were killed along with their owners, who were suspected of practicing witchcraft. By the fourteenth century, there were few cats left in the streets of Europe's towns and cities. As a result, rats ran about freely, spreading deadly diseases such as the Black Plague, which caused the deaths of twenty-five million people."
oct_2015,1,2,18-22,266,2,14,19.0,15.9,12.6,0.79,history,Ping pong diplomacy with China,chronological_narrative,True,In the late 1960s,historical_date_anchor,summary_restatement,False,False,ok,"(1) The People's Republic of China (PRC) was established in 1949. For the first two decades of its existence, the communist PRC maintained a hostile stance towards the United States, which it considered an ""imperialist enemy of the people"". The US, in turn, was extremely suspicious and fearful of Communist China and its alliance with the (5) Soviet Union. In the 1950s and 1960s, this rivalry escalated into outright military engagement on the Korean and Vietnamese fronts, respectively. In both cases, China supported communist troops who were at odds with US-backed anti-communist forces.

In the late 1960s, as China's relations with the Soviet Union became increasingly strained, both China and the US came to realize that formal diplomatic relations could (10) be mutually advantageous. At the 1971 World Table Tennis Championships in Nagoya, Japan, an improbable means of breaching the divide presented itself. When Glenn Cowan, the star of the American ping pong team, missed his team's bus, he was given a ride by the Chinese team. Along the way, China's leading player, Zhuang Zedong, gave Cowan a souvenir from China. The next day, photographers were on hand when Cowan (15) reciprocated. Pictures of the two men flashed around the world. Chinese leader Mao Zedong saw them and, recognizing the public relations potential, he decided to invite the US table tennis team members to visit China. In April 1971, the first Americans allowed into the PRC played a series of friendly matches with their Chinese counterparts. The US and China subsequently initiated trade relations and in 1972, (20) President Richard Nixon visited China – the culmination of a process that the media dubbed ""ping pong diplomacy""."
oct_2015,2,1,13-17,323,3,17,19.0,12.3,7.6,0.82,biography,Allen Lane and Penguin Books,chronological_narrative,True,However,historical_date_anchor,summary_restatement,True,False,ok,"(1) In 1935, a new kind of book appeared that revolutionised the way people bought – and thought about – books. It was the brainchild of Allen Lane, director of the Bodley Head, a small British publishing company. One day, while waiting for a train, Lane went over to the station's bookstall in the hope of finding something to read. (5) Disappointed by the poor selection, he realised that fine literature was sold only in well-established, expensive bookstores. Cheap paperback books did exist, but their low price was matched by the poor quality of their content and production. Convinced that people should be able ""to acquire excellent reading in a quality format for no more than the price of a pack of cigarettes"", Lane determined to make the best writing in the world (10) both accessible and affordable. Penguin Books was thus born.

The first books, featuring the company's dignified yet playful penguin logo on their front cover and spine, came on the market the very next summer. Among them were works by such respected authors as Ernest Hemingway and Agatha Christie. The colours of the book covers indicated the different categories of literature: orange for (15) general fiction, green for crime and mystery, and blue for biography. The books were sold not only in bookshops, but also in department stores and railroad station bookstalls. Moreover, in keeping with Lane's philosophy, they cost just sixpence apiece – the same as a pack of cigarettes. At first, there were doubts as to whether the low price would cover production costs. However, the fledgling company sold a staggering three million (20) books within the first twelve months, turning a substantial profit.

Few publishers become legendary; Allen Lane, considered by some the greatest publisher of the twentieth century, is one who did. His Penguins are, to this day, the most readily available and recognisable books in the world. Almost single-handedly, Lane shaped the intellectual and cultural landscape of the reading public in the (25) twentieth century."
oct_2015,2,2,18-22,319,4,17,18.8,15.9,11.6,0.94,medicine_health,Whether Diet Coke is addictive,phenomenon_then_cause,True,Even if it is an addiction,striking_fact,last_fact,False,False,ok,"(1) Coca-Cola is the best-selling soft drink in the world today. Among the legions of Coke lovers, a large number drink Diet Coke, the artificially sweetened version of the product. Some people opt for Diet Coke because they want to limit their intake of calories, while others simply prefer its taste. Diet Coke is currently the most popular of (5) all sugar-free soft drinks.

In recent years, there has been concern that many fans of this beverage are actually addicted to it. An Internet search for ""Diet Coke addiction"" turns up a long list of pleas for help by two-liter-plus-a-day drinkers who cannot break the habit, as well as sympathetic advice from those who finally did. The addicts complain of intense, even (10) obsessive, cravings that can only be satisfied by ever-increasing amounts of the drink. They become tired and irritable if they do not get Diet Coke when they want it and experience other withdrawal symptoms, such as severe headaches, if they have to go without it for a few days.

What is it, then, that makes Diet Coke so hard to let go of? The beverage's main (15) ingredients all contribute to the phenomenon. For one thing, it is a carbonated drink and, although such drinks are not known to be physically addictive, their bubbly texture is irresistible to some people. In addition, sweet food and drinks of any kind hold a powerful attraction and are habit-forming for many. Still more significantly, Diet Coke – like all cola drinks – contains caffeine, a stimulant that is known to be addictive. (20) Finally, many studies suggest that aspartame, the artificial sweetener used in the product, is also addictive.

Even if it is an addiction, is it such a bad one? Diet Coke enthusiasts argue that, unlike cigarettes or alcohol, their habit provides pleasure without any downside. Critics of the drink disagree: they stress that almost all the substances it contains can cause (25) long-term health problems."
psy_autumn_2023,1,1,13-17,317,4,15,21.1,18.6,14.7,1.47,language_linguistics,Vervet monkey alarm calls as language,expository_descriptive,False,,historical_date_anchor,irony_or_twist,False,False,ok,"(1) In the past century, scientists have attempted to establish whether the vocal communication systems used by animals constitute language. The vocalizations of apes and monkeys have been a particular focus of study. Dorothy Cheney and Robert Seyfarth, for example, engaged in a long-running investigation of the vervet, a small (5) African monkey.

Although other monkeys possess more advanced communication skills, Cheney and Seyfarth chose to study the vervet for several reasons. For one thing, it is possible to record the tiniest details of vervet life in the wild because each troop of vervets inhabits a relatively small area and rarely leaves that territory. Cheney and Seyfarth (10) were also intrigued by the distinctive warning sounds vervets make when their territory is invaded.

Cheney and Seyfarth's research showed that vervets respond to each of their three main predators – snakes, eagles, and leopards – with a different sound and survival strategy. When a vervet senses the presence of a snake, it makes a particular call; the (15) other vervets stand up on their hind legs and prepare to attack the snake as a group. When an eagle flies overhead, a vervet emits a different cry, one that causes all the vervets in the area to run and hide in low-lying bushes. When the leopard alarm is sounded, the vervets climb high in the trees, where the leopard cannot follow. Were the monkeys to make the wrong sound when a leopard approaches – and hide in the bushes (20) instead of the trees – the result would be disastrous. Three enemies, three cries, and three modes of action.

Cheney and Seyfarth also found that vervets exhibit a behavior generally thought to be exclusively human: telling a lie. They observed that when two troops of vervets are fighting, one of the animals from the weaker troop will suddenly scream out the ""word"" (25) for leopard. All the monkeys then scatter for the trees, leaving the fight for another day."
psy_autumn_2023,1,2,18-22,346,6,21,16.5,11.9,8.9,0.71,arts_literature,Detecting fake van Gogh paintings,problem_then_explanation,True,At least this is the theory,named_person,last_fact,False,False,ok,"(1) When Vincent van Gogh died at the age of 37 in 1890, his entire working life as an artist had spanned only ten years. In that time, he had managed to produce 879 paintings and 1,245 drawings.

It has now been suggested that several dozen ""van Goghs"" are actually fakes, created (5) by some of his contemporaries. This suggestion has enormous financial, as well as scholarly, implications: paintings by van Gogh command higher prices than those by almost any other artist.

A fake is an imitation of an artist's work that is presented as genuine. Some of the paintings now masquerading as van Goghs may have been innocent imitations made by (10) other artists who admired his style. Some paintings may look like van Goghs because van Gogh himself adopted an Impressionist style that was very popular at the time. Such paintings became fakes only when the signature ""Vincent"" was later added to them. There are also out-and-out fakes, painted for the purpose of deception.

How can we judge the authenticity of a painting? The time-honored method of (15) recognizing fakes is to use one's eyes. The sweep of an artist's hand is highly individual. Brushstrokes are like handwriting and, just as forged documents can be recognized by a handwriting expert, forged paintings can be recognized by painting connoisseurs. At least this is the theory.

In fact, van Gogh was a highly experimental artist who was constantly trying out (20) different styles. He also suffered from severe mental illness, which often affected the way he painted. Furthermore, he himself made many copies and versions of his own work.

Even those who consider themselves van Gogh experts argue vigorously about which paintings are fakes. One of the most famous of the disputed van Goghs is a (25) painting called Sunflowers, sold to a Japanese company in 1987 for 25 million pounds – then a world record for any work of art. This painting, like other suspect van Goghs, may have been created by van Gogh's friend Emile Schuffenecker or by Dr. Paul Gachet, the doctor who treated van Gogh's mental illness for the last two years of his life."
psy_autumn_2023,2,1,13-17,287,4,15,19.1,16.3,11.9,1.53,history,Collapse of the Greenland Norse colony,phenomenon_then_cause,True,Unfortunately,historical_date_anchor,last_fact,False,False,ok,"(1) More than a thousand years ago, the Norse peoples of Scandinavia set sail to establish colonies in distant lands. Success depended on a combination of good fortune, hard work, and the ability to adapt to a new environment. The Norsemen who sailed to Greenland believed that they were coming to a land of green pastures and fertile soil (5) where they could establish farms like those they had left in Scandinavia. However, upon arrival, they discovered that the name Greenland was a misnomer: there were few large fields, pasturelands, or forests. Nonetheless, the Greenland Norse worked hard, and for quite a time the colony prospered. They raised cattle, sheep, and goats, and built ships for fishing and for hunting whales and walruses.

(10) Unfortunately, the Norse failed to recognize that their way of life would prove unsustainable in Greenland. In time, the animals that they raised depleted the region's sparse grasslands and the herds began to dwindle. Their farmland became less fertile from overcultivation. In addition, the trees that were cut down for firewood and shipbuilding were not replaced and, in their absence, the soil eroded.

(15) But the fate of the Greenland Norse was sealed by a factor completely beyond their control. Their arrival in Greenland coincided with a long period of unusually clement weather, but eventually the climate reverted to its former harshness. The build-up of sea ice made it virtually impossible for the Norsemen to launch their large wooden boats in order to fish.

(20) In the end, the Norsemen began in desperation to adapt their diet, homes, and way of life to their surroundings, but it was too little too late. After five hundred years, their numbers shrank until nothing remained of the Norse settlement in Greenland."
psy_autumn_2023,2,2,18-22,391,4,23,17.0,17.9,13.1,0.87,environment,Utah's Bonneville Salt Flats,expository_descriptive,True,Like other natural sites,definition,last_fact,False,False,ok,"(1) Visually arresting and geographically intriguing, the Bonneville Salt Flats in the U.S. state of Utah were formed at the end of the last ice age. As a massive lake slowly evaporated, millions of tons of salt and other minerals were left behind, filling the lake bed and forming a hard, flat crust. Today, the Salt Flats cover an area 20 kilometers (5) long and 8 kilometers wide. Winter rains flow down onto the flats, bringing replenishing minerals from the hills and thickening the salt in the lake bed. In the intense heat of summer, the rainwater dries up and the surface of the salt hardens. While the center of the Salt Flats is barren, ponds and marshes near the edges – where the salt layer is just inches thick – provide a habitat for numerous plant and animal species.

(10) People seek out the striking landscape for a variety of reasons. The bright white expanse has been featured in photographic and video productions for decades. Television commercials, fashion shoots, and films with science fiction themes have used the backdrop to give the impression of another world. The Salt Flats also draw astronomy buffs, who enjoy the view of the stars unobstructed by light pollution.

(15) One of the Salt Flats' greatest claims to fame is as a driving venue. For more than a century, professionals and thrill seekers alike have been racing cars and breaking speed records at the Bonneville Speedway. In 2021, a driver reached the astonishing speed of 750 kilometers per hour. Several factors make the Salt Flats appealing to racers. In the summer, the hardened salt pan is smooth, allowing for great speeds. The salt also (20) provides car tires with the traction they need to avoid skidding. In homage to the Salt Flats, models of a motorcycle and a car have been named ""Bonneville"".

Like other natural sites, the Bonneville Salt Flats are a fragile environment. The sturdy salt crust that racers rely on has been deteriorating, causing many events to be cancelled. There have been occasional summers of ""bad salt"" in the past, but the (25) downward trend is worrisome. Climate change, mineral mining, and wear and tear from driving may be to blame. The Save the Salt Coalition, a cooperative effort of local residents, environmental organizations, and the racing community, has been urging the government to take action on behalf of this prized national landmark."
psy_autumn_2024,1,1,13-17,192,3,12,16.0,12.7,9.4,0.67,life_science,The wildflower Queen Anne's lace,expository_descriptive,False,,definition,last_fact,False,False,ok,"(1) Queen Anne's lace is a wildflower found in many parts of the world. It grows in fields, empty lots, and by the roadside. It is often called wild carrot because it is related to the vegetable that we eat. In fact, if you rub and then sniff the plant's leaves, you will find that they smell like carrots.

(5) Queen Anne's lace has a circle of small, white flowers at the top of its long stem. Because of the way these tiny, delicate flowers are grouped together, they look like lace. There is a purple flower at the center of the cluster, making it seem as if a beetle is sitting there.

No one is sure which Queen Anne the wildflower is named for. According to one (10) story, it was named after the wife of King James I of England, who was originally from Denmark. When she came to England to marry the king, Anne saw wild carrot for the first time. She thought it so pretty that she decided to make lace that looked like the flower and sew it onto her dresses. Eventually, people began calling the plant by her name."
psy_autumn_2024,1,2,18-22,237,3,10,23.7,20.1,15.2,2.3,biography,Nostradamus and his prophecies,claim_then_counterclaim,True,however,definition,summary_restatement,True,False,ok,"(1) Human history is replete with figures who foretell future events, from the soothsayers and oracles of the ancient world to present-day clairvoyants and fortune-tellers. One of the most riveting of these is Nostradamus, a sixteenth-century physician who has been both hailed as a veritable prophet and condemned as a fraud.

(5) In 1547, Nostradamus began making predictions about the future, which he collected in a book called The Prophecies (often referred to as The Centuries). Rarely out of print since its publication in 1555, the book consists of rhymed four-line verses called quatrains, each purporting to foretell some world event far in the future. The predictions themselves are vague, even cryptic. They include few dates or names and (10) are not arranged in chronological order. Nostradamus claimed they were based on divine inspiration, meditation, and the movements of the stars and planets, and that their meaning would become clear in time.

Retrospective interpretation of the prophecies has led enthusiasts to credit Nostradamus with foretelling such momentous events as the French Revolution, both (15) world wars, and the September 11, 2001 attack on the World Trade Center. Most academic sources, however, claim that Nostradamus deliberately wrote his quatrains in imprecise language so that they could be given a number of meanings in years to come. They also point out that predictions of death, war, and natural disasters – all of which inevitably occur over the course of history – are hardly a testimony to Nostradamus's (20) prophetic powers."
psy_autumn_2025,1,1,13-17,360,4,18,20.0,10.9,7.8,0.72,anthropology_culture,"The town of Eighty Eight, Kentucky",expository_descriptive,True,however,striking_fact,future_speculation,False,False,ok,"(1) There are quite a few localities in the world that have odd or amusing names. For example, there is a community called Hot Coffee in the US state of Mississippi, and a village called Great Snoring in Norfolk, England. There are even places named after a number. One of these is the town of Eighty Eight in the US state of Kentucky.

(5) Legend has it that this small farming community was named by its first postmaster, Dabnie Nunnally, in the 1860s. He recorded details of the incoming and outgoing mail and needed a name for the community. Because Nunnally wrote numbers more legibly than letters, he chose a name that could be expressed in numerals. He picked the name after counting the money in his pocket, which added up to 88 cents. There are those (10) who say, however, that the name plays on the distance between the community and Glasgow, the seat of the local government, located 8.8 miles away. At some point, the town's name was officially changed to ""Eighty Eight"", spelled out in words, but residents still sometimes receive mail bearing the address ""88, Kentucky"".

For the most part, this tiny town has remained out of the spotlight, but it did (15) enjoy a brief moment of fame in 1948. In the presidential election of that year, 88 votes were cast for President Harry Truman and 88 votes for his opponent Thomas Dewey. This remarkable coincidence was reported in Ripley's Believe It or Not!, a publication devoted to unusual and bizarre occurrences.

Not surprisingly, the year 1988 also saw a major surge of interest in Eighty Eight. (20) The New York Times reported that people from around the globe were sending letters along with self-addressed envelopes to the town's postmistress, requesting that she mail back the envelopes, which would be postmarked ""Eighty Eight"" and ""1988"". Such was the volume of mail that the postmistress was sending that she had to retire her old inkpad and stamp and have an efficient postmarking device installed. An especially (25) popular request was that the envelopes be put aside and mailed on 8/8/88. The town of Eighty Eight will presumably be back in the news in 2088 – if people are still mailing letters, that is."
psy_autumn_2025,1,2,18-22,315,3,19,16.6,18.7,11.5,1.11,technology_engineering,AlterEgo silent-speech wearable device,process_description,False,,question,future_speculation,False,False,ok,"(1) What if all the information on the internet was just mere thoughts away? For instance, imagine booking an airline ticket just by thinking about it. Meet AlterEgo, a wearable silent speech output-input gadget that allows users to interact with computers and other devices without the need for spoken or typed words. This revolutionary (5) invention turns our internal monologue into actionable commands.

The activity that occurs in the brain and body when we speak silently is not all that different from the activity that occurs when we speak out loud. The production of speech sounds involves over 100 muscles in the lips, tongue, jaw, and vocal cords. Scientists have shown that during silent speech the brain sends signals to those same (10) muscles, but the resulting movements are so subtle that they are all but undetectable. So how does AlterEgo work? The user thinks about interacting with a device or speaking out loud. Electroencephalogram (EEG) sensors detect the brain's electrical signals associated with these thoughts. Electromyography (EMG) sensors monitor the subtle facial muscle movements associated with forming words. Artificial Intelligence (AI) (15) algorithms analyze the combined EEG and EMG data to recognize the user's words or commands. AlterEgo then translates commands into actions or articulates the user's thoughts out loud.

This technology could be useful in a variety of settings. It allows users to seamlessly connect to the internet, accessing the vast knowledge of the web essentially (20) as an extension of their thoughts alone. For instance, a user could internally formulate a Google query and receive a response without any outward actions. The response would be delivered as auditory feedback via bone-conduction headphones. Another application of AlterEgo, even more valuable to society, is its potential to empower those individuals with speech and mobility impairments by enabling a computer to read their thoughts out (25) loud. It offers them a means to communicate with the world effortlessly, fostering inclusivity and independence."
psy_autumn_2025,2,1,13-17,360,4,22,16.4,20.6,14.7,1.27,anthropology_culture,Burusho longevity and apricot diet,phenomenon_then_cause,True,Such claims are impossible to verify,definition,summary_restatement,False,False,ok,"(1) The Hunza Valley, nestled in the heart of the Karakoram Mountains in Pakistan, is home to a small ethnic group: the Burusho people, also known as the Hunzakut. Until the Karakoram Highway was opened in 1978, the valley was one of the most remote regions in the world. The Burusho people's prolonged isolation may explain why their (5) language, Burushaski, appears unrelated to any other language in the world.

Travelers to the region have brought back tales of the remarkable longevity enjoyed by the Burusho, claiming that they commonly live past the age of 100. Such claims are impossible to verify because Burushaski had no written form until relatively recently and so no relevant documents exist. Lifespan aside, observers are struck by the people's (10) extraordinary good health. Irrespective of age, they seem to be exceptionally fit and disease-free. This is all the more remarkable considering that the Burusho have very little access to even basic modern health care.

A number of factors may contribute to the unusual vitality of the Burusho. For one thing, they walk the hilly terrain every day. Another factor is their diet, which consists (15) mainly of naturally grown grains, fruits, and vegetables. This diet is dictated mostly by their environment. Pastureland is scarce, so there is little meat or milk, but many crops flourish in the valley's fertile soil. A surprising staple food that has been highlighted as a major contributor to the robust health of the Burusho is the apricot. This succulent fruit, rich in essential vitamins, minerals, and antioxidants, has been consumed in (20) enormous quantities for generations. The fruit is eaten year round – fresh in the summer and dried in the winter.

Bataring daudo, or apricot soup, is a mainstay of the Burusho diet. This hearty soup has helped the Burusho endure many a frigid winter. To make it, dried apricots are boiled until soft. Next, wheat flour is mixed with water to create noodle-like nuggets of (25) dough. Added to the simmering apricots, they transform the mixture into a nourishing dumpling soup. Less of a delicacy and more of a strategy to get through lean seasons with scant resources, bataring daudo speaks of Burusho self-sufficiency and resilience."
psy_autumn_2025,2,2,18-22,408,4,20,20.4,21.2,17.2,1.55,history,"Cochineal, the perfect red dye",chronological_narrative,True,In the early 19th century,historical_date_anchor,last_fact,False,False,ok,"(1) In 1519, an expedition led by Spanish explorer Hernán Cortés arrived in the New World. There, in the marketplaces of Tenochtitlan, the capital of the Aztec Empire and the site of present-day Mexico City, the Spaniards caught a glimpse of cloth dyed a vibrant red color, the likes of which had never been seen in Europe. Upon investigation, (5) they learned that the crimson hue, called cochineal, was derived from the insect of the same name, which was used to create paints, dyes and even medicines.

In Europe at the time, deep reds were elusive. Only a few natural substances produced red dyes and those tended to fade when exposed to heat and light. When Cortés reported his discovery to King Charles V of Spain, the monarch immediately (10) recognized cochineal's commercial value. The Spanish began studying the Aztecs' technique for extracting dye from cochineals and shipped tons of dried insects back to Europe. The shade they yielded was deemed the ""perfect red"" and became a sensation. By the 1570s, the pigment had become a highly lucrative commodity, coveted by artists as well as the upper classes, who viewed it as a luxury and a symbol of status.

(15) To ensure that it remained the sole supplier of the dye, the Spanish monarchy made it a punishable offense to take cochineal out of Spain or its colonies without authorization. Spain also concealed information about the origins of cochineal so that, for years, few Europeans were aware that the dye came from an insect. Over the centuries, countries went to great lengths to uncover the secret. In 1776, French (20) botanist Nicolas-Joseph Thiéry de Menonville sailed to North America with the aim of stealing live specimens of cochineal. He managed to smuggle some insects, as well as the prickly pear cactuses upon which they feed, to the nearby French colony of Saint-Dominique. Thiéry, however, died before he could free France from its dependence on Spain for cochineal.

(25) In the early 19th century, Spain lost its exclusive control of the cochineal industry. As more countries began manufacturing the dye, its price fell. Moreover, demand for cochineal was diminished at that time by the advent of synthetic dyes which, though more affected by heat and light, were much cheaper and easier to produce. Still, cochineal continued to be used, particularly in the food and cosmetic industries. Today, (30) the insect is farmed mainly in Peru, which holds a 95% share of the international market."
psy_spring_2023,1,1,13-17,265,3,17,15.6,17.0,11.3,0.88,food_agriculture,"Discovery of umami, the fifth taste",debunking_a_belief,True,"Still, nobody believed him",named_person,summary_restatement,False,False,ok,"(1) Auguste Escoffier, the foremost chef in Paris in the late 1800s, ran the most glamorous and expensive restaurant in the city. There he created meals that surpassed anything his customers had ever experienced. The wonderful taste was attributed to veal stock, the innovative basis of most of Escoffier's scrumptious dishes. It deepened (5) and enriched the flavor of everything it touched. So extraordinary was his cooking that it defied the accepted notion that humans could taste only four flavors: salty, sweet, sour, and bitter. In fact, Escoffier believed he had discovered a new category of taste, though he lacked the scientific means to prove it.

In 1907, a Japanese chemist named Kikunae Ikeda had a similar insight. (10) Enjoying a bowl of dashi, a classic Japanese soup made from seaweed, Ikeda sensed that the flavor was not one of the four recognized tastes. He went into his laboratory, determined to find the mysterious component. A year later his findings were published in the Journal of the Chemical Society of Tokyo. Claiming that the elusive flavor came from glutamic acid, he called this fifth taste ""umami"", a name derived from the (15) Japanese word umai, meaning ""delicious"". Unlike Escoffier, Ikeda had offered scientific proof. Still, nobody believed him.

Almost a hundred years later, a new generation of scientists took a closer look at the human tongue. Their findings confirmed the claims of Escoffier and Ikeda. Apparently, humans have taste receptors for a substance called L-glutamate. When we eat (20) something that is particularly delicious in a way not identifiable as sweet, sour, bitter, or salty, what we are tasting is umami."
psy_spring_2023,1,2,18-22,296,3,15,19.7,12.6,9.7,0.8,medicine_health,"Malaria, poverty and research funding",problem_then_explanation,True,However,striking_fact,summary_restatement,False,False,ok,"(1) Malaria is the most prevalent parasitic disease in the world, affecting ten percent of the global population. It proves fatal for a million or more people per year. Almost all of the deaths occur in impoverished sub-Saharan Africa, and most of those who succumb to the disease are children under the age of five.

(5) The link between malaria and poverty in the world's underdeveloped countries is stronger than is generally acknowledged. ""Where malaria prospers most, human societies have prospered least,"" says economist Jeffrey Sachs. Reducing the incidence of malaria by means of drugs could be an extremely cost-effective way of promoting development and prosperity. However, international pharmaceutical companies have (10) been reluctant to fund extensive research into vaccines and drugs to combat a disease that primarily strikes countries that are unable to pay for treatment. On the other hand, the international community has launched some positive initiatives. For example, the World Health Organization has instituted the Roll Back Malaria campaign, the current goal of which is to eliminate all deaths caused by the disease by 2030. Also, the United (15) Nations has established the Global Fund to Fight AIDS, Tuberculosis, and Malaria. The methods employed include distribution of insecticide-treated sleeping nets and the administration of existing drugs in various combinations.

Unfortunately, as a result of insufficient funding, none of these efforts is likely to make great headway. An effective program to battle malaria in Africa alone would (20) cost roughly $2 billion per year, yet global spending on attempts to fight the disease amounts to less than $100 million annually. Although $2 billion seems an astronomical sum, economists estimate that the expenditure would, in the long run, save Africa's economy $12 billion each year. Not only would the benefit clearly exceed the cost in dollars and cents, but millions of lives would be saved."
psy_spring_2023,2,1,13-17,337,4,15,22.5,13.9,9.1,0.73,language_linguistics,American Sign Language and its variation,expository_descriptive,False,,definition,summary_restatement,False,False,ok,"(1) Sign language is a form of communication that relies on movements of the hands and face to convey meaning. Signing is used mainly by people who are deaf or hard of hearing, as well as by their family members. It is also sometimes learned by those who have trouble using spoken language due to a disability or a medical condition.

(5) The origins of sign language can be traced back to the mid-eighteenth century when Charles-Michel de l'Epée, a French priest and educator working with deaf children from poor families, developed a system to help them communicate. It included simple signs to express concepts, as well as fingerspelling – spelling out the letters of a word with a distinct hand sign for each letter. L'Epée's system led to the development of (10) French Sign Language, which is still in use in France today and was the precursor of many other sign languages. American Sign Language (ASL) is one of these.

A vivid visual language with its own syntax and grammar, ASL conveys meaning through handshape – the location and movement of the hand, as well as the orientation of the palm of the hand – and through non-manual signals such as facial expression and (15) posture. Fingerspelling is used mainly for names of people and places. ASL has its own ways of indicating the intended purpose of a sentence. While English speakers may ask a question by raising the pitch of their voices and adjusting word order, users of ASL will raise their eyebrows, widen their eyes, and tilt their bodies forward.

Geographic and sociological factors lend diversity to ASL. Just as English is (20) spoken differently in different parts of the USA, ASL features a range of regional accents and dialects, as well as great variation in slang and idiomatic expressions, and in rhythm of signing. Age and gender as well as individual style, character traits, and cultural background also influence ASL usage. Indeed, in ASL there can be as many ways of expressing an idea as there are ASL users."
psy_spring_2023,2,2,18-22,360,3,14,25.7,14.0,8.9,1.36,history,Babylonian tablet P322 and trigonometry,problem_then_explanation,True,however,historical_date_anchor,last_fact,False,False,ok,"(1) In the 1920s, while working in southern Iraq, archaeologist Edgar Banks discovered a small 3,700-year-old clay tablet inscribed with a table of numbers in cuneiform – the system of writing used by the ancient Babylonians. Part of the table's fourth column was missing because one edge of the clay tablet was broken. In the 1940s, scholars (5) examining the tablet, designated P322, realized that the numbers in each row of the table had something to do with the lengths of the sides of right triangles. The full significance of the table, however, was not understood. Since the 1940s, several hypotheses about P322 have been advanced.

One supposition was put forth in 2017 by mathematicians Daniel Mansfield and (10) Norman Wildberger of the University of New South Wales in Sydney, Australia. When Mansfield and Wildberger first came across a picture of P322, they suspected that it was some form of trigonometric table (a table dealing with measurements of right triangles that is useful to astronomers, engineers, surveyors and navigators, among others), although the numbers did not seem quite right. They wondered whether the missing (15) piece of P322, which by that time had been reconstructed, might hold the answer. Once they saw the reconstruction, they became convinced that P322 is indeed a trigonometric table – but not anything like those we are familiar with, believed to have been invented by the ancient Greeks 2,100 years ago. While the Greek trigonometric tables express the relationships between the sides of right triangles in terms of angles and lengths of (20) the sides, P322 does so only in terms of lengths of the sides.

Mansfield and Wildberger contend that P322 is not only the oldest extant trigonometric table but is actually superior to the Greek ones. This, they say, is because the Babylonians used a number system based on the number sixty, as opposed to later systems, which are based on the number ten. The base-60 system is still used today for (25) measuring time: sixty seconds make a minute and sixty minutes make an hour. Mansfield and Wildberger maintain that the use of a base-60 system enabled the Babylonians to make more precise calculations than can be done in a base-10 system."
psy_spring_2024,1,1,13-17,263,3,13,20.2,18.2,14.5,1.31,language_linguistics,Shakespeare's additions to English,expository_descriptive,False,,striking_fact,last_fact,False,False,ok,"(1) When someone describes a kind person as ""having a heart of gold"", they are quoting from William Shakespeare's play Henry V. Encouraging someone to ""break the ice"" in an awkward social situation is borrowing from The Taming of the Shrew. The English language as we know it owes a great debt to the preeminent playwright, who introduced (5) hundreds of previously unknown words and phrases into its lexicon.

Shakespeare greatly enhanced the English language by altering existing words to create new ones. One type of manipulation involved combining two words to create a new term, for example, the word ""watchdog"" in reference to a person who tries to prevent wrong or illegal activity. Another strategy Shakespeare employed was using (10) nouns as verbs. He was the first person to use ""friend"" as a verb, predating Facebook by almost 400 years. Shakespeare also anglicized words from foreign languages: for example the word ""critic"", which he derived from the Greek kritikos, meaning to judge or decide. He was also fond of adding prefixes and suffixes to existing words. According to James Shapiro of Columbia University, Shakespeare invented the words (15) unaware, uncomfortable, uneducated, fashionable, and worthless, all of which are now deeply engrained in modern vernacular.

Esteemed Shakespearean scholar David Crystal asserts that ""Shakespeare teaches us to dare to be creative, to push the rules a little bit. If the word isn't there, make one up."" And indeed, the English language continues to evolve. In 2013, ""selfie"" was named (20) the word of the year by the editors of the Oxford English Dictionary, a choice Shakespeare would undoubtedly have approved of."
psy_spring_2024,1,2,18-22,240,3,14,17.1,21.3,16.6,1.29,medicine_health,How pain relievers block pain signals,process_description,False,,definition,last_fact,False,False,ok,"(1) The sensation we refer to as pain is the result of a series of chemical reactions. When cells in the body are damaged, they release prostaglandins, chemicals that attach themselves to the nerve endings. The nerves then transmit a message to the brain, specifying the location and severity of the damage. As soon as our brain receives this (5) message, we feel pain.

At this point, we may reach for a pain reliever. Though pain relievers cannot cure disease or heal an injury, they do alleviate pain by disrupting the transmission of pain signals to the brain. There are two main kinds of medication for pain: non-steroidal anti-inflammatory drugs (NSAIDs), such as ibuprofen and aspirin, and narcotics, such (10) as morphine and codeine.

NSAIDs are used to relieve the aches and pains caused by short-term ailments such as earache and muscle sprains, or chronic illnesses like arthritis. They inhibit damaged cells from producing prostaglandins and thus limit the number of pain signals that reach the brain. The relief lasts as long as the NSAIDs remain active in the body. Narcotics (15) act in a different way. They attach to pain receptors in the brain and spinal cord, thereby blocking the pain signals. Narcotics are generally prescribed for patients suffering from long-term or extreme pain that does not respond to NSAIDs. In some cases, however, a combination of an NSAID and a narcotic relieves pain better than either kind of medication on its own."
psy_spring_2024,2,1,13-17,312,3,14,22.3,11.7,8.8,0.79,social_science,The habit loop and forming habits,problem_then_explanation,True,however,striking_fact,summary_restatement,False,False,ok,"(1) According to researchers, habits account for about 40 percent of our behaviors on any given day. Understanding the nature of habits and learning how to form beneficial ones or change harmful ones is essential in life. For many people, however, creating new behavior patterns is an almost impossible task. The key to success lies in (5) something called the habit loop.

Put briefly, a habit loop consists of a cue, a routine and a reward. In his best-selling book The Power of Habit, Charles Duhigg gives teeth brushing as an example. He explains that waking up in the morning with film on one's teeth is the cue that leads people to go through the routine of brushing their teeth, thereby yielding the reward of a (10) clean and fresh feeling in their mouth. Research shows that it was the fresh taste of a new mint-flavored toothpaste called Pepsodent, in addition to the desire to remove the layer of plaque that gathers on teeth, that gave rise to the widespread practice of teeth brushing in the United States at the beginning of the 20th century. Customers claimed that they began looking forward to the cool and tingling sensation created by the (15) toothpaste. The habit loop took hold and there was soon a soaring demand for Pepsodent and other mint-flavored toothpastes.

In order to create a new habit or get rid of an old one it is necessary not just to identify a cue, a routine and a reward, but also to cultivate a craving that drives the loop. Duhigg explains that the reason people fail in their attempt to turn a new behavior into a (20) set habit is that a one-time reward is not enough. Only when a behavior is repeated – and rewarded – a number of times does the brain begin anticipating the reward. Once the new routine has become automatic, a habit has been established."
psy_spring_2024,2,2,18-22,263,3,12,21.9,18.6,10.8,1.25,biography,Fibonacci and Hindu-Arabic numerals,chronological_narrative,True,Although,named_person,summary_restatement,True,False,ok,"(1) Medieval Italian scholar Leonardo Fibonacci (c. 1170-1240) ranks among the foremost mathematicians of all time. One of his most significant contributions to the field of mathematics was the dissemination of the Hindu-Arabic number system, based on the digits zero to nine (0-9), which is used all over the world today.

(5) Fibonacci first encountered Hindu-Arabic numerals when, as a child, he spent several years in North Africa with his family. Years later, he traveled widely in the Mediterranean world, delving further into the Hindu-Arabic number system and discovering its advantages over the Roman number system then in use in Europe. In 1202, after returning to his native Pisa, he published the Liber abaci (Book of (10) Calculation), the first work to introduce Hindu-Arabic numerals to Europe. Fibonacci's text demonstrated the usefulness of these numbers for practical, everyday arithmetic purposes such as money changing and the conversion of weights and measures. The book, which also discusses subjects such as geometry, algebra, and theoretical mathematics, drew the attention of leading scholars throughout Europe.

(15) Holy Roman Emperor Frederick II, who was deeply interested in the arts and sciences, found the Liber abaci intriguing and asked to meet its author. For several years afterward, Fibonacci corresponded with the emperor and court scholars, exploring mathematical problems and their solutions. When Fibonacci published his most innovative work, the Liber quadratorum (Book of Square Numbers) in 1225, he (20) dedicated it to the emperor. Although the Liber quadratorum was Fibonacci's most sophisticated achievement and constituted a major contribution to the field of mathematics, the Liber abaci is broader in scope and was ultimately a more influential work."
psy_spring_2025,1,1,13-17,294,4,15,19.6,15.2,10.9,0.87,history,"The Shakers' crafts, inventions and decline",expository_descriptive,True,However,definition,last_fact,False,False,ok,"(1) The Religious Society of Friends, commonly known as the Quakers, is a religious community that was founded in England in the mid-seventeenth century. Some hundred years later, a group called the Wardley Society broke away from the community and moved to the New World – America – in search of religious freedom. The group (5) earned the name ""Shaking Quakers"", or simply Shakers, because their worship included trembling, dancing, jumping up and down, and shaking all over.

The Shakers believed that they served God by approaching all tasks, even mundane ones, with painstaking care. This attitude gave rise to a distinctive style of architecture, furniture, and decorative arts. The Shaker style, with its clean lines and lack of (10) ornamentation, reflects the traditional Shaker values of simplicity, utility, and superior craftsmanship. Although the Shakers were never a large community, they had a considerable influence on American aesthetics. They pioneered the principles of form and function that were later advocated by such notable architects and designers as John Ruskin and Louis Sullivan.

(15) The Shakers also embraced technology, believing that labor-saving devices would give them more time for study and prayer. An astonishing variety of inventions that have become part of the American lifestyle can be attributed to them. These include the flat-edged broom, the motorized washing machine, the pea sheller, and the revolving oven.

(20) During the 1800s, Shaker communities dotted the farmlands of the United States from Maine in the north to Florida in the south. At their peak, the Shakers numbered 6,000 members in 14 communities. However, because Shakers do not marry or have children, most of their settlements have disappeared or been made into museums. There is only one remaining place – New Gloucester, Maine – where the old ways are still (25) practiced by the last eight Shakers in the world."
psy_spring_2025,1,2,18-22,458,4,23,19.9,20.3,16.9,2.39,life_science,The remora and its host symbiosis,expository_descriptive,True,But what about the host?,striking_fact,last_fact,False,False,ok,"(1) Few creatures in the sea sport an odder appendage than the remora, which has an elongated suction mechanism on top of its head. Remoras, tropical fish ranging in length from 30 to 110 centimeters, are the hitchhikers of the sea. They catch rides by affixing their suction disc to other creatures that can be up to twenty times their size, (5) such as sharks and sea turtles. They have even been known to attach themselves to boats. This is reflected in the fish's scientific name: Echeneidae comes from Echeneis, which is made up of two Greek words, echein (to hold) and naus (ship).

David Johnson of the Smithsonian National Museum of Natural History describes the remora's suction disc as ""one of the most remarkable and most highly modified (10) skeletal structures among vertebrates"". Within the disc are paired rows of flexible membranes, called lamellae, which are laid out like ribs. The flexibility of the lamellae allows the remora's suction disc to mold to the uneven surface of another fish's body, thereby creating a tight seal.

The relationship between the remora and the living organisms it attaches itself to is (15) a symbiotic one. There are three kinds of symbiosis: commensalism, in which one organism benefits and the other is neither harmed nor helped; parasitism, in which one side benefits at the expense of the other; and mutualism, in which both sides benefit. Scientists disagree about the nature of the relationship between the remora and its hosts. The remora clearly benefits from free transportation, and its proximity to a larger (20) animal protects it from predators and provides it with a steady supply of food from the host's leftover scraps. But what about the host? Some researchers claim that a passenger slows down the host's movement and increases its energy expenditure. Others maintain that remoras are so much smaller than their hosts and so streamlined that the effect of their presence is negligible. Do the hosts benefit in some way? Some (25) suggest that remoras eat small crustaceans that have become embedded in their hosts. The counterargument, however, is that it is more likely that crustaceans fall off on their own. If so, remoras would not be paying for the services rendered.

Fishermen around the world benefit from the remora. After they tie a line to its tail and release it into the water, the remora swims off and attaches itself to a large fish or (30) sea turtle, enabling the fisherman to carefully reel in the catch. So how do fishermen obtain their remora? They either get lucky and catch a fish with a remora attached or they catch very young remoras in nets along with other fish and keep them until they are old enough to be sent out to latch on to other fish."
psy_spring_2025,2,1,13-17,240,3,11,21.8,17.9,11.9,0.82,anthropology_culture,Balloons as symbols of loss,claim_then_counterclaim,True,And yet,striking_fact,last_fact,False,False,ok,"(1) Balloons hold an allure for people of all ages. Invented by English scientist Michael Faraday in 1824, balloons were being mass produced by the beginning of the twentieth century and soon became a much sought-after item. Indeed, millions of dollars are spent annually on balloons, a favorite at all kinds of social and promotional (5) events.

Balloons come in different shapes, sizes, and colors and create a festive, playful atmosphere. Lightweight and delicate, they hover, float and bob in ways that make them appear almost alive. They have an extraordinary power to evoke joy and enchantment and are all but guaranteed to make people smile. In the words of the (10) famous storybook character Winnie the Pooh, ""Nobody can be uncheered with a balloon.""

And yet, not everyone would agree that balloons are invariably a source of delight or good cheer. These fragile objects may cause disappointment and sadness if they suddenly burst or are carried away by the wind. For this reason, they are often seen to (15) represent loss – not just the physical loss of the balloon, but also more abstract losses like the loss of beauty or innocence. Balloons remind us of the transient nature of things – including life itself – because they can be here one moment and gone the next. The fact that balloons have to be held by a string to prevent them escaping our grasp and floating away can also be associated with the idea of freedom constrained."
psy_spring_2025,2,2,18-22,378,4,14,27.0,9.2,5.5,0.71,history,The Seneca Falls women's rights convention,chronological_narrative,True,Nonetheless,named_person,irony_or_twist,False,False,ok,"(1) Elizabeth Cady Stanton first met Lucretia Mott in London in 1840, a chance encounter that would herald a new era in women's history. Stanton, an anti-slavery activist, and Mott, a Quaker and veteran advocate of social reform, had traveled as part of the American delegation to the World Anti-Slavery Convention being held in the city. (5) After being denied seating on the grounds of their sex, Stanton and Mott became convinced of the need to formally convene and address the condition of women. Eight years would pass before the event that they envisioned would come about.

In July 1848, Mott was visiting her sister in Waterloo, New York, and Stanton was living in nearby Seneca Falls when they met again at a social gathering. As discussion (10) turned to women's rights, Stanton argued that the time had come for women's issues to be laid before the public and that women themselves must shoulder the responsibility. Before the afternoon was out, the women had decided to call a convention ""to discuss the social, civil, and religious condition and rights of women"".

Stanton was assigned the task of composing a Declaration of Sentiments for the (15) convention. Drawing upon the American Declaration of Independence, she submitted that ""all men and women are created equal"" and went on to list the ""injuries and usurpations"" suffered by women at the hands of men. Among the resolutions Stanton drafted for the improvement of women's lot was one positing the radical assertion that it was a woman's duty to obtain the right to vote. This resolution shocked even Lucretia (20) Mott, who exclaimed, ""Why, Lizzie, you will make us ridiculous.""

The Seneca Falls Convention took place that same summer at the Wesleyan Methodist Church in Seneca Falls. It was publicized only by a small notice placed in the Seneca County Courier, and the organizers anticipated a modest affair. ""The convention will not be so large as it otherwise might be, owing to the busy time with the (25) farmers,"" Mott told Stanton, ""but it will be a beginning."" Nonetheless, a crowd of three hundred people, including forty men, came from miles away. How ironic that at this juncture in the history of the women's movement, no woman was willing to preside over the proceedings – the task fell to Lucretia Mott's husband."
psy_summer_2022,1,1,13-17,235,3,11,21.4,14.2,9.6,1.0,history,Codebreaking at Bletchley Park,expository_descriptive,True,Still,striking_fact,last_fact,False,False,ok,"(1) One of the most important battles of World War II was fought not on the battlefield, but at a place called Bletchley Park in the quiet English countryside. There, cryptologists worked around the clock to break the secret codes used by the German army. The Germans believed that these codes, produced by a complex code-making (5) device called the Enigma machine, were impossible to decrypt. In this, they were gravely mistaken: Britain managed to crack the first of these codes in the early stages of the war.

Still, knowing how to do something is no guarantee of being able to do it under pressure. Because the Enigma's code was reset every twenty-four hours, the Bletchley (10) team found itself in a desperate race against time every single night. Sometimes it took all night and most of the following day to crack the code, leaving only a few hours in which to gather information before the code was changed again.

Almost ten thousand people worked together at Bletchley. In addition to outstanding mathematicians and expert cryptologists, the British military recruited a (15) host of linguists, chess masters, artists, and crossword puzzle whizzes, training them in the mysteries of coding and decoding. These men and women, who spent hours at a time deciphering pages of seemingly meaningless signs and symbols, were vital to the war effort. Some historians maintain that they shortened the war by as much as two years."
psy_summer_2022,1,2,18-22,372,4,16,23.2,14.7,12.4,1.44,history,The Viking sunstone navigation theory,problem_then_explanation,True,While this hypothesis has been well received,striking_fact,open_question,False,False,ok,"(1) Today's travelers have access to a wide variety of navigational aids, from magnetic compasses to GPS devices. A thousand years ago, the Norse people of southern Scandinavia, commonly known as the Vikings, had none of these tools at their disposal. Yet they sailed thousands of kilometers from their homeland all the way to Greenland. (5) While other sailors of the time steered their ships by noting the position of the sun and the stars, such direct observations would have been impossible for the Vikings during the stormy weather typical of the regions through which they sailed. How then did the Vikings achieve their formidable navigational feats?

The answer is alluded to in the collection of legends known as the Icelandic Sagas, (10) our principal source of information about Viking society. A few of these sagas mention a sólarsteinn, or sunstone, that was used by navigators to ascertain the position of the sun when it was not visible. The Hrafins Saga, for example, in describing a voyage made by King Olaf, relates: ""The weather was thick and stormy. . . . The king looked about and saw no blue sky. . . . then the king took the sunstone and held it up, and he (15) saw where [the sun] beamed from the stone.""

In the second half of the twentieth century, researchers suggested that the sunstones described in the sagas might have been natural crystals like Iceland spar, which would have been readily available to the Vikings. These crystals have a property called birefringence: when a ray of light passes through them, it is split into two separate rays, (20) one brighter than the other. As a person rotates the crystal, changing the angle at which the light hits it, the relative brightness of the two beams changes. When the beams are equally bright, it means that the crystal is directly aligned with the sun. Researchers surmise that the Vikings used sunstones in this way to navigate.

While this hypothesis has been well received by the scientific community and has (25) sparked the imagination of the general public, archaeologists have yet to find Iceland spar or similar crystals among Viking shipwrecks. Therefore, the theory remains merely that: a description not of what the Vikings did, but of what they might have done."
psy_summer_2022,2,1,13-17,301,3,16,18.8,17.3,13.9,1.44,medicine_health,Restrictions on opium poppy research,expository_descriptive,True,However,definition,last_fact,False,False,ok,"(1) The opium poppy, a delicate flower, is the source of some of the world's most potent painkillers, one of which is also an illicit drug. Opium's pain-relieving properties have been known since ancient times. Today, several opium-derived substances are used medicinally. The principal one, morphine, has been used since the mid-1800s to treat (5) severe pain and remains the standard against which new pain medications are measured. Codeine is used to treat moderate pain and is also the active component in many cough medicines. Thebaine is used to make oxycodone, which is often prescribed for cancer patients. Also derived from opium is heroin, which was introduced for medicinal use in 1898 but was soon found to be highly addictive and was eventually outlawed.

(10) The market in opium-derived pharmaceuticals generates more than $6.5 billion annually. However, the illegal traffic in heroin is estimated at $13 billion a year. Because heroin is so dangerous and because so much money is at stake, there are international restrictions on the growing and processing of the opium poppy. Even research on the plant is subject to extensive safeguards. Peter Facchini, professor of (15) biochemistry at the University of Calgary in Canada, heads one of the few laboratories in the world dedicated to the study of the plant's biochemical and genetic secrets. Because the opium poppy is classified as a controlled substance, Facchini operates with a special license from the Canadian government and is permitted to grow only one hundred plants at a time. His lab includes a $30,000 growth chamber – a windowless (20) room that is equipped with an alarm and a motion detector and can be accessed only through a single, locked door.

Facchini's work extends beyond the laboratory. He and his research team have become so well known that government agencies, police departments, and drug companies routinely seek their expertise."
psy_summer_2022,2,2,18-22,270,3,16,16.9,12.6,6.7,0.56,business_economics,The Big Mac exchange-rate index,expository_descriptive,True,does have its shortcomings,striking_fact,summary_restatement,False,False,ok,"(1) Currency rates of exchange are featured daily in the news. In Israel, every newspaper and television news broadcast announces the value of the shekel in relation to the U.S. dollar and the euro. This relationship is determined by complex political and economic factors. Ideally, exchange rates should ensure that a product costs the same in (5) different countries, but this is not always the case. In 1986, Pam Woodall of The Economist devised the Big Mac Index, a light-hearted guide that can be used to determine whether currency exchange rates actually equalize the price of an identical product – a McDonald's Big Mac.

The Big Mac is the most popular hamburger served by McDonald's, a fast food (10) chain with thousands of restaurants in over 130 countries. The Big Mac is supposed to be identical in terms of size, taste, and ingredients, no matter where it is sold. Woodall's index, published every year since 1986, lists the price of a Big Mac in each country's currency, converts that price into U.S. dollars, and shows the exchange rate of each country's currency to the dollar. Woodall hypothesized that comparing actual exchange (15) rates with Big Mac prices signals whether a currency is undervalued or overvalued.

Of course, the Big Mac Index does have its shortcomings. A Big Mac's price reflects more than just the cost of bread, meat, and vegetables. It also reflects other expenses, such as rent and labor. There is no reason to expect that these would be the same in different economic environments. Therefore, the Big Mac Index is probably (20) most accurate when comparing countries at roughly the same stage of economic development."
psy_summer_2023,1,1,13-17,346,4,19,18.2,17.7,15.0,1.63,business_economics,Mumbai's dabbawala lunch delivery network,expository_descriptive,True,Despite their old-fashioned methods,scene,last_fact,False,False,ok,"(1) On the streets of Mumbai, India, on any business day, some 5,000 men weave their way on foot or on bicycle through the city's dense traffic, each carrying 30 or more metal lunch boxes. These lunch boxes are called dabbas and the men who transport them are known as dabbawalas. A dabba has two, three, or four tiers, each of which (5) contains one element of a meal: rice, curried vegetables, naan bread, etc. Every day, dabbawalas deliver almost 200,000 home-cooked lunches from people's homes to their places of employment in the city.

The dabbawala network started in 1890, when a Mumbai banker decided he wanted a meal cooked in his own kitchen to be delivered to his office at lunchtime. He hired (10) the first ever dabbawala, Mahadeo Havaji Bachche, to bring the meal to him. The banker's co-workers, envious of his freshly cooked, promptly delivered lunches, soon requested Bachche's services as well. Unable to keep up with demand, Bachche enlisted his friends and relatives to assist in deliveries. The idea caught on from there.

Today the dabbawalas have a well-oiled system. In mid-morning, they pick up (15) dabbas from their customers' homes. The dabbas are labeled using hand-painted symbols and colors to denote the address to which each dabba is to be delivered and to which it should be returned. Each dabbawala takes his boxes to the nearest train station, where they are sorted and loaded onto trains according to their destination. When they arrive, the dabbas are unloaded, sorted again, and assigned to another dabbawala, who (20) delivers them to the customers in time for lunch. After lunchtime, the dabbawalas reverse the process, picking up the empty dabbas and bringing them back to customers' homes.

Despite their old-fashioned methods, the dabbawalas can teach high-tech delivery services a thing or two. They seldom fail to deliver a meal on time. According to a (25) 2010 study by Harvard Business School, the dabbawalas make fewer than 3.4 errors per million transactions. It is no wonder, then, that executives from industry giants such as Amazon and FedEx have spent time studying the secrets of the dabbawalas' success."
psy_summer_2023,1,2,18-22,218,3,12,18.2,25.8,23.0,2.75,life_science,The lemming mass suicide myth,debunking_a_belief,True,however,definition,irony_or_twist,False,False,ok,"(1) The lemming is a type of rodent indigenous to the Arctic. Lemmings are famous for their cyclical population explosions – sharp increases in birthrate that recur approximately every four years. At the height of these population explosions, the lemmings, apparently driven by deep-rooted impulses, run off cliffs by the thousands, (5) to be dashed to their deaths on the rocks below. This allegedly suicidal behavior has become a metaphor for the actions of large crowds of people who mindlessly follow one another, heedless of the consequences.

It is now known, however, that lemmings do not actually commit mass suicide. Rather, when their population increases drastically, overcrowding and food depletion (10) compel the lemmings to migrate to less densely populated areas. Unfortunately, the geographic features of the Arctic are such that the migrating lemmings often find themselves channeled into narrow mountain passes. The lemmings feel trapped in the confined space and experience social friction and distress. Mass panic ensues, with lemmings fleeing in all possible directions and sometimes falling off cliffs.

(15) It was the 1958 Disney Studios film White Wilderness that popularized the misconception of the ""lemming suicide plunge"". The filmmakers staged a plunge-to-the-death sequence by herding lemmings over a cliff and into a river. Evidently, they considered the lives of a few dozen rodents worth sacrificing for the sake of exciting footage."
psy_summer_2023,2,1,13-17,319,3,14,22.8,13.9,11.8,1.29,language_linguistics,Australian rhyming slang,expository_descriptive,True,However,quotation,quotation,False,False,ok,"(1) ""My trouble and strife is out with the tin lids. I'm on my Pat Malone."" This seemingly nonsensical statement actually makes perfect sense to anyone who knows Australian rhyming slang. We are all familiar with slang – an informal, often playful, sometimes puzzling way of speaking – but Australian rhyming slang is especially (5) complex: a word is replaced by a word or phrase that rhymes with it but seems not to belong in the sentence. For example, instead of ""Answer the phone,"" an Australian might say ""Answer the dog and bone."" In some cases, the rhyming phrase becomes shortened so that the rhyme no longer exists. Thus, the slang for ""I got hit on my head"" is ""I got hit on my loaf of bread,"" which becomes ""I got hit on my loaf."" Some phrases (10) are particularly difficult for foreigners to understand because they are based on local culture and slang. Thus, ""Our team had a real shocker"" (a really bad game) becomes ""Our team had a real Barry Crocker"" (a reference to a popular Australian entertainer), which is then shortened to ""Our team had a real Barry.""

It is commonly believed that Australian rhyming slang grew out of Cockney (15) rhyming slang, which developed in the East End of London in the 1840s, and out of Irish rhyming slang. In the 1800s, Australia was settled by large numbers of immigrants from Britain and Ireland, so it is possible that they brought this manner of speaking with them. However, some people think that it developed independently in Australia. Today, most young Australians, especially in the large cities, consider rhyming slang old- (20) fashioned. In many circles, however, it is still alive and well.

Now, back to the opening sentence. Almost any Australian could tell you that ""My trouble and strife is out with the tin lids. I'm on my Pat Malone"" means ""My wife is out with the kids. I'm on my own."""
psy_summer_2023,2,2,18-22,254,3,16,15.9,18.8,11.4,0.88,technology_engineering,Inventing washable colored bubbles,chronological_narrative,True,proved to be no simple undertaking,striking_fact,last_fact,False,False,ok,"(1) In the world of toys, where new ideas lose their charm alarmingly quickly, a small bottle containing soapy liquid used to blow bubbles has been a constant favorite since the 1940s. According to one current industry estimate, 200 million bottles of bubble liquid are sold annually. Tim Kehoe, a toy inventor from St. Paul, Minnesota, dreamed (5) of taking the classic, transparent bubble one step further. He devoted eleven years of his life to creating colored bubbles – bubbles of a single vibrant hue, be it green, blue, or pink.

The realization of Kehoe's dream proved to be no simple undertaking. In the process, he stained his car, several bathtubs, and a few dozen children. He ruined (10) kitchen countertops and corporate conference tables, and caused a chemical fire or two. Eventually, he succeeded in making colored bubbles with a dye that could be washed off skin and clothing, but market research showed that the product was still not ready. Even temporary stains horrified parents. Unfortunately for Kehoe, in the history of organic chemistry no one had ever created a water-soluble dye that faded spontaneously.

(15) Kehoe called in Dr. Ram Sabnis, one of a handful of experts on dye chemistry in the world. Sabnis, who eventually solved the problem, says the project was the most difficult he had ever worked on. ""Nobody has made this chemistry before. We have synthesized a whole new class of dyes."" Zubbles, the product of Sabnis and Kehoe's collaboration, appeared on the market in 2009 – to the delight of bubble lovers big and (20) small."
psy_summer_2024,1,1,13-17,263,3,13,20.2,19.4,12.8,1.46,arts_literature,Jules Verne's lost pessimistic novel,debunking_a_belief,True,However,historical_date_anchor,summary_restatement,True,False,ok,"(1) Almost a century after his death, a new book by French author Jules Verne, Paris in the 20th Century, was published. The manuscript of this hitherto unknown novel was completed in 1863 but then locked away in a safe. It was discovered in 1989 by Verne's great-grandson and appeared in English translation only in 1996. This 19th-century (5) vision of the future describes life among skyscrapers of glass and steel, high-speed trains, gasoline-powered automobiles, calculators, fax machines, and a global communications network. Verne's remarkable ability to foresee technological advances and to describe them – even before their invention – is demonstrated in this novel, as in many of the works that made him famous, including Twenty Thousand Leagues Under (10) the Sea and From the Earth to the Moon.

However, this work counters the popular perception of Verne as an enthusiastic advocate of scientific progress. In fact, Paris in the 20th Century is a tragedy. It portrays the life of an idealistic young man who struggles unsuccessfully to find happiness in the fiercely materialistic world of the late 20th century. Verne's novel is (15) a grim and troubling commentary on the high social costs of technological progress.

Another common misconception about Verne is that he wrote about the wonders of technology because he was himself a scientist or an engineer. In truth, Verne was neither. The wealth of technical and scientific detail in Verne's fiction reflects his desire to depict – as persuasively as possible – the extraordinary power, as well as the (20) far-reaching danger, of science and technology. Though he found science fascinating, he had no illusions that it was inherently virtuous."
psy_summer_2024,1,2,18-22,230,3,12,19.2,18.4,13.6,1.5,life_science,The Great Wildebeest Migration,expository_descriptive,True,Nevertheless,striking_fact,summary_restatement,False,False,ok,"(1) The Great Wildebeest Migration is among the most astounding wildlife spectacles in the world. Over a million and a half wildebeest – the world's largest herd of animals – move constantly in an endless loop that stretches from the Serengeti National Park in Tanzania to the Maasai Mara National Reserve in Kenya and back again. (5) Following almost the same path each year, the animals make a formidable 2,900-kilometer trek in search of water and greener pastures.

The wildebeest is well equipped to travel large distances quickly and efficiently. Every aspect of its life and behavior lends itself to travel. Wildebeest even mate on the move, and newborn calves are up and running in minutes. Nevertheless, the journey (10) across the plains of east Africa is perilous. Hyenas, lions, leopards, cheetahs and other predators lurk along the way, and massive crocodiles patrol the Grumeti and Mara Rivers, which the wildebeest must cross. Every day brings challenges that many will not survive.

Nevertheless, the epic migration of the wildebeest goes on. In it, a natural (15) equilibrium is maintained: the wildebeest fertilize the Serengeti plains as they advance, encouraging new plant growth, while at the same time constituting an essential source of food for many other species. Anyone who is fortunate enough to witness the seething mass of animals and hear the thundering of their hooves can only marvel at the sheer magnitude of the phenomenon."
psy_summer_2024,2,1,13-17,280,3,16,17.5,21.1,16.7,1.38,medicine_health,Capsule endoscopy of the gut,problem_then_explanation,True,changed all that,striking_fact,summary_restatement,False,False,ok,"(1) Millions of people suffer from Crohn's disease, colitis, and other gastrointestinal disorders. The gastrointestinal tract, which includes the stomach as well as the large and small intestines, is long, narrow, and winding. The limited accessibility of the tract, and particularly of the small intestine, sometimes makes it difficult, or even impossible, (5) to use traditional diagnostic methods such as X-ray or ultrasound. Even endoscopy – a procedure in which a long, thin, flexible tube with a camera on its end is inserted into the gastrointestinal tract by way of the patient's mouth – cannot reach all parts of the small intestine. Capsule endoscopy, invented by Israeli engineer Gavriel Iddan, changed all that.

(10) Iddan revolutionized endoscopy by applying the principles of nanotechnology – the miniaturization of components – to the standard medical technique. His invention comprises a miniature camera, a battery, a light, and a wireless transmitter, all contained in a capsule the size of a large vitamin pill. The patient swallows the device, which then moves painlessly along the entire gastrointestinal tract, capturing images along the way. (15) The tiny camera takes two color pictures every second for eight hours. These images are transmitted to a small, portable recording device and are later examined on a computer screen.

Capsule endoscopy has made diagnosis possible in many hitherto unresolvable cases. Furthermore, it is less invasive than standard endoscopy and there is no (20) discomfort involved. In fact, patients can even work or drive while undergoing the procedure. Gastroenterologists have discovered many additional applications for this technology. For example, different versions of the capsule can be used to administer drugs directly to an affected area or for other therapeutic purposes. Many physicians regard the device as a medical miracle."
psy_summer_2024,2,2,18-22,339,4,14,24.2,18.9,15.2,1.71,history,Repatriation of the Benin Bronzes,problem_then_explanation,True,Nevertheless,historical_date_anchor,quotation,False,False,ok,"(1) In 1897, British colonial forces invaded the Kingdom of Benin, located in what is now southern Nigeria. Within days, the British destroyed Benin City, bringing to an end a kingdom that had thrived for centuries as one of West Africa's major powers. In the course of their conquest, British troops looted at least 3,000 valuable objects, including (5) statues, ceramics, masks, and over 1,000 intricately decorated plaques that adorned ancestral altars and court buildings in the city's royal palace. More than a century later, these artworks – now collectively known as the Benin Bronzes – are in the possession of over 150 museums, institutions, and private collections around the world.

For many Nigerians today, the Benin Bronzes are a painful reminder of colonialism (10) and its continued effects on African societies. For decades, Nigerian leaders and the country's Legacy Restoration Trust (LRT) have advocated for the artifacts' return. Nigerian-American artist Victor Ehikhamenor wrote an impassioned New York Times op-ed on the subject in 2020. His essay concluded: ""Generations of Africans have already lost incalculable history and cultural reference points because of the absence of (15) some of the best artworks created on the continent. We shouldn't have to ask, over and over, to get back what is ours.""

As a result of his and other intense efforts to secure the restoration of the Benin Bronzes, several museums have declared their intention to relinquish the contested treasures. In July 2022, an agreement was signed between Germany and Nigeria, (20) transferring ownership of over 1,100 Bronzes currently in German museums to Nigeria. Nevertheless, the path toward full repatriation of all the treasures remains protracted and complex, with many museums around the world refusing even to discuss the issue.

A case in point is London's British Museum, which houses 900 looted Benin objects – the largest collection of any institution in the world. The museum has, (25) however, historically resisted public requests for the works' restitution. There is perhaps a glimmer of hope (and admission of responsibility) in the 2021 statement issued by a British Museum spokeswoman acknowledging that the Bronzes were taken in circumstances of ""devastation and plunder""."
psy_summer_2025,1,1,13-17,225,3,16,14.1,19.1,15.3,1.31,life_science,Orchids and their place in Taiwan,expository_descriptive,True,Although,definition,last_fact,False,False,ok,"(1) Orchids are among the most popular flowering plants in the world. There are tens of thousands of known orchid species, and botanists believe that there are thousands more that have not yet been identified. Orchids are lovely to look at and often have a pleasant smell. One of the best-known kinds of orchids is the vanilla plant, whose seeds (5) are used in flavoring food and making perfume.

Although orchids are often thought of as exotic, they are actually very common. They are found on every continent except Antarctica and in most environments – from deserts to tropical rainforests to mountaintops. Many orchids are epiphytes; they grow on the bark of trees. Other species, called lithophytes, grow on rock. Some orchids (10) even grow completely underground.

Taiwan – also called the Republic of China – grows more orchids for export than any other country in the world. Sales of the flowers bring in tens of millions of dollars there each year. But orchids are more than just a money maker for Taiwan. They have been an important part of Chinese culture for thousands of years. They are used in (15) traditional Chinese medicines that strengthen the body's immune system, improve eyesight, and cure a number of illnesses. In Chinese art, the flower symbolizes human qualities such as modesty and honesty. Indeed, the ancient Chinese philosopher Confucius compared virtuous people to orchids."
psy_summer_2025,1,2,18-22,301,3,19,15.8,16.3,12.8,0.95,sports_leisure,The Rubik's Cube and speedcubing,expository_descriptive,True,however,definition,last_fact,False,False,ok,"(1) The iconic Rubik's Cube, created in 1974 by Erno Rubik, a Hungarian professor of architecture, is a three-dimensional puzzle that has inspired and challenged millions around the world for decades. Rubik, an artist and designer as well as an academic, was mesmerized by geometry and patterns. He came up with the idea for the cube while (5) tinkering with small blocks. His initial aim was to devise a tangible prop to help his students understand three-dimensional geometry. After many attempts, Rubik built a cube-shaped structure consisting of many smaller cubes.

The cube designed by Rubik is an object of fixed size and shape that nevertheless has moveable parts. Each of the six faces of the Rubik's Cube consists of nine (10) individual squares. The squares are of equal size. Every square is one of six different colors: white, red, blue, orange, green, or yellow. Sections of the cube can be manipulated to shuffle the squares. The objective is to make each face all one color by twisting and turning one section at a time. This may seem a simple task, but there are over 43 quintillion possible configurations of squares and only one correct outcome.

(15) Originally called the Magic Cube, the puzzle was first sold in Hungary in 1977. The puzzle was a smash hit there and went on to conquer the world in the early 1980s, bringing Rubik fame and financial success. Within a few years, however, the cube fad fizzled out. Unfazed, Rubik decided to open a studio and create new puzzles. The Rubik's Cube made a comeback in the 1990s with the advent of ""speedcubing"" – timed (20) competitions to solve the puzzle, sometimes under unusual conditions, such as while skydiving, underwater, or blindfolded. The record for a single solve stands at under four seconds. Rubik himself can complete the puzzle in approximately one minute."
psy_summer_2025,2,1,13-17,346,3,21,16.5,13.0,6.5,0.67,medicine_health,Why people exercise less than before,problem_then_explanation,True,In spite of all this,historical_date_anchor,summary_restatement,False,False,ok,"(1) For most of human history, the vast majority of people got plenty of exercise. The activities of daily life – hunting, plowing fields, chopping firewood, washing clothes by hand – demanded enough exertion to build strong muscles and healthy hearts and lungs. However, beginning in the 18th century, the Industrial Revolution changed the conditions (5) of work and home. As technology continued to develop, physical activity declined steadily. Initially, this was hailed as freedom from toil and drudgery, but it was eventually recognized as a factor in the increased prevalence of certain health problems, such as heart disease.

The physical culture movement, which emerged in Europe and North America in (10) the 19th century, was an attempt to turn the tide. The movement advocated scheduled exercise and the introduction of physical education classes and organized sports into schools. Decades later in the early 1960s, U.S. President John F. Kennedy launched a nationwide campaign that challenged Americans of all ages to become physically fit. The second half of the 20th century saw the rise of fitness as a profitable industry. (15) A myriad of companies began marketing sporting goods, exercise equipment, and memberships to gyms and exercise studios. Today, those interested in fitness can choose from a seemingly endless array of training and exercise methods. In addition, there is a growing body of scientific research on the effects of exercise and the best ways to keep fit.

(20) In spite of all this, more people than ever are out of shape, and medical conditions related to a sedentary lifestyle – such as obesity, diabetes, and high blood pressure – are increasingly pervasive. Why is this so? For one thing, some people remain unaware of the need for exercise, or are simply uninterested. Even those who would like to exercise may not have the time. Long days of work, commuting, and family responsibilities (25) leave a person tired. People often spend what little leisure time they have in front of screens large and small. Thus, despite the best efforts of the physical culture movement, it seems people are getting less exercise than their pre-Industrial Revolution counterparts."
psy_summer_2025,2,2,18-22,365,4,19,19.2,12.4,8.7,0.68,arts_literature,Rebecca Solnit's letter about books,expository_descriptive,False,,definition,summary_restatement,False,False,ok,"(1) A Velocity of Being: Letters to a Young Reader (2018) is a collection of inspirational letters addressed to children about why we read and what books do for the human spirit. The letters are composed by 121 people, accomplished in fields ranging from astrophysics to philosophy and music. Reflecting an enormous range of human (5) experiences, the writers – among whom are a Holocaust survivor and Italy's first woman in space – have one thing in common: their worldview has been shaped by a lifetime of reading. Rebecca Solnit, an eminent American writer and historian, contributed the following letter to the book:

Dear Readers,

(10) Nearly every book has the same architecture – cover, spine, pages – but you open them onto worlds and gifts far beyond what paper and ink are, and on the inside they are every shape and power. Some books are toolkits you take up to fix things, from the most practical to the most mysterious, from your house to your heart, or to make things, from cakes to ships. Some books are wings. Some are horses that run away with (15) you. Some are parties to which you are invited, full of friends who are there even when you have no friends. In some books you meet one remarkable person; in others a whole group or even a culture. Some books are medicine, bitter but clarifying. Some books are puzzles, mazes, tangles, jungles. Some long books are journeys, and at the end you are not the same person you were at the beginning. Some are handheld lights you can (20) shine on almost anything.

The books of my childhood were bricks, not for throwing but for building. I piled the books around me for protection and withdrew inside their battlements, building a tower in which I escaped my unhappy circumstances. There I lived for many years, in love with books, taking refuge in books, learning from books a strange (25) data-rich out-of-date version of what it means to be human. Books gave me refuge. Or I built refuge out of them, out of these books that were both bricks and magical spells, protective spells I spun around myself. They can be doorways and ships and fortresses for anyone who loves them."
psy_winter_2021,1,1,13-17,348,3,13,26.8,7.3,4.7,0.38,social_science,Girls' early beliefs about brilliance,problem_then_explanation,True,however,striking_fact,future_speculation,False,False,ok,"(1) There is a common misconception – even among parents and teachers – that academic success among girls is due to hard work, while among boys it is an outcome of natural ability. A recent study found that many girls also share this view. According to New York University's Andrei Cimpian, a co-author of the study, girls as young as six (5) believe that brilliance is a male trait.

Most children are exposed to and influenced by gender stereotypes from an early age. To determine how young children think about gender, intelligence, and grades, the researchers conducted a series of exercises involving 200 boys and 200 girls aged five and six. The results showed that about 70 percent of the time, five-year-old boys and (10) girls described people of their own gender as being smart. By the age of six, however, girls associated smartness with females only 48 percent of the time, while boys linked intelligence with males 65 percent of the time. It was also found that although boys and girls were equally interested in playing a game that they were told was for children who ""try really, really hard"", girls were less interested than boys in playing a game that they (15) were told was for children who ""are really, really smart"". Additionally, while girls were more likely than boys to associate their own gender with good grades, they did not attribute these good grades to intelligence. ""Already by this young age,"" said Cimpian, ""girls are discounting the evidence that is in front of their eyes.""

The belief that they are not naturally smart can have implications for the (20) educational and professional paths that young women choose. For example, they may opt out of academic disciplines that are commonly considered difficult, such as math and physics, despite having high grades in these subjects in high school. Indeed, studies suggest that the low proportion of women in such fields could be a result of women not believing that they have the intelligence to succeed in them. It is Cimpian's hope that (25) his research will contribute to the emergence of interventions that prevent stereotypes from affecting women's career choices."
psy_winter_2021,1,2,18-22,262,4,12,21.8,19.7,16.2,2.17,language_linguistics,The Oxford comma controversy,claim_then_counterclaim,True,It eventually transpired,definition,open_question,False,False,ok,"(1) The Oxford – or serial – comma, traditionally used by writers, editors, and printers at Oxford University Press, is the one inserted just before the ""and"" or ""or"" at the end of a list. Recently, however, the Oxford University website issued a surprising directive: ""As a general rule, do not use the serial/Oxford comma."" A fierce uproar ensued, (5) with advocates of the extra comma bemoaning its demise while others celebrated.

The row rallied grammatical pedants everywhere. One of these, Alexandra Petri, wrote in the Washington Post: ""The Oxford comma is logical, helpful, and innocuous. Leaving it out creates strange bedfellows at the ends of sentences. The comma keeps lists from bleeding into each other – as in the dedication, 'To my parents, Ayn Rand and (10) God.' It keeps you from accidentally clumping things that don't want to be clumped.""

The counterargument was presented by Harry Mount in London's Daily Telegraph: ""There are, admittedly, times when an Oxford comma makes better sense. But, on the grounds of simplicity and beauty, the Oxford comma loses out. Its absence makes a sentence less cluttered and more pleasing to the eye. It's better to kill off the poor, (15) awkward thing.""

It eventually transpired that the whole outcry had been misguided: the Oxford comma had not been abandoned by its champions, Oxford University Press, but only by the university's public relations department. A spokesperson for the Press explained that the style change applied only to university press releases and in-house communications. (20) It appears that everyone had simply overreacted. Nevertheless, the debate over the desirability of the Oxford comma continues."
psy_winter_2021,2,1,13-17,363,3,19,19.1,15.6,10.5,1.42,arts_literature,Van Aken's Tree of 40 Fruit,expository_descriptive,True,And yet,historical_date_anchor,quotation,True,False,ok,"(1) In 2008, award-winning American artist and sculptor Sam Van Aken decided to create a unique and beautiful work of art that would make people stop in wonder. The result was Van Aken's ""Tree of 40 Fruit"" – a tree that can produce 40 different kinds of fruit, including peaches, apricots, plums, cherries, and nectarines. The tree seems (5) ordinary enough until spring arrives, when it blooms into a spectacular collage of white, pink, red, and purple blossoms. Come summer, these blossoms turn into an array of different fruits. Van Aken has created more than a hundred of these trees since launching his project and believes they change the way the viewer perceives nature.

Van Aken's trees are not the product of genetic engineering but rather of an age-old (10) agricultural practice called grafting. Traditionally, this involves taking a section from one tree and inserting it into the trunk of a second tree, known as the host. Adhesive tape is used to hold the new section in place. If all goes well, the graft becomes part of the host tree within a few months. Van Aken's grafting process is much more complex. He begins by fixing about twenty grafts of different fruit varieties onto the host tree and (15) gradually adds other varieties over the next few years. Van Aken carefully plans out his work, taking into account when each type of tree blooms and bears fruit. And yet, a Tree of 40 Fruit, like any other living organism, is subject to the unpredictability of natural phenomena. ""You can't really control which graft is going to grow more successfully than others,"" says Van Aken.

While creating his first tree, Van Aken had difficulty locating the dozens of different (20) fruit trees he needed. He discovered that many varieties that had once flourished in the US were disappearing; farmers were no longer cultivating them because their fruit was no longer commercially viable. Van Aken began to envision his project as an opportunity to preserve them. He decided to visit farmers across the country so that he (25) could graft these increasingly rare varieties onto his trees. ""In a way,"" he says, ""the Tree of 40 Fruit is an archive of the agricultural history of our country."""
psy_winter_2021,2,2,18-22,349,4,18,19.4,14.7,10.5,0.89,sports_leisure,Poker's rise to respectability,expository_descriptive,True,But today,historical_date_anchor,irony_or_twist,False,False,ok,"(1) For almost two centuries, poker was an illicit game played in the smoke-filled back rooms of saloons and private clubs. For many years, Nevada, California, and Montana were the only places in the United States where the game was legal. But today, with sanctioned casinos in most states, special poker sites on the Internet, and hundreds of (5) televised tournaments, poker has become legitimate. The recent World Championship of Poker in Atlantic City, New Jersey, attracted a colorful cast of characters, including veteran professionals, a young mathematician hoping to implement a sophisticated strategy, and a group of grandmothers from California representing a weekly poker game for retirees. The participants were vying for a cash prize of over four million (10) dollars.

Developed in the United States in the late 1700s, poker is a hybrid of the betting games ""as nas"", ""poque"", ""brag"", and ""Poch"", from Persia, France, England, and Germany, respectively. The game spread rapidly, in part because it was fast-paced and easy to learn. But its greatest attraction was the fact that players willing to gamble (15) could make an enormous amount of money in a short amount of time. The potential for quick financial rewards made the game a magnet for criminal elements. Moral condemnation by religious leaders followed and, eventually, prohibition by the government.

Poker's current return to respectability is part of a larger trend in the United States. (20) Legalized casinos – which offer poker among other gambling games – are opening across the country. Casting aside previous concerns about the potential moral and criminal consequences of gambling, many states have found that casinos generate huge tax revenues and boost tourism.

For the current generation of poker players, the allure of the game is, as it always (25) was, excitement and the promise of easy money. However, players should not be surprised to find themselves losers in both respects. Nancy Shute, a first-time participant in the Atlantic City tournament, says that despite her expectations, she found the experience ""as exciting as watching yogurt"". Shute adds that she vows never to play poker again. She lost all her money in the second round."
psy_winter_2022,1,1,13-17,232,3,12,19.3,19.0,14.2,1.25,life_science,How whales breathe and sleep,expository_descriptive,False,,definition,summary_restatement,False,False,ok,"(1) The whale, a warm-blooded, oxygen-breathing marine mammal, has a unique respiratory system, which enables it to remain submerged for long periods of time without coming up for air. The whale's lungs basically function like those of other mammals, including humans, yet this enormous beast breathes far more efficiently. (5) Whereas humans absorb only 15 percent of the oxygen they inhale, whales absorb as much as 90 percent. Essentially, a whale's specialized physiology gives it better ""gas mileage"": each breath goes a long way. Some whales' respiratory systems are so efficient that the animals can remain underwater for as long as 90 minutes between breaths.

(10) Evolution has provided the whale with one of its most interesting features: its ""nose"". Known as the blowhole, this orifice located on the top of its head allows the whale to take in air without surfacing completely. The whale approaches the surface of the water, flexes a muscle in order to open the blowhole, and then inhales.

Unlike most mammals, whales do not breathe automatically but must make a (15) deliberate effort to do so. The question then arises: how can they breathe while they are asleep? Marine biologists have determined that whales have the extraordinary ability to let only half of the brain sleep at any given time. In this way, the whale is never completely unconscious and thus obtains both an adequate supply of oxygen and an adequate amount of rest."
psy_winter_2022,1,2,18-22,255,4,12,21.2,19.0,14.0,1.5,other,The Tamworth Two runaway pigs,chronological_narrative,False,,striking_fact,last_fact,False,False,ok,"(1) Not since King Alfred the Great fought off Danish and Norwegian invaders a thousand years earlier had the English town of Malmesbury seen such excitement. Reporters arrived from as far away as Japan and two helicopters flew over the town at all hours, all in the hope of catching a glimpse of a pair of fugitives known as the (5) Tamworth Two.

In January 1998, as they were being unloaded from a truck outside the local slaughterhouse, two plucky Tamworth pigs ran for their lives. They swam across the nearby River Avon, squeezed through a fence, and hid in a garden. The five-month-old siblings, nicknamed Butch and Sundance after a pair of likeable outlaws in a popular (10) film, were on the run for over a week, most of which they spent frolicking in a dense thicket.

The pigs' owner, Arnoldo Dijulio, caused a public outcry when he stated that he still intended to send the pair to the slaughterhouse should they be captured. Outraged animal lovers offered Dijulio huge sums of money to buy the pigs' freedom. Eventually, (15) the Daily Mail newspaper bought the Tamworth Two from Dijulio in return for exclusive rights to the story. And just in time. Butch was soon caught while foraging in the thicket and Sundance was flushed out the next day.

Butch and Sundance's new owners sent them to an animal sanctuary to live out the rest of their lives. In 2003, the BBC network captured their story for posterity in an (20) hour-long television movie called The Legend of the Tamworth Two."
psy_winter_2022,2,1,13-17,275,4,17,16.2,10.4,7.6,0.41,biography,Confucius and Confucianism,chronological_narrative,True,however,named_person,last_fact,True,False,ok,"(1) Kung-fu-tzu, or Confucius, founded the Chinese philosophy of Confucianism. Confucius was born in 551 BCE in the city-state of Lu in northern China and died in 479 BCE. Not much is known about his early life, but it is thought that his rich and aristocratic family lost its status and became poor.

(5) When Confucius was young, the political situation in China was unstable. Although he held various official positions at the beginning of his career, Confucius eventually decided to become a teacher in order to educate future leaders. He attracted a large number of students with whom he discussed the moral, social, and political problems of the day.

(10) Confucius taught his students by encouraging debate, not by lecturing them. He emphasized the importance of Li, which might be translated as proper behavior or good manners. Confucius's ideal person was serious, respectful to superiors, and polite to strangers. Confucius believed that it was a son's duty not only to take care of his parents, but also to respect his ancestors. After Confucius died, his students continued (15) to spread his ideas. His teachings and philosophy have deeply influenced East Asian life.

For hundreds of years, Confucianism was widely followed in China. It was viewed as a way of life, a code of moral and social behavior, rather than a religion. Therefore, many people followed the teachings of Confucius while at the same time practicing a (20) religion such as Buddhism or Christianity. After the Communist revolution of 1949, Confucianism was banned by China's rulers, who believed that it would prevent social progress and change. In 1962, however, the Communist government changed its policy and the practice of Confucianism was permitted once again."
psy_winter_2022,2,2,18-22,335,3,18,18.6,18.2,8.8,0.72,social_science,Rice theory of Chinese cultural traits,phenomenon_then_cause,False,,named_person,quotation,False,False,ok,"(1) Thomas Talhelm, today an associate professor of behavioral science at the University of Chicago, studies how culture affects human behavior. While living in China from 2007 to 2012, Talhelm became aware of differences in the traits and behaviors of people from different regions. He soon realized something that the (5) Chinese themselves had long known: China's largest river, the Yangtze, serves not only as a geographical barrier, but also as a cultural divide. People who live south of the river are thought to be more cooperative and community oriented, while people who live north of the river are perceived as being more assertive and self-sufficient.

Talhelm posited that these particular characteristics could be traced to the primary (10) agricultural crop grown in each region. Rice – southern China's staple crop – is grown in flooded fields called paddies. Neighboring farmers must flood, and later drain, their paddies at the same time to avoid causing significant damage to one another's fields. Lack of cooperation endangers everyone's livelihood. In contrast, the main crop in northern China is wheat. Wheat farming does not generally require much collaboration. (15) One family can plant, tend, and harvest a field of wheat without the help of others.

Talhelm and his colleagues conducted a study to test the validity of his proposition, later referred to as ""rice theory"". They administered a series of psychological tests to 1,162 university students, some from cities north of the Yangtze River and some from cities south of the river. The tests measured personal qualities such as individualism (20) and loyalty. The study, published in 2014, found that rice farming fosters interdependence, whereas wheat farming fosters independence. Interestingly, these characteristics were evident even when the students were not from families that currently farm rice or wheat. The study concluded that it is the multi-generational heritage of rice or wheat farming rather than one's current experience that shapes (25) behavior and mindset. As Talhelm notes, ""Cultures that farm rice or wheat over thousands of years pass on rice or wheat cultures, even after most people put down their plows."""
psy_winter_2023,1,1,13-17,313,3,15,20.9,19.7,11.3,0.87,other,Post offices in extraordinary locations,expository_descriptive,True,However,question,last_fact,False,False,ok,"(1) In today's world of fast, efficient communication such as email and WhatsApp, why would anyone bother with stamps and envelopes? Indeed, ""snail mail"" – as the regular postal system is often called – may eventually become obsolete. Some post offices have radically streamlined the services they provide or have closed altogether. However, a (5) few are flourishing – thanks to their surprising locations.

One of the most unusual post offices is found in Vanuatu, a country comprising many islands in the South Pacific Ocean. Located in Hideaway Island Marine Sanctuary, the world's first underwater post office lies fifty meters offshore and three meters below the water's surface. A flag flown above the site announces when the (10) postal workers – trained divers who swim to work wearing scuba equipment – are on duty. An estimated 100,000 tourists have used the post office since its opening in 2003. Visitors who choose to dive can purchase waterproof postcards on shore and swim out to mail them (non-divers have the option of placing them in a mailbox located in a hotel). Vanuatu Post encourages visitors to literally look below the surface.

(15) Another postal facility that owes its fame to its location is the Penguin Post Office, the most popular tourist attraction in Antarctica. Run by the United Kingdom Antarctic Heritage Trust, the world's southernmost post office is situated at Port Lockroy, on tiny Wiencke Island, 1100 kilometers from the tip of South America. The post office operates only during the four months of summer, when thousands of tourists arrive on (20) cruise ships to enjoy Antarctica's natural beauty, watch Port Lockroy's huge colony of gentoo penguins in action, and send postcards – 80,000 annually – to relatives and friends back home. The four-person staff is replaced every year. Despite the remote location, cold weather, minimal salary, and crude living conditions, more than fifty people eagerly apply each year to the Heritage Trust for the privilege of undergoing this (25) singular experience."
psy_winter_2023,1,2,18-22,241,3,14,17.2,14.5,10.5,1.0,arts_literature,How accurate science fiction predictions were,expository_descriptive,True,"Clearly, not everything",striking_fact,summary_restatement,False,False,ok,"(1) Science fiction writers have superb imaginations. They transport us to parallel universes and offer startling visions of what the future might hold. But just how accurate have the fantasies of writers turned out to be?

Many depictions of futuristic inventions that appear in works of science fiction were (5) remarkably accurate in anticipating technological developments. In his 1865 novel From the Earth to the Moon, Jules Verne envisioned a flight into space. Using his knowledge of engineering, he described, among other things, a ""moon gun"", similar in principle to the rockets that launched spaceships to the moon a century later. Edward Bellamy, in his 1888 novel Looking Backward, wrote of people using something akin to (10) today's debit cards instead of money. In George Orwell's novel 1984, published in 1949, the ability of the all-controlling dictator to track citizens' every movement foreshadowed the 24-hour surveillance capabilities available today. Other innovations that have become features of everyday life – such as iPads, cell phones, smartwatches, and the internet – were all described long ago in one form or another in works of (15) science fiction.

Clearly, not everything concocted by science fiction writers has become reality. Time travel, cities on other planets, and robot rebellions remain for the time being in the realm of imagination. For science fiction writers, however, accuracy is not necessarily the point. As author Larry Niven explains, their aim is to imagine all possibilities. This, (20) he notes, is not the same as attempting to predict the future."
psy_winter_2023,2,1,13-17,298,3,16,18.6,13.6,9.3,1.0,biography,Firdousi and the Shahnameh,chronological_narrative,True,However,named_person,last_fact,True,False,ok,"(1) Abu'l Qasim Mansur (c. 935-1026), more commonly known by his pen name, Firdousi, was a medieval Persian poet of great eminence. He is best known for his Shahnameh (Book of Kings), a lengthy epic poem that recounts the history and legends of Persia. Firdousi, who spent 35 years working on the poem, based his work on an (5) earlier collection of Persian stories and historical records. For over a thousand years, Persians have read and listened to recitations from this literary masterpiece.

There are many different accounts about the events preceding and following the production of the Shahnameh. According to one, Sultan Mahmud had promised to give Firdousi one gold coin for each verse of the Shahnameh, to be paid upon its completion. (10) The poem ended up being 60,000 verses long. The Sultan's advisors pointed out that the payment would be enormous and convinced him to pay Firdousi in silver coins rather than gold. When Firdousi heard this, he was outraged and refused to accept the money. Ten years later – as the story goes – the Sultan read a beautiful line of poetry written by Firdousi and deeply regretted his unfair treatment of the poet. He sent (15) messengers to deliver the 60,000 gold coins, along with a letter of apology and a special robe as a sign of respect. However, the caravan carrying the treasure arrived in Firdousi's village just as the poet's funeral procession was passing through the streets.

The Sultan's messengers offered the money to Firdousi's daughter, but she turned it down. Firdousi's sister, however, remembered that the poet had often discussed the (20) need to build a stone wall along the river to protect the village from flooding. She used part of the gold for this and, to commemorate her brother, used the rest to build a caravanserai – a guesthouse for travelers."
psy_winter_2023,2,2,18-22,271,3,15,18.1,27.1,19.5,1.4,natural_science,X-ray crystallography and insulin,expository_descriptive,False,,definition,last_fact,False,False,ok,"(1) Crystals are found in many of the substances in the world around us – including the minerals that make up rocks, compounds found in plants, and metals. Scientists have long known that the molecules that make up crystalline substances are arranged in a precise, three-dimensional geometric pattern that repeats itself. However, an exact (5) map of a crystal's structure can be drawn only by using a technique called x-ray diffraction crystallography.

When a beam of x-rays strikes a crystal, the crystal scatters the beam in many different directions and with different intensities. By capturing a photographic image of these scattered x-rays, one obtains a ""diffraction pattern"" that can be used in deciphering (10) the molecular configuration of the crystal. Though no easy task, accurately determining the crystal's structure is crucial to understanding its properties and behavior. Such information can be extremely useful in many fields – for example, medicine.

A case in point is the research on insulin that was conducted by British scientist Dorothy Crowfoot Hodgkin. Insulin is a hormone that regulates the body's processing (15) of sugars and fats. Inadequate production or improper utilization of insulin results in diabetes, a serious disease. In 1934, Hodgkin set out to ascertain the hormone's molecular structure by using x-ray diffraction crystallography on samples of crystallized insulin. At that time, x-ray diffraction crystallography was not sufficiently developed to cope with the complexity of the insulin molecule, which consists of over 400 atoms. (20) Over the years, Hodgkin, together with other researchers, radically improved x-ray diffraction crystallography. She was awarded the Nobel Prize in Chemistry in 1964 for her work. In 1969, after 35 years, she finally succeeded in resolving the molecular structure of insulin."
psy_winter_2024,1,1,13-17,267,4,16,16.7,19.4,14.7,1.38,history,Medieval European public bathhouses,debunking_a_belief,True,however,striking_fact,irony_or_twist,False,False,ok,"(1) In all probability, residents of early medieval Europe enjoyed healthier conditions, despite the crudeness of sanitary equipment, than their more prosperous 16th-century descendants. This was due to the establishment, in the Middle Ages, of public bathhouses. Sometimes run by private individuals, but more often by the local (5) municipality, these bathhouses were common institutions in medieval European towns. Their existence was an indication of the importance attached to cleanliness at the time.

A visit to the public bathhouse involved both bathing and steaming. It was customary to engage in such extensive cleaning at least once in two weeks and sometimes even weekly. Like the Roman bathhouse, the medieval bathhouse was a (10) meeting place which promoted social contact. Paintings of the period depict people gossiping and eating together at the bathhouse, unembarrassed by bodily exposure. In addition, at the bathhouse one could be treated for pains and inflammatory conditions. So popular was bathing in the Middle Ages that the practice even spread to rural districts.

(15) By the 16th century, however, bathing had become less popular throughout Europe. The city of Frankfurt, which had 29 bathhouse keepers in 1387, had none in 1530. The scarcity of wood in the vicinity of large cities had made heating large quantities of water prohibitively expensive. Bathing became a luxury that only the upper classes could afford.

(20) In the 19th century, in an attempt to overcome the uncleanliness and disorder that had prevailed in urban life for some time, many cities created public bathhouses in poor neighborhoods. No doubt those cities' officials would have been astounded to learn that they were returning to a common medieval practice."
psy_winter_2024,1,2,18-22,314,4,18,17.4,13.2,10.7,1.11,anthropology_culture,China's long pigeon culture,chronological_narrative,True,Still,question,last_fact,False,False,ok,"(1) The eagle is the subject of an ode by William Shakespeare, the swallow, of a short story by Oscar Wilde. But what about the pigeon? As a matter of fact, China has a long history of what might be called ""pigeon culture"". The bird is immortalized in the Pigeon Classics, a book written some time during the Ming dynasty (1368-1644). (5) Pigeon breeding in China dates from that period, when armies used the birds to deliver messages. Even today, pigeons are utilized to fly information into mountainous areas of the country that are difficult to reach by other means.

By the 17th century, pigeons were being trained to do acrobatics. They performed in air shows, their feet adorned with elaborately carved bamboo whistles that piped (10) music as they flew. In the 1930s, Chinese pigeon owners began breeding their birds for racing. This pastime was outlawed during the Cultural Revolution of the 1970s as a ""feudal, capitalist sport"", and pigeon breeding came to an end. As a result, when the government looked for pigeons to release at the opening ceremony of a national sports competition in 1980, none were to be found. So, in 1982, the Beijing Pigeon (15) Association was formally established. At the 1990 Asian Games in China, 60,000 pigeons were released over the stadium.

Today, 3 million of the 7 million registered pigeon breeders in the International Homing Pigeon Federation live in China. One of them, Sun Mi, who has raised pigeons since the age of 8, now has 80 racing pigeons living in a dovecote on the roof of his (20) small home in central Beijing. He is so attached to them that he has put their coop next to his bedroom.

Still, pigeon raising in China is not without problems, primarily related to cost and hygiene. For example, a racing pigeon in top form may sell for as much as 100,000 yuan in a country where the average monthly salary is about 600 yuan."
psy_winter_2024,2,1,13-17,264,3,12,22.0,17.0,12.6,0.92,biography,Jacques Cousteau's ocean exploration,chronological_narrative,False,,named_person,last_fact,True,False,ok,"(1) Jacques Cousteau was among the first underwater explorers to bring the wonders of the sea into homes around the globe. His books and films, and his television series, The Undersea World of Jacques Cousteau, introduced millions of people to the world of sharks, whales, dolphins, and other sea creatures. Though he was dedicated to sharing (5) his excitement and curiosity through these media, Cousteau himself lived by the motto, ""We must go and see for ourselves.""

Born in France in 1910, Cousteau loved the ocean even as a child. As a young man, he joined the French navy, embarking on a life of adventure at sea. When he was in his thirties, he helped invent the aqualung, a machine that made it possible for people to (10) breathe underwater for several hours at a time. In 1950, Cousteau bought the Calypso, the famed ship that took him on his explorations around the world. In the 1960s, he had the first of many undersea stations built, where teams of researchers could spend lengthy periods of time studying marine life and carrying out experiments. Cousteau's endeavors paved the way for future discoveries by marine biologists and underwater (15) archaeologists.

One of Cousteau's most important contributions was raising public awareness of the threat pollution poses to marine life. In 1960, together with Prince Rainier III of Monaco, he succeeded in preventing France from dumping nuclear waste in the Mediterranean Sea. He later founded the Cousteau Society for the Protection of Ocean (20) Life. Cousteau died in 1997, but the society continues to educate the public about the need to conserve the oceans of the world."
psy_winter_2024,2,2,18-22,273,4,13,21.0,20.4,11.9,1.15,food_agriculture,Science applied to the culinary arts,expository_descriptive,True,Nevertheless,striking_fact,summary_restatement,False,False,ok,"(1) Science has interacted with the visual and performing arts for centuries, not only improving the preservation, reproduction, and dissemination of works of art, but also providing new, technology-based media for artistic expression. Despite concerns, there is no indication that science in any way compromises artistic creativity. On the (5) contrary, it appears to nurture it by opening up new possibilities.

The relationship between science and the culinary arts also has a long history; French physicist Denis Papin invented the pressure cooker in 1679 and described it in a book that can be considered the first modern text on science and cooking. Nevertheless, until the end of the twentieth century, scientists for the most part considered cooking to (10) be a frivolous subject, while cooks regarded the introduction of scientific techniques into their kitchens with suspicion, if not outright hostility. Since the 1990s, however, interest in the application of science to the development of new cooking techniques has been mounting.

Today, culinary science is a thriving field. Scientists study the chemical (15) composition of foods, their physical and biological properties, and the interactions of their constituents with one another and with their environment. Physicists investigate the effects of heating and cooling processes on food, while structural chemists examine the behavior of large molecules, such as complex carbohydrates and proteins. Chromatographic technology makes it possible to isolate the components of foods that (20) give rise to tastes and aromas.

The gains of applying science to cooking are evident. Science can explain many old and seemingly inexplicable culinary tricks. It also allows chefs to experiment with new combinations of ingredients in their pursuit of sophisticated flavor profiles, beautiful presentation, and originality."
psy_winter_2025,1,1,13-17,255,3,14,18.2,12.6,8.1,0.79,anthropology_culture,The appeal of TV game shows,phenomenon_then_cause,True,however,historical_date_anchor,last_fact,False,False,ok,"(1) Ever since the 1930s, when families across the U.S. tuned in to Uncle Jim's Question Bee on the radio, game shows have been part of American popular culture. Particularly after Truth or Consequences, another radio game show, was adapted for television in 1950, the genre became a hit. Over the years, game shows have become (5) standard television fare, and a number of formats have emerged. Chief among these are trivia quizzes, relationship or dating games, and tests of endurance. Today, game shows and their celebrity hosts are permanent features of television culture. Almost every day of the week, they are broadcast at peak viewing times.

The success of such shows is largely dependent on the eagerness of ordinary people (10) to appear on TV. The chance to win money and prizes offsets the potential for failure or embarrassment in front of millions of viewers. An additional incentive for contestants is the fantasy of being catapulted to fame and fortune themselves: several well-known actors and comedians got their start on game shows. No wonder so many people vie for the ""privilege"" of being a contestant.

(15) Ultimately, however, it is audience involvement – whether in the TV studio or from the comfort of one's living room – that differentiates game shows from other programs produced for television. Indeed, the game show's unending public appeal can be attributed to the play-along aspect. Many viewers actively participate: they talk to the TV screen, advise the contestants, call out answers to questions, and share in the tension (20) and excitement of the actual participants."
psy_winter_2025,1,2,18-22,440,4,24,18.3,15.0,10.9,0.92,history,Cutting the Cullinan diamond,chronological_narrative,True,not that of the Cullinan dividing,historical_date_anchor,last_fact,False,False,ok,"(1) In 1905, a massive diamond was discovered at the Premier Mine in Cullinan, a town in the British Empire's Transvaal Colony in South Africa. At 3,106 carats – the weight and size of an average human heart – it was and still is the largest gem-quality rough diamond ever found. The Cullinan, as the diamond was named, was put on display in (5) Johannesburg and later that year was sent to the Premier Mine Company's London offices to be sold. With the eyes of the world watching in fascination, the diamond was given an appropriately grand sendoff by ship, accompanied by armed guards. Unbeknownst to most, the Cullinan had actually been posted to London in an inconspicuous parcel. It arrived safely, but no buyer could be found. Eventually, the (10) Transvaal government purchased the stone and presented it to King Edward VII on the occasion of his 66th birthday.

After due deliberation, the King decided to entrust the formidable task of cutting and polishing the Cullinan to master craftsman Joseph Asscher of Amsterdam. The diamond would thus need to make another journey. With much fanfare and publicity, a (15) sealed box ostensibly containing the Cullinan was placed on a Royal Navy ship that set sail for the Netherlands. Meanwhile, Joseph's brother Abraham was aboard a different ship bound for the same destination. In one of the pockets of his winter coat was the diamond that was the talk of the world.

Joseph Asscher spent six months studying the diamond in minute detail. According (20) to his calculations, the Cullinan could be cleaved into two pieces, and then into smaller stones. But diamond cutting is a delicate business – one tiny error could shatter the precious stone. Asscher spent a full month meticulously carving a one-centimetre-deep groove in the stone. On February 10, 1908, he was finally ready to make the cut. Reporters and other spectators crowded into his workshop, keen to witness the world's (25) greatest diamond cutter either successfully split the world's largest rough diamond or fail and reduce it to fragments.

Asscher was under tremendous pressure when the moment arrived. He carefully wedged a splitting knife into the groove and then struck it forcefully with a hammer. A cracking sound rang out – not that of the Cullinan dividing but that of the knife (30) breaking, confirming that diamond is indeed the hardest substance on earth. Four days later, equipped with sturdier tools, Asscher finally split the Cullinan in two. Over the next eight months, he and his team of expert cutters and polishers created nine large jewels for the King and his family. Ninety-six smaller stones from the Cullinan were retained by the Asscher Diamond Company as payment for services rendered."
psy_winter_2025,2,1,13-17,386,4,21,18.4,10.7,7.5,0.67,biography,Dolly Parton's education philanthropy,expository_descriptive,False,,named_person,quotation,True,False,ok,"(1) It is difficult to overstate the achievements of Dolly Parton: singer, songwriter, author, actress, businesswoman. Born in 1946 to illiterate parents, Parton grew up with eleven siblings in a one-room cabin with no electricity in a rural part of the US state of Tennessee. While she achieved stardom and financial success, Parton never forgot her (5) humble beginnings and has demonstrated a deep and enduring commitment to social welfare through philanthropy.

In 1988, Parton created the Dollywood Foundation to encourage children in her home county to further their education. At the time, more than thirty percent of the students in Sevier County did not graduate high school. The foundation's first project, (10) the Buddy Program, paired up students in the seventh grade. Each pair worked together over the next six years to ensure that both of them graduated. Parton promised a cash reward to every pair of students who attained this goal. In the years that followed, the high school dropout rate in these schools plummeted to just six percent. The program catalyzed Sevier County to provide additional resources to sustain this improvement. (15) Today the Dollywood Foundation offers some of the county's high school graduates scholarships for their university education.

In 1995, the Dollywood Foundation launched the Imagination Library, a literacy project which aims to introduce young children to the joys of books. From birth to the age of five, children enrolled in the program receive a carefully selected, age-appropriate (20) book free of charge each month. The first book comes with a message from Parton, whom millions of children have come to know and love as the Book Lady. From its origins in Tennessee, the Imagination Library has expanded to over 1,800 communities in five English-speaking countries. In 2018, the Library celebrated the milestone of giving away its hundred-millionth book.

(25) Much of Parton's inspiration comes from her father. ""I created the Imagination Library as a tribute to my Daddy. He was the smartest man I have ever known, but I know in my heart his inability to read probably kept him from fulfilling all of his dreams. If you can read, even if you can't afford education, you can go on and learn about anything you want to know. I think that it's important for kids to be encouraged (30) to read, to dream and to plan for a better life and better future."""
psy_winter_2025,2,2,18-22,341,4,21,16.2,20.0,16.1,1.43,environment,Sunscreen chemicals harming coral reefs,problem_then_explanation,True,One unexpected but significant source of harm,definition,summary_restatement,False,False,ok,"(1) Coral reefs are important marine ecosystems. In addition to serving as the habitat of a vast array of marine life, they shield coastal areas from erosion and bolster the fishing and tourism industries that provide an income for millions of people. But degradation of the environment is endangering reefs around the world. The corals, (5) themselves living organisms, are being harmed by pollution, rising ocean temperatures, and other factors. The deteriorating health of the coral reefs is cause for grave concern.

One unexpected but significant source of harm is sunscreen. When people go into the water, some of the sunscreen they have applied to their skin washes off. One of the most common UV filters used in sunscreens is oxybenzone. A 2016 study by the US (10) National Oceanic and Atmospheric Administration (NOAA) found that exposure to even low doses of this chemical can severely damage coral and other marine life, causing genetic mutations that interfere with hormonal and reproductive processes over generations. Furthermore, the offending chemical was linked to increased susceptibility to coral bleaching – a condition that leaves the reef vulnerable to infection and blocks (15) the delivery of nutrients.

In response to the NOAA study, several vacation destinations imposed restrictions on the use of this substance, and those similar to it. In 2020, the Pacific nation of Palau banned sunscreens containing harmful chemicals. These sunscreens are confiscated from tourists, and anyone importing them faces a $1,000 fine. In 2021, the US state of (20) Hawaii instituted a similar ban. Many other locales have followed suit.

Protection against sunburn and skin cancer is, of course, essential. There are several coral-friendly ways of accomplishing this. One of these is using sunscreen whose active ingredient is either non-nano zinc oxide or certain natural oils. Proper clothes can also offer good protection from the sun: wide-brimmed hats and clothing (25) that covers as much of the body as possible. It is possible to buy specially made clothing with a high UPF (ultraviolet protection factor), but any clothing helps. These measures will limit sun exposure while allowing the world's coral reefs to flourish."
spring_2019,1,1,13-17,295,3,16,18.4,23.2,17.2,1.44,language_linguistics,Whether texting is ruining English,claim_then_counterclaim,True,A counter-argument,striking_fact,summary_restatement,False,False,ok,"(1) Every day, billions of text messages are sent via cellular telephones. Texting has given birth to a new language, text-speak. This language is elliptic, with many letters in a word left out and little punctuation. Perhaps the most noticeable feature of all is the extensive use of abbreviations: single letters, numerals, and symbols that represent (5) words or parts of words. In text-speak, for instance, ""you"" is written ""u"", ""before"" is written ""b4"", and hate is written ""h8"".

In 2007, the Daily Mail published an article entitled ""I h8 txt msgs: How texting is wrecking our language"", in which John Humphrys claimed that texters are vandals who are destroying English by ""pillaging our punctuation [and] savaging our sentences"". (10) Humphrys is not alone. Many linguists and educators warn that the phenomenon of text-speak is a deadly scourge, a technological virus. They fear that it spells the end of the English language.

A counter-argument is presented by David Crystal in his 2008 book, aptly entitled Txtng: The gr8 db8. Crystal claims that text-speak is not the corruption of language, (15) but rather part of its ongoing evolution. He points out that since ancient times, people have been manipulating language by shortening words and using symbols. Shakespeare himself took many liberties with the English language, inventing words and introducing unusual syntax. Crystal goes so far as to argue that texting can even improve communication, quoting several studies which show that it encourages creativity and (20) enhances verbal skills. In order to compose a text message that can easily be understood by others, the texter must have an excellent grasp of spelling, grammar, and sentence structure. Crystal concludes that though many people dislike texting, it is merely the latest manifestation of our ability to adapt language to the ever-changing circumstances of the human condition."
spring_2019,1,2,18-22,375,4,23,16.3,20.8,14.3,1.09,natural_science,Quartz and its many uses,expository_descriptive,False,,definition,summary_restatement,False,False,ok,"(1) Minerals are the substances that rocks are made of. One of the most common minerals on earth is quartz, which is found in a wide variety of rocks. Quartz may be colorless but also occurs in virtually every color. It may be transparent – clear enough to see through; translucent – allowing only some light to pass through; or completely (5) opaque. Quartz has long been valued for its beauty. Some types of quartz – such as amethyst, which is purple, and citrine, which is yellow, orange, or brown – are considered gemstones. These are used to make jewelry, as are stones such as onyx and agate, in which quartz is layered with other minerals.

Quartz is extremely durable and hence is suitable for a vast array of household (10) and industrial applications. It is harder than most other natural substances and is therefore an excellent raw material for manufacturing abrasives: crushed quartz is used to make sandpaper for smoothing softer materials like wood, and cleaning products that scrub off dirt. Quartz sand is essential to the production of glass and ceramics. Because it is also resistant to heat, quartz is used in the manufacture of refractory bricks, which (15) line fireplaces and furnaces.

Transparent quartz is used for making lenses. The curved surfaces of a lens bend light, magnifying objects and therefore making them easier to see. Remains of quartz lenses dating back 4,000 years have been found in Syria and Egypt. In Italy, quartz lenses were set in frames and worn as eyeglasses by the late 13th century. Today, quartz (20) lenses are used in many precision optical devices ranging from microscopes to cameras.

One of the most extraordinary characteristics of quartz is its capacity to generate electricity. In the late 19th century, it was found that when mechanical pressure is applied to a quartz crystal, electricity is produced. This is known as the piezoelectric effect, from the Greek word piezo, meaning push. The opposite phenomenon is called (25) the reverse piezoelectric effect. Passing an electric current – for example, from a battery – through a quartz crystal results in mechanical pressure that causes the crystal to expand and contract at regular intervals. These vibrations drive the timekeeping mechanism of quartz clocks and watches. It is the reverse piezoelectric effect that makes them so accurate."
spring_2019,2,1,13-17,331,4,16,20.7,16.9,13.4,1.06,arts_literature,The Pioneer Valley's bookshop culture,expository_descriptive,True,Nevertheless,striking_fact,summary_restatement,False,False,ok,"(1) With the advent of Amazon.com and other internet bookstores, the business of bookselling has been turned on its head. Nevertheless, traditional bookshops are far from extinct. Many are thriving, particularly those offering lectures, writing workshops, or other literary activities. Nowhere is this more evident than in the Pioneer Valley, the (5) region that straddles both sides of the Connecticut River as it meanders through western Massachusetts.

A visit to the Pioneer Valley is a veritable pilgrimage for bibliophiles. The area abounds in bookshops, where people not only can purchase books but can also enjoy the company of other book lovers. A typical outing might include browsing in a dusty (10) second-hand bookshop, attending a poetry reading or a class on bookbinding, or chatting with an author while buying a signed copy of his or her work. Nat Herold, who has been selling books for over thirty years, hosts as many as fifteen author nights a month. The bookcases in his store, Amherst Books, are on wheels so they can be pushed out of the way to make room for up to a hundred folding chairs.

(15) Writers as well as readers contribute to the region's remarkable book culture. New writers are always arriving in the Valley, increasing the ranks of a surprisingly large number of local authors. The Amherst Books website features over 150 books by contemporary local writers, and the list is continually updated. Books by these writers are displayed prominently in shop windows, proudly bearing the sticker ""Local Author"".

(20) The Pioneer Valley has been home to some of the most noted writers in American literature, from the eminent nineteenth-century poet Emily Dickinson to the beloved twentieth-century children's author Theodor Geisel, better known as Dr. Seuss. Perhaps this is why the Pioneer Valley has become one of the most author-saturated, book- cherishing, literature-celebrating places in the United States. For Bonnie Isman, (25) director of Amherst's Jones Library, the explanation is much simpler: books are just what people in the Pioneer Valley do for fun."
spring_2019,2,2,18-22,253,4,11,23.0,13.2,9.1,0.82,anthropology_culture,Women's power in Iroquois society,expository_descriptive,False,,definition,last_fact,False,False,ok,"(1) The Iroquois Confederacy or, as its members prefer to call themselves, the Haudenosaunee (People of the Longhouse), is a political alliance of six Native American tribes. Like other native peoples of North America, the Iroquois were key figures in the region's development and greatly influenced early North American history.

(5) Iroquois women, for example, have long been a source of interest and inspiration to women's rights activists. Indeed, 19th-century American feminists such as Elizabeth Cady Stanton and Lucretia Mott explicitly cited the model of Iroquois women in their campaign to achieve equality between the sexes. At a time when women in the Western world were regarded as weak and inferior to their male counterparts, Iroquois women (10) were both respected and powerful.

Women played a pivotal role in Iroquois society. Each of the six Iroquois tribes was divided into several clans (named after animals such as bear, turtle, and wolf), each of which was headed by a ""clan mother"". The tribes were matrilineal: after marriage, a man joined his wife's family and their children became members of her clan.

(15) Together, the clan mothers made up the powerful Clan Mothers' Council, which was responsible for appointing the sachem, or tribal leader. While only a man could become the sachem, it was the women of the Clan Mothers' Council who elected him and who had the power to replace him if his behavior displeased them. Furthermore, the Council divided up the land of the predominantly agricultural Iroquois, determining which (20) tracts of land would be allocated to whom."
spring_2020,1,1,13-17,302,3,16,18.9,10.0,5.6,0.38,biography,T.S. Eliot's bank job and poetry,chronological_narrative,True,"But, much to Pound's surprise",quotation,last_fact,True,False,ok,"(1) The English poet Robert Graves once said, ""There is no money in poetry, but then there is no poetry in money, either."" Many poets are caught between their wish to create art and the need to support themselves. Even T.S. Eliot, one of the greatest poets of the twentieth century, could not live on the income his writing provided.

(5) Born in the United States, Eliot moved to London, England, in 1914 at the age of twenty-five. There he met fellow poet Ezra Pound, who took Eliot under his wing. Pound, a respected critic and editor, immediately recognized the young poet's talent and helped Eliot publish some of his first poems, including ""The Love Song of J. Alfred Prufrock"" (1915). By the time his masterpiece The Waste Land was published in 1922, (10) Eliot was already well known and considered an outstanding poet.

Notwithstanding this recognition, Eliot could not earn a living from his poetry and went to work at Lloyds Bank in London. As Eliot's reputation as a poet grew, Pound advised him to devote all his time to writing. In 1923 Pound came up with a plan to make this possible. He persuaded a large group of friends that supporting Eliot would (15) be an investment in the future of poetry. Each of them agreed to contribute a small amount of money so that Eliot could quit his job at the bank and dedicate himself to his art. But, much to Pound's surprise, Eliot refused the offer, explaining that he enjoyed his work and the stability it gave him. In 1925, however, Eliot did leave the bank. He went to work as an editor at a publishing house, a job that was better suited to his (20) literary activity. Holding a steady job did not adversely affect Eliot's poetry: in 1948 he was awarded the Nobel Prize for Literature."
spring_2020,1,2,18-22,341,4,15,22.7,15.7,9.7,0.87,anthropology_culture,Ojibwe wild rice and genetic modification,chronological_narrative,True,however,scene,summary_restatement,False,False,ok,"(1) During the time of year known as the ""wild rice moon"", members of the Native American Ojibwe nation can be seen along the marshy shores of northern Minnesota's lakes, steering their canoes through clusters of wild rice plants. Using carved cedar ""knocking"" sticks, they swipe at the tall plants to make the rice fall into their boats. (5) Going out ""ricing"" on the lakes has been a tribal practice for generations. According to tradition, the Ojibwe, following a sign in the sky, moved westward from the Atlantic coast to a place where ""the food grows on the water"" – the northern inland lakes of Michigan, Wisconsin, and Minnesota. There they found flowing fields of manoomin, or wild rice. Seen as a special gift from the creator of the universe, manoomin not only (10) became a staple in the Ojibwe diet but also assumed cultural and spiritual importance, featuring in various ceremonies and rituals.

Over time, as European settlers encroached upon the lands of the Ojibwe, a battle ensued over the legal rights to wild rice. In an 1837 treaty, the Ojibwe ceded nearly 14 million acres of Wisconsin and Minnesota but retained privileges to hunt, fish, and (15) gather wild rice upon those lands. Federal and Supreme Court cases have since upheld these rights.

In recent years, however, wild rice has been the focus of a heated controversy between University of Minnesota scientists and Ojibwe leaders. The former have produced a genetically modified variant of wild rice for large-scale commercial farming. (20) The project is causing outrage among many of the Ojibwe. For them, wild rice is not just another crop, like wheat or potatoes, but something sacred that should not be tampered with. They vehemently oppose the artificial introduction of DNA from other plants into wild rice, fearing that modified varieties might contaminate the wild type if spread by wind or by birds.

(25) The Ojibwe struggle for the exclusive rights to wild rice is but one example of the worldwide battle for control over natural resources that have, throughout history, been the collective property of indigenous peoples."
spring_2020,2,1,13-17,263,4,13,20.2,20.0,11.6,0.85,history,Queen Victoria at Buffalo Bill's show,chronological_narrative,True,surprised everyone,historical_date_anchor,summary_restatement,False,False,ok,"(1) In 1887, Britain celebrated Queen Victoria's Golden Jubilee, marking fifty years of her reign. One of the attractions from the U.S. was Buffalo Bill's Wild West show, featuring cowboys, sharpshooters, and highly skilled horseback riders. Given the history of tensions between the two countries, the presence of this thoroughly American (5) spectacle at the decidedly English celebrations was a matter of some consequence. Even more significant was the show's overwhelming success: by the time it left London, over a million people had attended.

Intrigued by reports of the colourful spectacle, Queen Victoria expressed her desire to have the show brought to Buckingham Palace, which she had rarely left since the (10) death of her husband twenty-five years earlier. When it was explained to her that the palace could not accommodate the massive production, the Queen surprised everyone by deciding to travel to Earl's Court arena for a command performance.

It was a splendid occasion. The performance began with a Grand Entry, in which horsemen carrying American flags trotted into the arena. As they passed, Her Majesty (15) rose and, with a simple, elegant bow, paid her respects to the American flag – the first time in history that a supreme sovereign of the British Empire had honoured the colours of the former British colony.

Queen Victoria's attendance made news everywhere in the English-speaking world and helped Buffalo Bill's Wild West to become an international phenomenon. For over (20) twenty years, the show attracted enthusiastic audiences throughout Europe and beyond. Moreover, the show established a vivid, if inaccurate, image of American culture and history that would endure for generations."
spring_2020,2,2,18-22,315,4,17,18.5,15.6,11.6,1.29,life_science,The great snipe's record non-stop flight,expository_descriptive,True,At first glance,striking_fact,open_question,False,False,ok,"(1) According to a scientific study published in 2011, the record for the fastest long-distance, non-stop flight in the animal kingdom belongs to a plump little bird. The great snipe completes its yearly flight from nesting grounds in northern Europe to its winter habitat in central Africa without resting. Reaching speeds of up to 60 miles per hour, it (5) may fly for as long as 96 consecutive hours.

At first glance, great snipes do not seem especially well equipped for such an arduous journey. Their bodies are small and chubby, and their wings are not very aerodynamic, lacking the pointed tips characteristic of other long-distance fliers. According to biologist Raymond Klaassen from Sweden's Lund University, it is their (10) chubbiness that guarantees the success of their flight. Over the summer, before setting out on their annual migration, the birds nearly double their body weight. Their ample fat reserves are what sustains them on the long journey to Africa, by the end of which they are thin and exhausted.

There are not many birds that fly both far and fast; usually, they can do one or the (15) other. The peregrine falcon, for example, flies very fast – up to 200 miles per hour – but it can only maintain this speed for very short distances. The Arctic tern, on the other hand, travels an extraordinary distance – 22,000 miles – as it migrates between the Arctic and the Antarctic. However, this flight takes several months, with the tern stopping periodically to fish along its route.

(20) The only other bird that comes close to matching the great snipe's feat is the godwit. The godwit's non-stop flight from Alaska to New Zealand, a distance of more than 7,000 miles, takes approximately nine days. However, godwits fly over the ocean and have nowhere to stop. By contrast, snipes have several opportunities to rest along their migratory route, but do not take advantage of them. Scientists are hard pressed to (25) explain why."
spring_2021,1,1,13-17,185,3,13,14.2,9.6,7.8,0.62,music,Schubert's Unfinished Symphony,problem_then_explanation,True,however,definition,future_speculation,False,False,ok,"(1) Franz Schubert's Symphony No. 8 in B Minor is an incomplete masterpiece, beloved despite its imperfection. Written in 1822, six years before the composer's death, the piece is also known as the Unfinished Symphony because it has two movements, or sections, instead of four, as do most symphonies.

(5) So why is it that Schubert never finished his Eighth Symphony? This question is particularly intriguing because he composed hundreds more pieces of music after writing the symphony. Perhaps he simply lost interest in it. Perhaps he ran out of inspiration. It has even been suggested that Schubert did not want to think about the symphony anymore because it reminded him of a difficult period in his life.

(10) Some music experts, however, believe that Schubert did finish writing the Eighth Symphony. Several years ago, one of Schubert's notebooks was found, containing part of a third movement for the Eighth Symphony. It was completely filled with musical notation and it seems clear that there must have been more. How much more? Perhaps, with some luck, another notebook will be found someday, and Schubert's Eighth (15) Symphony will no longer be unfinished."
spring_2021,1,2,18-22,294,3,14,21.0,18.0,13.3,1.71,social_science,Dowsing and why it seems effective,debunking_a_belief,True,Despite,definition,quotation,False,False,ok,"(1) Dowsing is the age-old practice of searching for underground water or minerals using an instrument known as a dowsing rod – usually comprising two pieces of wire or wood, or a single forked stick. Even today, dowsing remains a common practice. For example, farmers sometimes hire dowsers to identify a promising place to dig a water (5) well. Holding the rod parallel to the ground, dowsers walk over an area where they suspect underground water may be found. They claim that when they pass over water, the dowsing rod spontaneously moves, pointing toward it.

Despite many anecdotal reports of success over the centuries, dowsing is not supported by any scientific evidence. How then can the fact that dowsers do sometimes (10) find water be explained? Some amount of underground water can be found almost anywhere, so it is highly probable that a dowser could point at random to nearly any spot on the ground, begin digging, and eventually hit water. And what makes the rod move? The seemingly involuntary motion of dowsing rods can be attributed to the ideomotor response – muscle movements caused by unconscious mental activity. That (15) is, when a dowser anticipates finding water, his body reacts reflexively without him being aware of it.

As absurd as it may seem, ten out of the United Kingdom's twelve regional water and sewer companies admit to at least occasionally using dowsers to detect leaks. When this fact was disclosed by science blogger Sally Le Page, outrage ensued, with (20) the public arguing that dowsing is an unproven practice that wastes time and money. Defending the practice, a spokesperson for the Severn Trent Water company said, ""We've found that some of the older methods are just as effective as modern ones, but we do use drones and satellites as well."""
spring_2021,2,1,13-17,299,3,18,16.6,13.5,11.0,1.22,medicine_health,"Pasteur, Koch and germ theory",debunking_a_belief,True,It was not until,definition,last_fact,False,False,ok,"(1) Germs – microorganisms that cause disease – are among humankind's most dangerous enemies. They are so small that they can be seen only with a microscope. For thousands of years people were unaware that germs even exist, and several theories were suggested to explain what causes illness. Some believed that disease was caused (5) by an evil spirit in the patient's body; this spirit had to be removed in order for the patient to feel better. Others believed that disease was caused by poisonous gases in water.

It was not until the second half of the 19th century that these beliefs were proven wrong. The two men mainly responsible for this were Louis Pasteur and Robert Koch. (10) In 1865, the French silk industry was threatened by pebrine, a disease which affects silkworms. Pasteur, a French scientist, was asked to find out what was causing it. He discovered that microorganisms living on the silkworms caused pebrine; he also succeeded in finding a cure for it. Pasteur thus became the first person to prove that disease is caused by germs. He continued his research on germs until his death in 1895.

(15) Around the time that Pasteur was studying pebrine, Koch, a Prussian country doctor, was studying anthrax, a disease which affects both animals and humans. In 1876, he proved that this disease is caused by a germ. He also discovered a method of staining, or colouring, germs with dyes so that they could more easily be seen and studied under a microscope. The greatest of Koch's discoveries was made in 1882, (20) when he found the germ that causes tuberculosis. Koch travelled all over the world studying diseases; after a visit to Egypt and India, he announced that he had found the germ which causes cholera. Koch received many honours for his work, including the Nobel Prize for medicine."
spring_2021,2,2,18-22,272,3,13,20.9,8.0,4.5,0.54,biography,John Boyd Orr's fight against hunger,chronological_narrative,True,Nevertheless,quotation,last_fact,True,False,ok,"(1) ""There can be no peace in the world so long as a large proportion of the population lack the necessities of life…. World peace must be based on world plenty."" These words sum up the philosophy of Scottish nutritionist and health campaigner John Boyd Orr. The connection between hunger and war was very clear to Boyd Orr, who received (5) the 1949 Nobel Peace Prize in recognition of his efforts to feed the hungry.

Boyd Orr studied medicine and biological sciences at Glasgow University. In 1914, he set up the Nutrition Institute in Aberdeen, and in 1931 he founded and became editor of Nutrition Abstracts and Reviews. Over the years, Boyd Orr conducted research on human nutrition, focusing on the diets of mothers, children, and the poor. In his 1936 (10) report Food, Health, and Income, he concluded that there was an ""appalling amount of malnutrition"" in Britain, across all economic groups. The report became the basis for the country's food rationing program during World War II. Boyd Orr himself became an influential member of the government's Scientific Committee on Food Policy.

At the end of World War II, Boyd Orr was appointed director-general of the United (15) Nations Food and Agriculture Organization (FAO). As such, he played an important role in setting up the International Emergency Food Council in 1946 in response to the postwar food crisis. In 1947, Boyd Orr resigned in protest from the FAO when his proposal for the establishment of a permanent World Food Board was rejected. Nevertheless, his commitment to the cause remained strong and he donated his Nobel (20) prize money to the National Peace Council, the World Movement for Federal Government, and similar organizations."
summer_2018,1,1,13-17,286,3,16,17.9,10.8,7.6,0.69,language_linguistics,English as the dominant global language,expository_descriptive,True,Will English continue to be the dominant global language?,striking_fact,last_fact,False,False,ok,"(1) Many people would say that English is the leading language in the world today. Although there are more native speakers of Mandarin Chinese and of Spanish, English is much more widely used. A fourth of the world's population can communicate in English to some degree. It is essential in many professional and scholarly fields and is (5) the primary language of the internet, where eighty percent of the information is in English. In international business, too, English has taken on a central role. In fact, there are some companies in non-English-speaking countries, such as Sweden and Japan, where English is the language of the workplace.

Will English continue to be the dominant global language? Some scholars believe (10) that, like Latin before it, English will eventually decline in importance. Others argue that English is used over such a wide geographic area and in so many realms of life that its continued centrality is guaranteed.

As English spreads throughout the world and interacts with other languages, new linguistic forms are evolving. Some linguists see these as a family of ""Englishes"". (15) Vernaculars combining English with local languages have emerged, for example, in Singapore, Nigeria, and the Caribbean. The name ""Spanglish"" – a hybrid of Spanish and English – is given to a number of different dialects that developed independently in such diverse places as Gibraltar and Puerto Rico, and on each side of the US-Mexican border. The most widely spoken language in Papua New Guinea is Tok Pisin, a blend of (20) local dialects, English, and other European languages. First used in the eighteenth century as an informal means of communication, it developed over time into a language in its own right. Today, it is one of Papua New Guinea's three official languages."
summer_2018,1,2,18-22,279,3,12,23.2,18.8,11.7,1.5,anthropology_culture,The Mesoamerican rubber ball game,expository_descriptive,True,Far more than a mere sport,historical_date_anchor,quotation,False,False,ok,"(1) When 16th-century Spanish explorers came to the New World, they were enthralled by a fast-paced and sometimes bloody sport. Teams of up to six athletes would use their elbows, knees and hips – anything but their hands or feet – to whack heavy, solid balls through hoops hung several meters above stone courts. What most astonished the Spanish (5) were the ricocheting balls. As Pedro Martyr, the official historian of the Spanish court, wrote in 1530: ""I do not understand how, when they hit the ground, they are sent into the air with incredible bounce."" For Europeans, accustomed to pigskin balls with no bounce at all, the rubber balls seemed almost miraculous.

The game that the Spaniards saw, known as chaah, had been played by the Maya, (10) Aztec and Olmec peoples for thousands of years. Far more than a mere sport, the game was a Mesoamerican ritual of great religious significance. The ball symbolized the sun; by making the ball bounce across the court, players were reenacting the creation of the world and helping to perpetuate the cosmic order.

According to Martyr's writings, the Mesoamericans made their seemingly magical (15) material by collecting sap from lowland trees and mixing it with juice from the morning glory vines that grew on them. Only now have scientists begun to understand the chemical process by which this mixture produces rubber. ""It's a marvelous example of technology, demonstrated at an amazingly early stage,"" says Frank Bates, a chemist at the University of Minnesota. Archeologist Dorothy Hosler of the Massachusetts (20) Institute of Technology agrees. In her view, ""Studying ancient rubbermaking teaches us that these people were extremely conscious of their environment and that they manipulated it with great success."""
summer_2018,2,1,13-17,395,5,21,18.8,11.6,5.1,0.38,biography,Emily Carr's path to recognition,chronological_narrative,True,Yet,named_person,quotation,True,False,ok,"(1) Emily Carr (1871-1945), one of Canada's most prominent artists, grew up in Victoria, British Columbia, on the country's west coast. At the time, painting was considered a pleasant pastime for young women but not an appropriate profession for them. However, Carr was a determined individual – ""contrary from the start"", as she (5) herself states in her autobiography. Her independent spirit helped her overcome the many obstacles she faced on her way to becoming a celebrated artist.

After her parents died in 1890, Carr persuaded her legal guardians to allow her to study art at the California School of Design. In 1893 she returned to Victoria, where she painted and taught children's art classes for a few years. She then spent several (10) years studying art in England and France, where her personal style began to take form.

Back in Canada, she explored British Columbia's forests and coastal villages and was enchanted by the landscapes and by the culture of the native peoples she encountered. These were to become the main themes of her art. Yet she remained unrecognized for many years. She found no buyers for her paintings and no pupils to teach. To earn a (15) living, she raised dogs, grew fruit, and rented out rooms in her house. She began to turn her creative talents to writing and came close to giving up painting altogether.

The turning point in Carr's career came in 1927, when she was invited to exhibit her work at a show in Ottawa devoted to west coast native culture. There she met members of the Group of Seven, highly respected landscape artists. ""Their works call to my very (20) soul,"" she wrote. Deeply moved by their scenes of forests, rivers, and lakes, she became determined to capture the essence of her beloved western Canada. From then on, she enjoyed the support of the Group of Seven, who referred to her as the ""Mother of Modern Art"".

Within a decade, Carr had earned widespread acclaim on both sides of the country, (25) and major exhibitions of her work were held at the Art Gallery of Ontario and the Vancouver Art Gallery. In 1941, she won the Governor General's Award for her first book, Klee Wyck, which describes her experiences among the native peoples of British Columbia. When she died in 1945, she was buried in Victoria, where the inscription on her gravestone reads, ""Emily Carr / Artist and Author / Lover of Nature""."
summer_2018,2,2,18-22,277,4,13,21.3,23.7,19.5,2.54,life_science,Gobies defending coral from turtleweed,phenomenon_then_cause,True,However,definition,quotation,False,False,ok,"(1) They may look like beautiful rock formations, but coral reefs are actually made up of countless tiny marine animals. Usually found in shallow tropical waters, coral reefs are home to a fourth of the world's marine species. A major threat to coral is turtleweed, a kind of seaweed that releases toxic chemicals as it nears the reefs.

(5) Understandably, most fish keep their distance from turtleweed. However, scientists have observed that two types of fish that live in coral reefs – the broad-barred goby and the redhead goby – actually attack turtleweed. Danielle Dixson and Mark Hay of the Georgia Institute of Technology (GIT) conducted experiments to investigate this phenomenon. First they placed both types of gobies together with turtleweed in a tank (10) and saw that the fish ignored the seaweed. They then added a common type of coral – staghorn coral – to the tank, and the gobies went on the offensive.

The scientists discovered that when turtleweed approaches staghorn corals, the corals release an odor-producing chemical. The odor acts as a signal to the gobies, causing them to rush to the scene and destroy the turtleweed. In doing so, the fish (15) ensure the continued existence of their own habitat and that of hundreds of other reef- dwelling creatures. The broad-barred goby, which actually swallows the turtleweed, gains even more: the poison that it absorbs deters predators from hunting it.

Coral reef biologist Nancy Knowlton of the Smithsonian National Museum of Natural History was impressed by the GIT study and what it reveals about the intricate (20) interactions among living things: ""Who would have thought that such a small, seemingly insignificant fish would play such a large role in protecting coral reefs?"""
summer_2019,1,1,13-17,292,4,17,17.2,14.2,7.9,0.76,life_science,Saving South Korea's Sapsaree dog,chronological_narrative,True,however,historical_date_anchor,last_fact,False,False,ok,"(1) In 1992, the South Korean government declared the Sapsaree a national treasure. This breed of dog, whose name means ""the dog that wards off evil spirits or misfortune"", is renowned for its loyalty. One of the many well-known stories about Sapsarees appears on a 300-year-old stone monument in Gumi, South Korea. It tells of (5) an aristocrat who had too many drinks at a party and, on the way home, fell asleep on a riverbank. As he slept, embers fell from his pipe and started a fire. His faithful dog jumped into the river and then used its wet fur to douse the fire and save its master.

More recently, however, it was the Sapsaree that needed rescuing. Over the years, war, poverty, and disease almost eradicated the breed. By 1985, just eight dogs (10) remained. Thanks to the tireless efforts of one committed individual – a geneticist named Ha Ji-Hong – the country's favorite shaggy-haired canine has been brought back from the brink of extinction.

Using a combination of traditional breeding methods and advances in modern DNA technology, Ha Ji-Hong has managed to increase the Sapsaree population significantly. (15) Today, he has 500 breeding dogs. He has placed more than 1,200 Sapsarees with families across South Korea and many others with hospitals, which use them in animal therapy with patients.

Restoring the Sapsaree population has taken all of Ha Ji-Hong's energy and most of his money. To fund the project, he had to sell his family's assets, including farmland he (20) inherited from his father. For Ha Ji-Hong, however, it was well worth losing the family estate to give his beloved breed a new lease on life. Seven years after Ha Ji-Hong launched his mission, the South Korean government finally began providing money to help with the care of his animals."
summer_2019,1,2,18-22,316,4,16,19.8,17.6,11.4,1.0,business_economics,The Aunt Jemima trademark and slavery,problem_then_explanation,True,however,striking_fact,summary_restatement,False,False,ok,"(1) The Aunt Jemima product line, which includes pancake mix, frozen pancakes and waffles, and syrup, is one of the oldest and most successful business ventures in the United States. After more than a hundred years, Aunt Jemima remains one of the country's most recognizable commercial images. The problem with this trademark, (5) however, is that it is based on a shameful chapter in American history.

The roots of the trademark lie in ""Old Aunt Jemima"", a song once sung by black slaves in the American South. ""Jemima"" was a name often given to female slaves by white slave owners, and ""Aunt"" was a title used for older slaves. The picture on the products' packaging showed a black woman wearing an apron and headscarf typical of (10) those worn by household slaves. In advertisements, Aunt Jemima spoke in a way associated with Southern black slaves. The product name and image played on the stereotype of black female slaves as excellent cooks.

Not surprisingly, a product so strongly identified with slavery aroused some controversy even though it sold well. In the 1950s and 1960s, as the civil rights (15) movement gained momentum, the Quaker Oats Company, which owned the product line, drew increasing criticism. As a result, in 1968, Aunt Jemima was given a makeover, eliminating the visual associations with slavery: her headscarf was replaced with a more modern hairband and her apron with a white blouse. In 1989, Aunt Jemima's appearance was altered further, and she was given pearl earrings and styled (20) hair. Nonetheless, all these external changes missed the point: the Aunt Jemima trademark was intrinsically connected with slavery.

Quaker Oats has resisted all demands that it remove the name and image from the product line. It claims that doing so would cost vast sums of money and involve establishing a new product identity in the marketplace. The fact remains, however, that (25) the company is perpetuating a symbol of historic wrongs."
summer_2019,2,1,13-17,273,4,15,18.2,7.8,4.7,0.33,biography,Louis Braille's reading system,chronological_narrative,True,however,historical_date_anchor,summary_restatement,True,False,ok,"(1) Nearly 200 years ago, Louis Braille invented a system that enables blind people to read using their fingers. Thanks to this system, blind people all over the world have access to the written word.

Braille himself lost his sight when he was a child. He was fortunate enough to (5) receive a scholarship to attend the National Institute for the Blind in Paris, one of the few schools of its kind in the world. There, in 1821, Braille heard a lecture that had a great impact on him. The speaker, formerly a captain in Napoleon's army, demonstrated a ""night writing"" system developed to enable soldiers to send and receive messages in the dark without speaking or using light. A message was ""read"" by running the fingers (10) over a series of raised dots. The army ultimately rejected the system because it was too complicated to be practical. Braille, however, recognized its potential and set about adapting it to the needs of blind people.

Whereas night writing was based on arrangements of twelve dots, which represented the sounds of speech, Braille's system used combinations of only six dots (15) to represent letters and punctuation marks. These changes allowed blind people to read relatively quickly – about 115 words a minute, compared with 250 words a minute for a sighted reader. Eventually, number symbols were added, and the system was later extended to include musical notes as well.

The Braille system opened up a new world for blind people. Texts from a multitude (20) of languages have been transcribed into Braille. So significant was the development of Braille that it has been likened to the invention of the printing press in the 15th century."
summer_2019,2,2,18-22,298,4,15,19.9,20.6,12.5,1.07,social_science,Overtourism in the Orkney Islands,problem_then_explanation,True,are causing damage and disrupting life,historical_date_anchor,future_speculation,False,False,ok,"(1) During the eighth and ninth centuries, the Orkney Islands were invaded by Vikings. Now they are being overrun by tourists. These beautiful islands, which belong to Scotland and lie off the country's northern coast, have a population of just over twenty thousand but are visited by over one hundred thousand tourists annually.

(5) Along with stunning landscapes and abundant wildlife, the Orkney Islands boast several interesting historical sites. Prominent among these is Western Europe's best- preserved Neolithic settlement, Skara Brae, a UNESCO World Heritage Site. Its eight stone houses are connected by covered passageways, and the original beds, dressers, shelves and hearths remain intact. Dating back at least 4,500 years, the houses are older (10) than the Great Pyramids of Egypt.

Travellers who come to the islands, the majority of whom visit while on cruises touring northern Europe, are causing damage and disrupting life on the islands. In 2016, a public outcry arose when dozens of tourists barged into a private funeral at the twelfth-century St Magnus Cathedral in Kirkwall and behaved offensively. Soon (15) afterwards, multilingual signs were hung up around the cathedral urging visitors to behave respectfully. On the island of Lamb Holm, security guards had to be hired to protect the lavishly decorated Italian Chapel.

In November 2016, the Orkney Islands Council commissioned a study on the challenges and opportunities created by the flood of tourists. Harold Goodwin, founder (20) and director of the International Centre for Responsible Tourism – a UK-based non- profit organisation working to promote fair and respectful tourism – was also called in to advise the islanders. Based on Goodwin's suggestions, the council is presently taking a number of steps, including controlling the rate at which cruise ships arrive and charging them a fee for docking. The hope is that, as a result, the tourists will seem less (25) like invaders."
summer_2020,1,1,13-17,325,4,18,18.1,9.4,7.0,0.5,business_economics,How Hush Puppies got its name,chronological_narrative,False,,striking_fact,summary_restatement,False,False,ok,"(1) While some shoe brands come and go, the Hush Puppies brand hit the ground running in 1958 and is still around over fifty years later. It has the distinction of being the world's first casual shoe.

Back in 1958, James Muir, a sales manager for the Wolverine World Wide shoe (5) company, was traveling in Tennessee to market a new line of comfortable suede shoes. He stopped overnight at a friend's house, where he was served a dinner of fried catfish accompanied by deep-fried cornmeal dough balls called hush puppies. When he asked how this food got its unusual name, he was told that farmers used it to quiet their barking dogs, or ""hush their puppies"". Ever the shoe salesman, Muir immediately noted (10) that ""barking dogs"" was also an expression meaning tired, sore feet. The result? That very day, the new line of shoes was renamed Hush Puppies, the comfortable shoe that soothes aching feet.

Soon the Hush Puppies brand, with its famous basset hound logo, became part of American popular culture. The photo of the dog could be seen all over: on shoe boxes, (15) in store displays, and in television and magazine advertisements. Within a few years, the shoes were being worn by young and old from all walks of life. The brand quickly spread across North America and beyond. Hush Puppies were popular with everyone from royalty to rock stars. Britain's Prince Philip wore a pair when he visited the U.S. in 1959. In the mid-1960s, the Beatles, the Rolling Stones, and other rock bands (20) sported Hush Puppies. Today, millions of pairs of Hush Puppies are sold every year in over 130 countries.

The Hush Puppies story is far from over. The Wolverine World Wide shoe company has, in recent years, produced everything from lightweight to environmentally friendly shoes. Though there were a few times in its history when Hush Puppies appeared to be (25) going to the dogs, somehow the brand has kept right on walking."
summer_2020,1,2,18-22,336,3,21,16.0,16.1,13.0,1.38,natural_science,Meteorites and what they reveal,expository_descriptive,False,,striking_fact,summary_restatement,False,False,ok,"(1) Every year, Earth is showered by an estimated 100,000 tons of material from outer space. This extraterrestrial debris ranges in size from fine dust to huge chunks of stone. The tiniest particles, called micrometeorites, fall constantly and arrive unnoticed. Much larger are meteors – rocks that are burned by friction as they pass through Earth's (5) atmosphere. As they fall, meteors produce a bright streak of light that can often be seen in a clear night sky. For this reason, they are also referred to as shooting stars. The relatively few meteors that survive the descent through the atmosphere and land on Earth's surface are known as meteorites. These can be as large as boulders, weighing 100 kilograms or more, but the vast majority are very small. There are two kinds of (10) meteorites. Iron meteorites are composed of about 90 percent iron; stony meteorites are made up of iron, silicon, magnesium, oxygen, and other elements.

Meteorites can be identified by several distinctive features. They are denser than rocks formed on Earth and have a black crust created when their surfaces melted as they fell through the atmosphere. Some are marked by thumbprint-size depressions called (15) regmaglypts, which also result from surface melting. A meteorite whose arrival is observed and is recovered soon afterward is a ""fall"". A ""find"" is a meteorite that is discovered only after it has fallen. Whether meteorites are finds or falls, they are always named after the place where they land. Many are on display in museum collections. For example, the Nantan meteorite, a 70-kilogram rock that fell in 1516 in Nantan (20) County, Guangxi, China, is housed in the rocks and minerals area of the Oxford University Museum of Natural History.

Meteorites are an exciting source of knowledge. They provide significant clues about the structure of Earth, the beginnings of life on our planet, and the origin, age, and evolution of the solar system. Indeed, apart from the lunar rocks brought back from (25) space missions, meteorites are the only material evidence we have from the universe beyond our planet."
summer_2020,2,1,13-17,401,4,20,20.1,15.6,12.9,0.75,social_science,Jane Elliott's blue-eyes discrimination lesson,chronological_narrative,True,Hundreds of readers were appalled,historical_date_anchor,last_fact,False,False,ok,"(1) On Thursday, April 4, 1968, Dr. Martin Luther King Jr., the prominent African-American civil rights leader, was assassinated. The following day, Jane Elliott, an elementary school teacher in the small town of Riceville, Iowa, was asked by one of her eight-year-old pupils why King had been shot. Instead of trying to explain the (5) complicated subject of prejudice to her all-white class, Elliott decided to show the children how it feels to experience discrimination, and to help them understand Dr. King's struggle to achieve equality for African Americans. To do so, she came up with an impromptu social exercise.

Dividing her class according to eye color, Elliott announced that the blue-eyed (10) children were inferior to the children with brown or green eyes. To lend this statement credibility, she fabricated a ""scientific"" explanation: the chemical melanin is responsible for both eye color and intelligence. People with brown or green eyes have more melanin, she said, and are therefore smarter. She proceeded to seat the blue-eyed students separately and gave them special armbands to wear. At the same time she gave (15) the brown- and green-eyed students extra privileges and told them not to speak to their blue-eyed classmates. The brown- and green-eyed students immediately began to participate more in class, became more outgoing, and started to bully their blue-eyed classmates. The blue-eyed children lost self-confidence, and even the best students among them made mistakes in their schoolwork.

(20) On Monday, when the children returned to school after the weekend, Elliott reversed their roles, telling the blue-eyed students that they were the more intelligent ones. Although the blue-eyed students now had the upper hand, they were not as cruel as their brown- and green-eyed classmates had been – perhaps because their experiences on Friday had made them more empathetic. At the end of the exercise, Elliott told the (25) children that they had just experienced discrimination; the essays they were subsequently asked to write showed that they had grasped the point that Elliott was trying to make.

The story was reported in local, and then national, newspapers. Hundreds of readers were appalled, arguing that the exercise was psychologically damaging. (30) Decades later, Elliott's work continues to stir controversy: some people laud its promotion of tolerance, while others argue that it is manipulative and immoral. Today, over 50 years later, many teachers still use variations of Elliott's eye-color lesson to help their students develop tolerance, empathy and compassion for those who are different."
summer_2020,2,2,18-22,244,3,12,20.3,17.0,10.3,1.25,language_linguistics,A prison-written dictionary of criminal slang,expository_descriptive,True,however,definition,last_fact,False,False,ok,"(1) A Dictionary of American Underworld Lingo (1950), a guide to the rich, colorful terminology of the criminal subculture, is one of the most bizarre reference books ever published. The book was not intended to be a curiosity, nor a training manual for potential criminals, but rather a serious source of information for police, judges, (5) lawyers, and social workers. It includes thousands of words related to crimes and the criminals who commit them. Among the entries are: bone-orchard (meaning graveyard); kisser, moosh, mug, and squash (referring to a person's face); and boodle, buck, buttons, cabbage, gelt, kale, silk, and spinach (all synonyms for money).

The dictionary was not the first of its kind. It was, however, the first that came from (10) the ""inside"": Great Meadow Prison in northern New York State. The initiator of the project, Rabbi Hyman E. Goldin, was a practicing lawyer who also served as a chaplain at the prison. As unrabbinic as the project may seem, it was born of Goldin's love of language and, even more, of his love of people and his desire to give the convicts an opportunity to accomplish something positive. The editors, Frank O'Leary and Morris (15) Lipsius, were both prisoners, as were the thirty contributors, all of whom were chosen for their ""expertise"" in different areas of crime.

After their release from prison, O'Leary and Lipsius left the underworld behind and made new lives for themselves. Lipsius even wrote a story that was made into a film."
summer_2021,1,1,13-17,147,3,9,16.3,11.5,7.2,0.56,medicine_health,Whether chocolate is a health food,claim_then_counterclaim,True,However,question,summary_restatement,False,False,ok,"(1) Wouldn't it be wonderful if chocolate were good for you? Mars, the company that manufactures treats such as M&M's, is trying to make this dream a reality. It has introduced CocoaVia, a chocolate bar containing substances that have been proven to reduce cholesterol. Tests show that eating two bars of the new candy every day can (5) lower cholesterol levels by 10 percent.

CocoaVia also contains flavanols, natural chemicals that improve blood flow and lower blood pressure. An independent study showed that smokers who ate chocolate rich in flavanols had better heart function than those who ate regular chocolate.

However, nutritionists are not convinced that chocolate can be seen as a health (10) food. Professor Alice Lichtenstein of Tufts University reminds chocolate lovers that each CocoaVia bar has 140 calories and 11 grams of fat. Lichtenstein warns that people cannot eat large amounts of chocolate, even healthy chocolate, without gaining weight."
summer_2021,1,2,18-22,289,4,17,17.0,13.6,9.2,0.59,arts_literature,Rediscovery of Enwonwu's painting Tutu,chronological_narrative,True,Unfortunately,striking_fact,summary_restatement,False,False,ok,"(1) A long-lost masterpiece by Nigerian artist Ben Enwonwu (1917-1994) was recovered by Bonhams London auction house and sold in 2018 for £1.2 million. The 1974 painting, titled Tutu, depicts Adetutu ""Tutu"" Ademiluyi, a Nigerian princess. Purchased by an anonymous phone bidder after a 20-minute bidding war, it was the (5) highest-priced Nigerian modernist work ever acquired at auction.

Enwonwu, whose pioneering work increased the visibility of modern African art, is arguably the most influential African artist of the 20th century. While working as a professor of fine arts at the University of Ile-Ife, Enwonwu met Adetutu. Moved by her beauty, he became determined to paint her portrait, eventually creating three Tutu (10) works.

Enwonwu made prints of his favorite Tutu, which became a Nigerian icon, a sort of African Mona Lisa. Created shortly after the Nigerian civil war, the depiction of a Yoruba princess by an Igbo artist was celebrated as a symbol of national reconciliation. To this day, poster reproductions adorn the walls of living rooms all across Nigeria. (15) Unfortunately, the three original portraits were mysteriously lost.

Then, in 2017, Giles Peppiatt, director of modern African art at Bonhams, was approached by a family to evaluate a painting in their home. The owners had inherited the painting from their father, who had bought it in the late 1970s during a business trip to Nigeria. Over the years, Peppiatt had been shown many Tutus, all of which had (20) turned out to be reproductions. To his utter astonishment, this painting proved to be an original: the second Tutu that Enwonwu had made. ""I was absolutely staggered when I first saw the piece,"" the art expert said. For Peppiatt, the discovery was equivalent to a rare archaeological treasure. For lovers of African art, it was cause for celebration."
summer_2021,2,1,13-17,265,3,13,20.4,15.3,11.0,0.85,medicine_health,James Lind's scurvy experiment,problem_then_explanation,True,Even though,historical_date_anchor,last_fact,False,False,ok,"(1) In the 15th and 16th centuries, a time known as the Age of Exploration, numerous ships set out from Europe in search of new lands. Life was extremely difficult for the sailors on these ships. Those who managed to survive stormy seas and pirate attacks still had to contend with crowded, dirty living conditions and limited access to fresh (5) food and water. Many sailors became sick and died, most often from a disease known as scurvy.

In 1747, James Lind, a doctor in the British Royal Navy, experimented with various cures for scurvy. He selected six pairs of sailors suffering from the disease and gave each pair a different treatment: apple cider; sulphuric acid; vinegar; seawater; a (10) combination of garlic, mustard, and horseradish; and oranges and lemons. The sailors who received oranges and lemons experienced a remarkable recovery, while the others showed little or no improvement. Although the benefits of citrus fruit had been known for centuries, Lind was the first to systematically test and prove their effectiveness as a treatment for scurvy. In 1753, he published A Treatise of the Scurvy and in 1757, An (15) Essay on the Most Effectual Means of Preserving the Health of Seamen in the Royal Navy. Though it took another forty years, the Royal Navy eventually required ships to carry a supply of lime juice. With this, the navy succeeded in eradicating scurvy from its ships.

Even though Lind knew that citrus fruit could prevent and cure scurvy, he did not (20) know why. It was not until the 1930s that scientists discovered the ""anti-scurvy factor"" in food and named it vitamin C."
summer_2021,2,2,18-22,357,4,17,21.0,12.5,8.2,0.82,social_science,Life coaching and its critics,claim_then_counterclaim,True,Nevertheless,definition,last_fact,False,False,ok,"(1) The word ""coach"" was first used at Oxford University around 1830 to refer to a tutor assigned to help a student prepare for exams. The term came to denote those individuals responsible for preparing athletes both physically and mentally for competition. At the beginning of the 21st century, a new kind of coach appeared on the (5) scene: one who helps people achieve their personal goals.

Life coaches, as they are known, are sought out by people who are dissatisfied with their careers, relationships, or some other aspect of their lives. Unlike a traditional psychoanalyst, a life coach does not delve into the client's background in order to heal the wounds of the past. Instead, the coach suggests to the client concrete measures that (10) focus on the here and now. The story of Karen Underhill is a case in point. She disliked her job as an administrator but was afraid she lacked the qualifications needed to find new employment. Together with her life coach, she mapped out a plan for returning to college, securing financial aid, and obtaining internships in communications and education. Underhill credits her life coach with giving her the strategies and (15) confidence that enabled her to land a more fulfilling position as an outreach and training specialist.

There is growing openness to this approach in the mental health professions. Psychologists, social workers, and counselors are starting to acknowledge the merit of some of its principles and methodologies. McLean Hospital, near Boston, has even (20) opened its own Institute of Coaching, headed by a psychologist who is also a professor at Harvard Medical School.

Nevertheless, many remain skeptical about life coaching, pointing out its disadvantages and even its dangers. Foremost among these is the fact that there are currently no national accreditation requirements, as there are for mental health (25) professionals. Because life coaches are not trained to recognize or treat mental illness, they may fail to address the real reason for the client's distress and even cause harm. Moreover, there is concern that unscrupulous individuals, eager to profit from people who are desperate for help, may charge high fees for coaching services that they are ill-equipped to provide."
winter_2018,1,1,13-17,254,3,14,18.1,20.7,13.2,1.71,life_science,Lake Malawi's cichlid fish,expository_descriptive,False,,definition,summary_restatement,False,False,ok,"(1) The deep, clear waters of Lake Malawi – the third largest lake in Africa – are home to hundreds of fish species. Because the lake is isolated from other bodies of water, nearly all of these species are endemic. The area and its fish thus provide scientists with invaluable insight into an undisturbed ecosystem.

(5) Most of the fish species in Lake Malawi belong to the cichlid family. These beautifully colored fish are divided into two main groups: mbuna cichlids and peacock cichlids. Mbuna, which means rock dweller, is a name well suited to the cichlids that inhabit the shallow, rocky waters along the shores of Lake Malawi. Peacock cichlids, on the other hand, populate the lake's vast open waters. They owe their name to the fact (10) that their coloration is reminiscent of the peacock bird. In both cichlid groups, the males are more vividly colored than the females and are able to change their color if threatened.

To see these spectacular fish, one need not travel all the way to Africa, but only as far as the nearest pet store. Cichlids have become extremely popular aquarium fish (15) because they are attractive and easy to take care of. Most of the cichlids sold in stores are not imported directly from Africa, but have been bred locally. Although some claim that tank-bred cichlids are not as brilliantly colored as those that come from their natural habitat, they are still very striking. Either way, people are thrilled to have a reminder of Lake Malawi's living treasure in their homes."
winter_2018,1,2,18-22,321,4,16,20.1,16.7,13.5,1.75,arts_literature,The art of trompe l'oeil,expository_descriptive,False,,scene,summary_restatement,False,False,ok,"(1) Imagine walking into a room, seeing a fly perched on a painting on the wall, and reaching out to brush it away, only to discover that the fly is actually part of the picture. The painting, fly and all, is an example of trompe l'oeil (French for ""deceiving the eye""), an artistic technique that aims to make a picture look so convincingly three- (5) dimensional that viewers are momentarily fooled. This is accomplished through the skillful use of sharp, clear lines; minute detail; light and shadow; and principles of perspective, which convey a sense of depth. The combined effect leaves viewers unable to distinguish art from real life.

Although the term ""trompe l'oeil"" was coined in the seventeenth century, the (10) technique has its roots in antiquity. Ancient Roman scholar Pliny the Elder tells of an artist by the name of Zeuxis, who painted grapes so realistic that they attracted hungry birds. Rival artist Parrhasius, not to be outdone, began working on a painting of his own. A few weeks later, he invited Zeuxis to come and see his artwork. When Zeuxis arrived, he saw before him a painting with a curtain draped over it. He reached out to (15) pull back the curtain, only to find that the curtain was the painting.

It was during the Renaissance and Baroque periods (from the late 1400s to the early 1700s) that trompe l'oeil was incorporated into the design of many buildings, turning small interiors into imposing spaces. Artists would paint towering domes on flat ceilings, and grand columns, arches, and staircases on walls.

(20) Today, trompe l'oeil is seen in both exterior and interior design. For example, a city apartment building may feature a large ""balcony"" overlooking the street. Inside, a ""window"" may offer a beautiful outdoor view. Regardless of where and how it is used, trompe l'oeil contains a touch of playfulness, and viewers are apt to chuckle when they realize they have been tricked."
winter_2018,2,1,13-17,282,3,15,18.8,15.2,10.7,0.73,biography,Nellie Bly's race around the world,chronological_narrative,True,Some fifteen years later,historical_date_anchor,last_fact,True,False,ok,"(1) In 1872, French author Jules Verne published Around the World in Eighty Days. The novel is about an Englishman named Phileas Fogg who bets some friends that he can travel around the world in only eighty days. While today this would not be much of an accomplishment, to readers in Verne's day it must have seemed an impossible (5) challenge. Fogg sets out, traveling mostly by steamship and train and, on one leg of the journey, even by elephant. He has many amusing and hair-raising adventures along the way, arriving home just in time to win his bet. Readers were fascinated by this entertaining and thought-provoking tale, and the novel was a huge success.

Some fifteen years later, a bold young newspaper reporter named Nellie Bly (9) decided to do in real life what Fogg had done in fiction. After studying steamship and railroad schedules, she concluded that she might even be able to travel around the world in less than eighty days. Bly approached her bosses at the New York World and talked them into assigning her the story. A year later, she set sail for London and, from there, followed a route similar to Fogg's.

(15) Like the fictional Fogg, Bly had many interesting adventures along the way. In France, she spent a few hours visiting Jules Verne and his wife, and in Singapore, she bought herself a pet monkey. Every few days, she mailed long, detailed reports about her exploits to the offices of the New York World. The newspaper's readership soared as the public eagerly followed her stories. When Bly broke Fogg's ""record"" – completing (20) her journey in seventy-two days, six hours, eleven minutes, and fourteen seconds – she was greeted by cheering crowds."
winter_2018,2,2,18-22,262,3,13,20.2,17.7,10.4,0.92,medicine_health,Whether the mind declines with age,debunking_a_belief,True,However,question,summary_restatement,False,False,ok,"(1) Is it inevitable that the mind will deteriorate in old age? The prospect of developing dementia is so frightening that many people prefer not to think about it. The expectation that their minds will become progressively weaker as they grow older causes some people to have an immense fear of old age. They worry that their mental (5) faculties will decline as they age, even if they are fortunate enough to avoid Alzheimer's and other diseases that affect the brain.

There is still no way of accurately predicting whether or not a person will suffer from dementia. However, scientists can now point to several aspects of a person's life that affect mental functioning. K. Warner Schaie, a psychologist studying the aging (10) process, has found a number of factors that are associated with strong mental abilities in the elderly. These include having an above-average number of years of education; maintaining good physical health; and having a varied, intellectually stimulating lifestyle. Schaie has also identified factors that may contribute to the decline of mental functioning, such as the inability to change one's routine and dissatisfaction with one's (15) life.

Scientists' perception of what happens to the brain as it ages is not entirely pessimistic. They have shown that it is not a foregone conclusion that people will experience dementia in old age. Neuroscientists who study the workings of the brain and psychologists who work with the elderly are both finding that aging brains have (20) surprising abilities and strengths. They note that while some mental capacities diminish noticeably with age, others remain unchanged or may actually increase."
winter_2020,1,1,13-17,206,2,13,15.8,17.0,13.2,0.69,natural_science,How snowflakes get their shapes,process_description,True,But,scene,quotation,False,False,ok,"(1) You can catch it on your tongue or make it into a ball and throw it at a friend. You can simply walk in it, experiencing the silence and the beautifully transformed landscape. Snow has long been food for the soul for those who are poets at heart. But snow, it seems, inspires scientists as well as artists. In his book The Snowflake: (5) Winter's Secret Beauty, physicist Dr. Kenneth Libbrecht calls the snowflake ""a temporary work of art"".

Snowflakes are created when water vapor in the air freezes. Because water molecules are similar in shape to the corners of a hexagon, the molecules cluster together in six-sided crystals when they freeze. As more water molecules attach (10) themselves to each crystal, a complex structure begins to build up. The wind carries the snowflake from cloud to cloud, exposing it to a variety of climatic conditions. These conditions, among them temperature and humidity, affect the way in which additional water molecules attach themselves to the snowflake, and therefore determine the snowflake's ultimate shape. Since no two crystals follow precisely the same path, (15) it is highly unlikely that any two of them will come out looking exactly alike. ""If snowflakes are art,"" says Libbrecht, ""then wind is the artist."""
winter_2020,1,2,18-22,295,4,13,22.7,16.1,11.1,1.08,arts_literature,Shakespeare's second-best bed bequest,claim_then_counterclaim,True,however,striking_fact,last_fact,False,False,ok,"(1) There is a general consensus that William Shakespeare was the most innovative and influential English playwright who ever lived. Every word he wrote has been subjected to endless analysis and interpretation. Oddly enough, one of the most intriguing sentences ever penned by Shakespeare – one that has generated widespread critical (5) debate – is found not in his literary work, but rather in his last will and testament.

Shakespeare, who amassed a significant amount of money as a partner in London's Globe Theatre, left a very detailed will. It made mention of all kinds of belongings, from the large and valuable to the trivial. Amidst the meticulous instructions, there was only one bequest to Shakespeare's wife, Anne Hathaway: ""I give unto my wife my (10) second-best bed.""

This sentence has led to extensive speculation about the couple's marriage. Some scholars see the bequest of just one item – specifically, the ""second-best"" of an item which symbolises marital union – as evidence that the couple's relationship was troubled. They point out that, during the 34 years of their marriage, Shakespeare spent (15) most of his time in London while his wife remained at their home in Stratford-upon-Avon. These researchers suggest that the bequest was intended as a slap in the face to Hathaway.

Others, however, argue that Shakespeare meant the bequest not as an insult to his wife, but rather as a sentimental gesture. The second-best bed, they claim, was very (20) likely the marital bed; the best bed would have been the one reserved for guests. Furthermore, the fact that this was the one bequest made to Hathaway does not mean that her husband left her penniless. According to the laws of the time, a widow automatically inherited a significant part of her husband's property whether or not she was mentioned in his will."
winter_2020,2,1,13-17,333,3,15,22.2,11.9,7.7,1.0,arts_literature,A novel written by fourteen authors,expository_descriptive,True,However,historical_date_anchor,quotation,False,False,ok,"(1) On an April night in 2003, 14 authors from 12 countries met in Athens, Greece, and began a curious collaboration: the writing of a novel that would take its hero on a journey around the world, transported by the imaginations and pens of one writer after another. Inspired by their Greek surroundings, the writers decided to base their novel (5) on Homer's Odyssey, the ancient Greek classic. The product, a global novel, is an epic tale of adventure. The novel's modern-day Odysseus is a young woman named Maria Teresa Almendros, who sets out from Central America on a quest to find her lost father. While the ancient Greek hero must overcome difficulties sent his way by the Olympian gods, Maria Teresa's challenges come from more earthly sources: politicians and (10) revolutionaries.

The contributing novelists ranged in age from 30 to 80, and their writing styles, like their cultural backgrounds, varied greatly. Each author contributed two chapters of the novel. As soon as one author finished, the chapters were given to an army of translators, who worked around the clock to make sure that all the other authors received the new (15) material in their own language before the next author began to write. Editorial input was minimal, consisting mainly of correcting inconsistencies and contradictions (such as hair and eye color) and persuading the authors to deliver their chapters on time.

""The meeting we had in Athens was a fascinating, frustrating, inspiring, sometimes hilarious experience, and I had high hopes that we could produce something good,"" (20) said Michel Faber, a Dutch-born novelist who was raised in Australia and now lives in Scotland. However, Faber was disappointed with the final result. ""Those old clichés about 'national character' have a lot of truth in them,"" he noted. ""As a novel, it lacks structure and emotional believability."" Still, Faber said he found it miraculous that anything was achieved at all. ""Look at what usually happens when countries attempt to (25) communicate – political tension, competition, and even war. Instead, we managed to write a novel together."""
winter_2020,2,2,18-22,338,4,15,22.5,15.9,9.2,0.93,history,Ancient pills from a Mediterranean shipwreck,problem_then_explanation,True,Unlike some other scholars,striking_fact,future_speculation,False,False,ok,"(1) The prospect of finding treasure aboard a shipwreck is not as outrageous as it may seem. In 1989, while excavating a ship that had sunk in the eastern Mediterranean nearly 2,000 years earlier, scientists made an unusual discovery that may well turn out to be as valuable as a chest of ancient coins. In addition to glass cups, a pitcher, and (5) ceramics, they found a locker containing medical supplies: a copper bleeding cup, 136 wooden vials, a mortar, and several sealed tin boxes. Inside one of these boxes were several small gray-green tablets, still dry and intact.

When Alain Touwaide heard of the discovery, he recognized its importance. Touwaide, a science historian at the Smithsonian Institution and founder of the Institute (10) for the Preservation of Medical Traditions, has dedicated his career to studying ancient medical texts such as the Hippocratic Corpus, a collection of writings associated with the great Greek physician Hippocrates. Unlike some other scholars, Touwaide maintains that these texts were not merely theoretical, but actually served as practical handbooks for physicians long ago. At last, he had the means to prove that ancient (15) medical writings were used for practical purposes: the preparation of medicinal compounds.

Touwaide and a team of geneticists subjected samples of the pills to advanced DNA sequencing techniques. The analysis showed that the tablets consisted of a dozen plants – among them carrot, parsley, celery, and wild onion – held together with clay. (20) Touwaide looked for references to these plants in the ancient texts and saw that they had a common denominator: they were all used for gastrointestinal diseases. He concluded that the pills might have been used to treat stomach disorders, such as dysentery, that frequently affected sailors.

Touwaide is very excited by the findings. ""When I started my work, the people in (25) academia assumed that these ancient texts were just quackery."" Touwaide believes the pills are the first concrete example of a practical application of ancient medical knowledge. He is more convinced than ever that such texts will be valuable in the development of modern pharmaceuticals."
