exam,section,text_no,n,pos_in_block,type,negative,cited_line,key,stem,opt1,opt2,opt3,opt4,locator_in_stem,answer_home,answer_span_sentences,scan_sufficient,scan_comment,correct_option_relation,correct_shares_wording,key_looks_wrong,key_comment,key_reliability,mech1,why1,mech2,why2,mech3,why3,mech4,why4
apr_2014,1,1,13,1,paragraph_purpose,False,,3,The first paragraph is mainly about -,what the first flags looked like,flags in the Bible,the use of flags in ancient times,why kings have flags,ordinal_position,p1,3,needs_paragraph,Bible and army examples must be seen as instances of one ancient-use claim.,generalization,True,False,,ok,not_stated,No flag's appearance is described in this paragraph.,too_narrow,The Bible supplies one of three examples.,,,too_narrow,Kings appear in a list; no reason is given.
apr_2014,1,1,14,2,vocab_in_context,False,line 4,2,"In line 4, ""banners"" is another word for -",armies,flags,tribes,countries,line_number,p1,1,yes_local,Armies carrying banners to war parallels the flag sentences immediately above.,paraphrase,True,False,,ok,right_words_wrong_relation,Armies carry the banners; they are not the banners.,,,wrong_location,Real word taken from the preceding Bible sentence.,right_words_wrong_relation,"Countries are what flags stand for, not a synonym."
apr_2014,1,1,15,3,reference_word,False,line 10,4,"""These"" (line 10) refers to -",most countries,natural features,ideas and beliefs,colors and designs,line_number,p3,2,yes_local,The referent is the compound object of the sentence immediately before.,inference_one_step,True,False,,ok,right_words_wrong_relation,"Subject of the previous sentence, not what symbolizes anything.",right_words_wrong_relation,"That is what 'These' symbolize, not what they are.",wrong_location,Phrase taken from a later sentence in the paragraph.,,
apr_2014,1,1,16,4,inference,False,,4,It can be understood from the third paragraph that maple trees -,grow in Lebanon,are a symbol of religious groups,symbolize the hope for peace in Ireland,are a natural feature of Canada,paragraph_number,p3,2,yes_local,'Natural features' sentence plus the Canada example are adjacent and decisive.,inference_one_step,True,False,,ok,wrong_entity,"Lebanon's tree is the cedar, not the maple.",wrong_location,Religious symbolism belongs to Ireland's colours.,wrong_entity,"Peace is symbolized by Irish colours, not maple trees.",,
apr_2014,1,1,17,5,inference,False,,1,It can be understood from the last paragraph that the color green -,may represent different things,appears on the flags of most countries,is a symbol of communism,represents all religions,ordinal_position,p4,2,yes_local,The Pakistan and Sierra Leone green sentences sit side by side at the end.,inference_one_step,True,False,,ok,,,overreach,"'Most countries' flags' belongs to another paragraph, not to green.",wrong_entity,"The star, not green, symbolizes communism.",overreach,Only Islam is named; 'all religions' is unsupported.
apr_2014,1,2,18,1,main_idea,False,,2,The main purpose of the text is to -,discuss the positive and negative effects of the fast food industry,present Eric Schlosser's criticisms of the fast food industry,compare American fast food with that of other countries,discuss the impact of fast food on American culture,none,whole,99,no_locator,Every paragraph reports one of Schlosser's charges; the frame only shows across all four.,generalization,True,False,,ok,half_true,Negative effects only; no positive side is presented.,,,right_words_wrong_relation,"Other countries show spread, not a culinary comparison.",too_narrow,Culture is one of three impacts the text lists.
apr_2014,1,2,19,2,paragraph_purpose,False,,4,The main purpose of the second paragraph is to -,present statistics on fast food consumption,describe the spiraling increase in food-borne illnesses,argue that mounting obesity rates are a result of fast food,describe different health effects of fast food,paragraph_number,p2,4,needs_paragraph,Obesity and illness are separate effects; only both together give 'different health effects'.,generalization,False,False,,ok,too_narrow,Consumption figures are the opening setup only.,too_narrow,Lifts a verbatim phrase covering one of two effects.,too_narrow,Lifts 'mounting obesity' and drops the illness strand.,,
apr_2014,1,2,20,3,explicit_detail,False,lines 11-13,4,"According to lines 11-13, Schlosser claims that fast food corporations -",have been persuaded by influential policy makers to spend more money on food safety,disagree with many policy makers that new food safety standards are necessary,are angry that legislation has been passed that imposes costly new standards for food safety,have tried to prevent laws from being passed that would require them to spend a lot of money on food safety,line_number,p2,1,yes_local,"The cited sentence contains block, legislation, costly, food safety; direction is everything.",paraphrase,True,False,,ok,contradiction,"They conspired to block spending, not agreed to spend.",right_words_wrong_relation,"They conspired with policy makers, not against them.",right_words_wrong_relation,"The legislation was blocked, so it never passed.",,
apr_2014,1,2,21,4,inference,False,,1,It can be inferred from the third paragraph that many small businesses -,have suffered economically as a result of the growth of large fast food chains,have higher worker safety standards than the large fast food corporations,are trying to meet the large restaurant chains' demands for uniformity,cannot afford to pay the same wages as the fast food giants,paragraph_number,p3,2,needs_paragraph,"Restaurants, farmers and suppliers must be pooled into one 'small businesses' claim.",generalization,True,False,,ok,,,right_words_wrong_relation,"Worker safety concerns the giants resisting rules, not small firms.",right_words_wrong_relation,Uniformity demands marginalized suppliers; they are not chasing them.,right_words_wrong_relation,"Minimum wage is what the chains resisted, not a small-firm gap."
apr_2014,1,2,22,5,inference,False,,1,"It can be inferred from the text that Schlosser that ""the golden arches are as familiar to schoolchildren as pictures of Mao Tse-Tung.""",is upset,is glad,does not believe,does not know,quoted_phrase,whole,99,needs_whole_text,The quoted sentence is tonally neutral; only the book's overall indictment fixes his stance.,inference_one_step,False,False,,ok,,,contradiction,He calls the homogenization deadening and devastating.,contradiction,He is the one asserting the fact.,contradiction,The claim is presented as his own reporting.
apr_2014,2,1,13,1,vocab_in_context,False,line 3,2,"The word ""mammoth"" (line 3) is closest in meaning to -",mysterious,huge,prehistoric,circular,line_number,p1,3,yes_local,The passage's opening word is 'Huge'; the synonym is two sentences above.,paraphrase,True,False,,ok,wrong_location,'Mysterious' is a real passage word from the next paragraph.,,,wrong_location,'Prehistoric' is a real passage word from the next paragraph.,wrong_location,'Circle' appears one sentence earlier describing the layout.
apr_2014,2,1,14,2,explicit_detail,False,,1,"According to the second paragraph, the construction of Stonehenge began -",in the Late Stone Age,in 1600 B.C.E.,"1,500 years ago",after the Late Stone Age,paragraph_number,p2,1,yes_local,'Began building ... during the Late Stone Age' answers it in one clause.,paraphrase,True,False,,ok,,,right_words_wrong_relation,"1600 B.C.E. is the completion date, not the start.",right_words_wrong_relation,"1,500 years is the build duration, not an age.",contradiction,"Building began during, not after, the Late Stone Age."
apr_2014,2,1,15,3,paragraph_purpose,False,,2,The main purpose of the last paragraph is to describe -,how Stonehenge was first built,what Stonehenge was used for,who lived near Stonehenge,how the dead were buried at Stonehenge,ordinal_position,p3,5,needs_paragraph,"Ceremonies, calendar and planting are three uses; any one alone looks like the topic.",generalization,True,False,,ok,wrong_location,Construction is the previous paragraph's subject.,,,too_narrow,The farmers clause is one closing detail.,right_words_wrong_relation,Burial is named as a use; no method is described.
apr_2014,2,1,16,4,explicit_detail,False,,1,"According to the last paragraph, on the first day of spring at Stonehenge.",the sun always shone on a specific rock,a religious ceremony was held,farmers planted their crops,experts are not sure what took place,named_entity_or_term,p3,1,yes_local,'The first day of spring' is parenthesized in the very sentence that answers it.,paraphrase,True,False,,ok,,,not_stated,"Ceremonies are mentioned generally, never tied to that day.",right_words_wrong_relation,"Planting was only perhaps timed by Stonehenge, not fixed to the equinox.",wrong_location,Lifts the paragraph's opening hedge about Stonehenge as a whole.
apr_2014,2,1,17,5,title,False,,4,A good title for the text would be -,The First Calendar: Stonehenge,Stonehenge and Prehistoric Farming,Religious Ceremonies at Stonehenge,"Stonehenge: A 5,000-Year-Old Monument",none,whole,99,no_locator,"Only a title spanning description, dating and uses covers all three paragraphs.",generalization,True,False,,ok,overreach,It served as a calendar; it is never called the first.,too_narrow,Farming is a speculative closing clause.,too_narrow,One of several stated uses.,,
apr_2014,2,2,18,1,explicit_detail,False,,3,"According to the first paragraph, what is it that ""most people . . . disagree about""?",whether it is fair to treat men and women differently,whether men and women are treated equally by the criminal justice system,why the criminal justice system does not treat men and women the same,why women are more likely than men to commit certain types of crimes,quoted_phrase,p1,2,yes_local,'Agree the answer is no ... disagree about why' is one sentence; the why is the point.,paraphrase,True,False,,ok,not_stated,Fairness of differential treatment is never the stated dispute.,contradiction,That is precisely what most people agree on.,,,not_stated,Women's crime rates are never discussed.
apr_2014,2,2,19,2,explicit_detail,False,,2,"According to the second paragraph, ""some analysts"" -",ignore the justice system's bias in favor of female criminals,argue that female criminals are treated more leniently than men,claim that the justice system is not biased against women victims,believe that female criminals should be treated more favorably,quoted_phrase,p1,3,yes_local,"'Some analysts' is verbatim; note it sits in paragraph one, not the stem's second.",paraphrase,True,False,,ok,right_words_wrong_relation,Others ignore this bias; the analysts are the ones raising it.,,,not_stated,'Another bias' concedes the first rather than denying it.,right_words_wrong_relation,They describe the leniency; they do not advocate it.
apr_2014,2,2,20,3,vocab_in_context,False,line 10,1,"In line 10, ""concede"" means -",admit,disagree,overlook,expect,line_number,p2,2,yes_local,"The following 'However, they argue' marks the verb as a reluctant admission.",paraphrase,False,False,,ok,,,contradiction,The sentence grants the point before objecting to it.,wrong_location,'Overlook' is lifted verbatim from the line just above.,other:wrong_sense,No expectation sense fits the sentence.
apr_2014,2,2,21,4,explicit_detail,False,line 19,3,The statistical studies mentioned in line 19 -,support Young's position but not Kaminer's,support Kaminer's position but not Young's,provide evidence for both Young's and Kaminer's positions,show that both Young's and Kaminer's positions are mistaken,line_number,whole,4,needs_whole_text,Line 19 says 'both sides'; only paragraphs one and two identify who those sides are.,synthesis,True,False,,ok,half_true,Names one supported side and drops the other.,half_true,Names one supported side and drops the other.,,,contradiction,"The studies appear to support the positions, not refute them."
apr_2014,2,2,22,5,title,False,,3,A good title for the text would be -,Fighting for Fairness: Cathy Young and the Women's Freedom Network,A Fearful Freedom: Wendy Kaminer's Study of the American Legal System,The U.S. Justice System: Is Its Treatment of Women Harsh or Lenient?,Women Who Commit Crimes: Unnatural and Monstrous,none,whole,99,no_locator,Only a title holding both the leniency and the severity claim covers the whole debate.,generalization,True,False,,ok,too_narrow,One named source on one side of the argument.,too_narrow,One named source on the other side.,,,right_words_wrong_relation,"Verbatim phrase reporting a prejudice the text examines, not endorses."
apr_2017,1,1,13,1,paragraph_purpose,False,,2,The main purpose of the first paragraph is to -,describe the beginnings of the Space Age,discuss one of the challenges faced by travelers,explain how to preserve food,compare astronauts with sailors,paragraph_number,p1,3,needs_paragraph,The closing sentence alone reads as 'the Space Age begins'; the travel-food thread runs through all three.,generalization,True,False,,ok,too_narrow,The Space Age enters only in the final sentence.,,,right_words_wrong_relation,"Preserving is mentioned as a fact, never explained as a method.",not_stated,Astronauts do not appear in this paragraph at all.
apr_2017,1,1,14,2,vocab_in_context,False,line 4,4,"In line 4, ""posed"" could best be replaced with -",lost,spent,chose,brought,line_number,p1,1,yes_local,"One sentence: the Space Age 'posed new challenges', then names them. Enough.",inference_one_step,False,False,,ok,other:wrong_collocation,One cannot lose challenges that did not exist before.,other:wrong_collocation,Spending does not combine with challenges.,other:wrong_collocation,An era cannot choose the difficulties it creates.,,
apr_2017,1,1,15,3,paragraph_purpose,False,,3,The main purpose of the second paragraph is to -,introduce one of the first American astronauts,describe the first meal eaten in space,discuss how food eaten in space has changed over time,explain how astronauts' food is prepared,paragraph_number,p2,6,needs_paragraph,First half is entirely Glenn's 1962 meal; the 'today' contrast only arrives at the end.,generalization,True,False,,ok,too_narrow,"Glenn is the opening example, not the paragraph's subject.",too_narrow,The first meal fills half the paragraph but not its purpose.,,,not_stated,Preparation of the food is never described.
apr_2017,1,1,16,4,explicit_detail,False,,2,"According to the second paragraph, John Glenn in space.",used utensils to eat the first meal,showed that it was possible to eat,was surprised that food tasted good,ate his favorite foods,named_entity_or_term,p2,3,needs_paragraph,Scanning 'Glenn' hits the tube-meal sentences; the 'did prove' clause sits three sentences later.,paraphrase,True,False,,ok,wrong_location,"Utensils belong to today's trays, not to Glenn's tube.",,,contradiction,The text calls it hardly a pleasant eating experience.,not_stated,No preference of Glenn's is ever mentioned.
apr_2017,1,1,17,5,reference_word,False,line 20,3,"In line 20, ""the real thing"" refers to -",the space station,a freezer,ice cream,electronic systems,line_number,p3,2,yes_local,The same phrase appears at line 17 about ice cream taste; line 20 repeats it.,paraphrase,True,False,,ok,wrong_location,Skylab appears in the same sentence but is the setting.,wrong_location,"The freezer is the enabler in the same sentence, not the referent.",,,wrong_location,Electronic systems belong to the preceding danger sentence.
apr_2017,1,2,18,1,main_idea,False,,1,The main purpose of the text is to -,discuss a personality disorder and its relation to violent behavior,summarize the behavioral characteristics of APD,describe a USC study on violent crime,present two opposing theories about antisocial behavior,none,whole,99,no_locator,"Nothing to scan; each paragraph on its own supports a different, narrower option.",generalization,True,False,,ok,,,too_narrow,Behavioural traits fill only the first paragraph.,too_narrow,The USC study is one of three paragraphs.,right_words_wrong_relation,Raine qualifies the finding; he does not oppose it with a theory.
apr_2017,1,2,19,2,explicit_detail,False,,2,"According to the first paragraph, it is surprising that people with APD -",are less impulsive than most people,seem to get along well with others,commit 80 percent of violent crimes in the United States,do not apologize for their behavior,paragraph_number,p1,1,yes_local,Scan for 'Ironically'; the same sentence says sufferers are sociable and charming.,paraphrase,False,False,,ok,contradiction,The text says they tend to be impulsive.,,,right_words_wrong_relation,"80 percent of violent convicts have APD, not the reverse.",contradiction,They may apologize; what they lack is regret.
apr_2017,1,2,20,3,paragraph_purpose,False,,3,The main purpose of the second paragraph is to -,explain the relationship between nerve cell volume and neural activity,explain how USC researchers measured neural activity in the prefrontal cortex,present findings about the connection between APD and the prefrontal cortex,describe how violent actions affect neural activity,paragraph_number,p2,3,needs_paragraph,"Both study sentences are needed: subjects with APD, and what their prefrontal cortex showed.",generalization,True,False,,ok,right_words_wrong_relation,"Volume and activity are two parallel findings, not linked to each other.",not_stated,The measuring method is never described.,,,right_words_wrong_relation,Reverses the direction: brain deficit precedes the behaviour.
apr_2017,1,2,21,4,inference,False,,1,It can be inferred from the text that a lower volume of cells in the prefrontal cortex -,may cause violent behavior,can be treated,is often found in men who do not have APD,is responsible for self-restraint,named_entity_or_term,p2-p3,4,needs_whole_text,"P2 gives the correlation, p3 supplies the hedge 'may'; the local hit supports a wrong option.",inference_one_step,False,False,,ok,,,not_stated,Treatment is never mentioned anywhere in the text.,overreach,"Raine says some, not often, and says nothing about men specifically.",right_words_wrong_relation,The cortex governs self-restraint; low volume does not.
apr_2017,1,2,22,5,vocab_in_context,False,line 15,3,"A ""deficiency"" (line 15) is -",an impulse,a response,a shortage,an account,line_number,p3,2,yes_local,Line 15 sits beside 'prefrontal deficits' and echoes p2's 'extremely low' volume.,inference_one_step,False,False,,ok,wrong_location,Echoes 'impulsive' from the first paragraph.,other:wrong_collocation,Nothing in the sentence involves responding.,,,wrong_location,Echoes 'taken into account' two lines later.
apr_2017,2,1,13,1,paragraph_purpose,False,,3,The main purpose of the first paragraph is to -,explain why people collect pencils,describe the work of an Iraqi journalist,discuss one man's hobby,discuss important events in Iraq's history,paragraph_number,p1,4,needs_paragraph,"Journalist, history and quotation each pull toward a different option; only the whole shows the hobby frame.",generalization,True,False,,ok,overreach,One collector's motive is generalized to people who collect pencils.,right_words_wrong_relation,He is called a journalist; his journalism is never described.,,,too_narrow,History appears only as what the pencils commemorate.
apr_2017,2,1,14,2,explicit_detail,False,,4,"According to the second paragraph, Ibrahim -",takes part in sporting events,paid for his pencils in fils,knew King Faisal I and Prime Minister Qasim,has a pencil that is almost a hundred years old,paragraph_number,p2,2,needs_paragraph,"Three wrong options quote the paragraph's own nouns; only the 1918 date, plus arithmetic, decides.",inference_one_step,False,False,,ok,right_words_wrong_relation,Pencils are souvenirs of sporting events; he does not compete.,right_words_wrong_relation,Prices are marked in fils; he did not pay in them.,right_words_wrong_relation,Pencils honour those leaders; no acquaintance is claimed.,,
apr_2017,2,1,15,3,vocab_in_context,False,line 14,2,"In line 14, ""imported"" could best be replaced by -",commemorative,made outside of Iraq,cheaper than they used to be,part of Ibrahim's collection,line_number,p3,2,yes_local,"Same sentence explains the Iraqi factories closed, so pencils come from elsewhere.",inference_one_step,True,False,,ok,wrong_location,'Commemorative' is p2's word for his collection.,,,not_stated,No price trend for pencils is given.,contradiction,"Most of his own pencils were made locally, not imported."
apr_2017,2,1,16,4,explicit_detail,False,,2,"According to the last paragraph, Ibrahim -",paid a great deal of money for his pencils,will not sell his pencils,was given souvenir pencils by Asharq Al-Awsat,does not show his collection to many people,ordinal_position,p3,2,needs_paragraph,No phrase to scan; must read to the interview question about selling and his refusal.,paraphrase,True,False,,ok,contradiction,The text says an ordinary pencil costs very little.,,,wrong_entity,The newspaper interviewed him; it gave him nothing.,not_stated,Whether he displays the collection is never mentioned.
apr_2017,2,1,17,5,explicit_detail,False,,2,"According to the text, Ibrahim is known as Abu Iqlam because he -",used to sell pencils,has many pencils,owned a pencil factory,writes about pencils,named_entity_or_term,p1,1,yes_local,Scan 'Abu Iqlam'; the same sentence gives the hobby and the huge collection.,paraphrase,False,False,,ok,not_stated,"He is a collector, never described as a seller.",,,wrong_location,Factories appear in p3 and were not his.,right_words_wrong_relation,"He is a journalist, but writes nothing about pencils."
apr_2017,2,2,18,1,title,False,,2,An appropriate title for this text would be -,John Howard Griffin: His Life and Career,Black Like Me: John Howard Griffin's Unusual Journey,John Howard Griffin: Equal Rights Advocate,Black Like Me: A History of Discrimination in the American South,none,whole,99,no_locator,Nothing to scan; the title must centre the six-week experiment that three paragraphs build toward.,synthesis,True,False,,ok,overreach,"The text is about one experiment, not a whole life and career.",,,too_narrow,Advocacy is one clause of the closing sentence.,overreach,One man's six weeks is not a history of southern discrimination.
apr_2017,2,2,19,2,paragraph_purpose,False,,3,The main purpose of the first paragraph is to -,present Griffin's unique personal qualities,describe Griffin's first exposure to blacks,summarize Griffin's early life experiences,explain how Griffin became aware of racism,paragraph_number,p1,4,needs_paragraph,"Each sentence (gifts, France, war) matches a different option; only the sequence shows a life summary.",generalization,False,False,,ok,too_narrow,Perfect pitch and memory occupy one clause.,too_narrow,The France episode is one of four events.,,,half_true,"France hints at racism, but war and music are not about that."
apr_2017,2,2,20,3,paragraph_purpose,False,,1,The main purpose of the third paragraph is to -,describe the discrimination Griffin experienced as a black man,discuss the employment opportunities for blacks in the South,describe the black communities that Griffin visited,discuss Griffin's views on segregation in the South,paragraph_number,p3,6,needs_paragraph,"Work, communities and buses are each one sentence; the discrimination frame comes from the whole run.",generalization,True,False,,ok,,,too_narrow,Menial work is one sentence in a longer list.,too_narrow,The black communities get one sentence near the end.,right_words_wrong_relation,"The paragraph reports lived experience, not stated views."
apr_2017,2,2,21,4,inference,False,line 19,4,"It can be inferred that ""menial work"" (line 19) -",is difficult to find,requires special training,is dangerous,is not well respected,line_number,p3,1,yes_local,"'Despite being well educated, only the most menial work' carries the whole inference.",inference_one_step,False,False,,ok,contradiction,"It was the only work he could find, so readily available.",contradiction,'Despite being well educated' implies no training is needed.,not_stated,Danger is never attached to the work he found.,,
apr_2017,2,2,22,5,explicit_detail,False,,3,"According to the last paragraph, Black Like Me -",was Griffin's most successful book,was not published in the South,received mixed responses,created dialogue between whites and blacks,named_entity_or_term,p4,2,needs_paragraph,Scanning the title hits the first sentence; admiration and hostility appear two sentences later.,synthesis,False,False,,ok,not_stated,No other book by Griffin is mentioned for comparison.,not_stated,Where the book was published is never discussed.,,,wrong_entity,Griffin promoted the dialogue; the book is not credited with it.
autumn_2018,1,1,13,1,paragraph_purpose,False,,3,The main purpose of the second paragraph is to -,discuss the social and political influences on Rumi's work,describe Rumi's relationship with Shams al-Din,discuss Rumi's career as an Islamic scholar and teacher,describe Rumi's life before he became a poet,paragraph_number,p2,5,needs_paragraph,Every sentence is one biographical stage; only the full paragraph shows the arc.,generalization,True,True,"Option 4 is correct: the paragraph covers birth, exile, Konya, scholarship and the turn to poetry, i.e. his whole pre-poet life.",SUSPECT,right_words_wrong_relation,Upheaval is setting; no influence on his work is claimed.,too_narrow,Shams al-Din appears in the paragraph's final sentence only.,too_narrow,Recorded key; his scholarly career is one clause he then abandons.,,
autumn_2018,1,1,14,2,explicit_detail,False,,2,"According to the second paragraph, Shams al-Din -",wrote several scholarly works,greatly inspired Rumi,was a well-known teacher in Konya,abandoned his career after meeting Rumi,paragraph_number,p2,1,yes_local,Scan the name; 'awakened Rumi's own spirituality' is in the same clause.,paraphrase,False,False,,SUSPECT,not_stated,Shams al-Din's own writings are never mentioned.,,,right_words_wrong_relation,"Rumi, not Shams, was the scholar and teacher in Konya.",right_words_wrong_relation,Rumi abandoned his career; the sentence's subject is swapped.
autumn_2018,1,1,15,3,paragraph_purpose,False,,4,The main purpose of the third paragraph is to -,present the innovative aspects of Rumi's poetry,discuss the difficulties of translating Rumi's writings,describe Rumi's place in Persian and Turkish culture,show how widespread Rumi's popularity is,paragraph_number,p3,6,needs_paragraph,"Reach, sales figures and US popularity accumulate; any single sentence yields a narrower option.",generalization,False,False,,SUSPECT,right_words_wrong_relation,"'Innovative' describes Barks's translations, not Rumi's poetry.",not_stated,Translations are counted; no difficulty is ever discussed.,too_narrow,Persian and Turkish literature is one sentence of many.,,
autumn_2018,1,1,16,4,paragraph_purpose,False,,3,The main purpose of the last paragraph is to -,argue that Rumi is the most inspirational poet of all time,discuss the wisdom of Rumi,explain why Rumi's poetry is liked by modern readers,present Coleman Barks's works on Rumi's poetry,ordinal_position,p4,5,needs_paragraph,The opening 'It may seem odd' question is answered only across the whole paragraph.,generalization,True,False,,SUSPECT,overreach,'Most inspirational of all time' is a superlative never made.,too_narrow,Wisdom is one word inside a quoted phrase.,,,wrong_location,Barks's translations are discussed in the previous paragraph.
autumn_2018,1,1,17,5,explicit_detail,True,,3,The last paragraph suggests that Rumi's poetry does all of the following except -,make people smile,express things that Rumi wished for,describe historical events,make people feel they have learned from Rumi,ordinal_position,p4,5,needs_paragraph,Negative item: each quality must be matched to a different phrase in the paragraph.,elimination_only,False,False,,SUSPECT,true_but_not_asked,Humour and playfulness are named explicitly.,true_but_not_asked,'Profound longing that readers can sense' supports it.,,,true_but_not_asked,Readers feel spoken to by an inspirational teacher.
autumn_2018,1,2,18,1,main_idea,False,,4,The main purpose of the text is to -,compare the missions of Sir David Attenborough and Boaty McBoatface,describe the work of NERC,present recent findings about the climate in the Antarctic,discuss Boaty McBoatface's contribution to scientific research,none,whole,99,no_locator,"Naming story, mission and climate findings must all be weighed for scope.",generalization,True,False,,SUSPECT,right_words_wrong_relation,Attenborough is the mother ship's name; missions are never compared.,too_narrow,NERC appears only in the naming episode.,too_narrow,Climate mechanism is the third paragraph alone.,,
autumn_2018,1,2,19,2,paragraph_purpose,False,,2,The main purpose of the first paragraph is to -,explain how a small submarine got its name,explain why NERC opted for Sir David Attenborough,discuss NERC's new polar research ship,describe the vessel called Boaty McBoatface,ordinal_position,p1,5,needs_paragraph,The naming outcome lands only in the fourth sentence; earlier sentences bait every other option.,generalization,True,True,Option 1 is correct: the paragraph's whole arc explains how the unmanned submarine ended up named Boaty McBoatface.,SUSPECT,,,too_narrow,Recorded key; the Attenborough honour is one subordinate clause.,too_narrow,"The research ship is the occasion, not the paragraph's payload.",too_narrow,"The submarine gets three adjectives, not a description."
autumn_2018,1,2,20,3,vocab_in_context,False,line 4,4,"In line 4, ""lent an air of lightheartedness to"" could best be restated as -",was a sign of respect for,showed the importance of,offered new information about,introduced an element of fun to,line_number,p1,1,yes_local,The contrast with 'a serious scientific endeavour' in the same clause fixes the sense.,paraphrase,False,False,,SUSPECT,right_words_wrong_relation,'In honour of' belongs to the Attenborough choice two lines later.,right_words_wrong_relation,Borrows 'serious scientific endeavour' and inverts the contrast.,not_stated,No informational sense is available for the phrase.,,
autumn_2018,1,2,21,4,inference,False,,1,It can be inferred from the second paragraph that the Orkney Passage -,reaches from the Southern Ocean to Antarctica,has become deeper and colder in recent years,had not been researched in detail before Boaty's maiden voyage,was difficult for Boaty to manoeuvre in,paragraph_number,p2,3,needs_paragraph,Dimensions sit in one sentence and the scientist's quote three sentences later; both are needed.,inference_one_step,True,True,Option 3 is correct: 'a much more detailed picture' plus surface ships' fixed-point limits imply it was not studied in detail before.,SUSPECT,contradiction,Recorded key; an 83-km passage 800 km away cannot reach Antarctica.,right_words_wrong_relation,"'Deepest and coldest' is a static description, not a recent change.",,,contradiction,Its manoeuvrability is precisely what made the mission work.
autumn_2018,1,2,22,5,explicit_detail,False,,,Which of the following best summarizes the process described in the third paragraph?,upper ocean layers become warmer → bottom water becomes warmer → ocean currents move faster → wind speeds increase,ocean temperatures increase → bottom water rises to the surface → bottom water travels to the equator → sea levels rise,ocean currents move faster → hot and cold water mix together → winds over the oceans become stronger → turbulence increases,winds blow faster → currents move faster → currents create more turbulence → bottom layers of ocean water become warmer,paragraph_number,p3,3,needs_paragraph,The causal chain is spread over two long sentences; order must be tracked across both.,synthesis,True,False,"Key missing; option 4 is correct: faster winds cause faster currents, which cause turbulence, which warms the bottom layers.",SUSPECT,right_words_wrong_relation,"Same four elements run backwards, ending in wind speed.",right_words_wrong_relation,Invents bottom water rising to the surface; sea levels are a later effect.,right_words_wrong_relation,Places wind after currents and turbulence after mixing.,,
autumn_2018,2,1,13,1,title,False,,4,A good title for this text would be -,Teenage Sleep Deprivation: Long-Term Effects,Sleep: Luxury or Biological Necessity?,The Teenage Sleep-Wake Clock: What Makes It Tick?,Melatonin: The Sleep-Promoting Hormone,none,whole,99,no_locator,Nothing to scan; the title must cover the biology and the school-hours consequence.,generalization,True,True,"Option 3 is correct: the text is about teenagers' distinct sleep-wake clock and its consequences, not about melatonin as such.",SUSPECT,not_stated,Long-term effects of teenage sleep loss are never discussed.,overreach,Lifts the opening clause and drops the teenage focus entirely.,,,too_narrow,Recorded key; melatonin is the mechanism in one paragraph.
autumn_2018,2,1,14,2,explicit_detail,False,,2,"According to the first paragraph, teenagers -",sleep more than adults or small children,are often not tired at night,tend to exercise very little,are too busy to go to bed early,ordinal_position,p1,1,yes_local,'cannot help being wakeful in the evening' answers it in one clause.,paraphrase,False,False,,SUSPECT,right_words_wrong_relation,"Adults and children appear in a clock comparison, not a quantity one.",,,right_words_wrong_relation,'Exercising' comes from the opening analogy about healthy habits.,contradiction,"The cause is stated as biological, not a matter of being busy."
autumn_2018,2,1,15,3,explicit_detail,False,,4,"According to the second paragraph, Mary Carskadon studied -",the amount of sleep teenagers actually need,irregular melatonin secretion,increased hormone levels in adolescents,a biological aspect of teenagers' sleep patterns,paragraph_number,p2,2,yes_local,'measured the levels of the sleep-promoting hormone melatonin in adolescents' is enough.,generalization,True,False,,SUSPECT,not_stated,How much sleep teenagers need is never studied here.,right_words_wrong_relation,The timing differs from adults'; nothing is called irregular.,half_true,She measured levels; no increase in hormone levels is reported.,,
autumn_2018,2,1,16,4,paragraph_purpose,False,,3,The main purpose of the last paragraph is to -,present the results of the research mentioned in line 1,challenge the study mentioned in line 11,suggest a solution to the conflict mentioned in line 15,discuss the learning potential mentioned in line 16,ordinal_position,p3,4,needs_paragraph,"Recommendation, adoption and results must be read together to see it as a solution.",generalization,True,False,,SUSPECT,wrong_location,"The line 1 research is general, not the source of these results.",contradiction,The paragraph applies Carskadon's finding rather than challenging it.,,,too_narrow,"Learning potential is the stated aim clause, not the purpose."
autumn_2018,2,1,17,5,explicit_detail,False,,3,"According to the text, teenagers suffer from sleep deprivation because -",they neglect their physical and emotional well-being,they refuse to go to sleep at an early hour,their biological rhythm conflicts with school hours,their bodies produce large amounts of melatonin,none,p1-p2,2,no_locator,Stem points nowhere; the 'conflict with the school bell' sentence closes paragraph two.,paraphrase,True,False,,SUSPECT,right_words_wrong_relation,"Physical and emotional harm are consequences, offered here as the cause.",contradiction,They cannot help being wakeful; refusal is not claimed.,,,right_words_wrong_relation,"Melatonin timing, not quantity, is what the study reports."
autumn_2018,2,2,18,1,title,False,,4,An appropriate title for this text would be -,Rodriguez-Gerada's Life and Career,"Out of Many, One: A Tribute to American Society",Face-Scapes in American Art,Rodriguez-Gerada: Transforming Our Idea of Portraits,none,whole,99,no_locator,"Only a title about redefining portraiture covers scale, sites and impermanence together.",generalization,True,False,,SUSPECT,overreach,"Promises a biography; only birth, upbringing and a move appear.",too_narrow,One work occupies a single paragraph of four.,half_true,"Face-scapes are his, but Barcelona and Amsterdam are not American art.",,
autumn_2018,2,2,19,2,paragraph_purpose,False,,1,The main purpose of the second paragraph is to -,summarize Rodriguez-Gerada's early life,discuss examples of Rodriguez-Gerada's face-scapes,explain why Rodriguez-Gerada became a portrait artist,describe the materials used by Rodriguez-Gerada in his face-scapes,paragraph_number,p2,5,needs_paragraph,Biography is the opening clause only; the rest of the paragraph is examples.,generalization,True,True,Option 2 is correct: four of the paragraph's five sentences present face-scapes in Barcelona and Amsterdam and their scale.,SUSPECT,too_narrow,Recorded key; birth and move fill one opening clause.,,,not_stated,No reason for his becoming a portrait artist is given.,wrong_location,Materials are itemised in the third and fourth paragraphs.
autumn_2018,2,2,20,3,paragraph_purpose,False,,4,The main purpose of the third paragraph is to discuss -,"why Rodriguez-Gerada chose the title Out of Many, One","public reaction to Out of Many, One","the people represented in Out of Many, One","how Out of Many, One was created",paragraph_number,p3,8,needs_paragraph,"Composite photos, satellite mapping, pegs, string, sand and soil form one long procedure.",generalization,True,False,,SUSPECT,too_narrow,The title's meaning is the paragraph's closing two sentences.,not_stated,No public reaction to the work is described.,too_narrow,The fifty young men are one input to the process.,,
autumn_2018,2,2,21,4,vocab_in_context,False,line 25,,"In line 25, ""immortalize"" can best be replaced by -",preserve the image of,capture the beauty of,convey the hopes of,express admiration for,line_number,p4,2,yes_local,The 'In contrast to' frame plus 'temporary materials' in the same sentence fixes the sense.,paraphrase,False,False,Key missing; option 1 is correct: 'immortalize' contrasts with temporary materials and 'not lost to posterity'.,SUSPECT,,,right_words_wrong_relation,Beauty is not the axis; permanence versus impermanence is.,right_words_wrong_relation,"Lifts 'hopes' from 'life, hopes, and dreams' in the same sentence.",not_stated,Admiration for subjects is nowhere in the passage.
autumn_2018,2,2,22,5,explicit_detail,True,line 2,,"Which of the following is not one of the ways in which Rodriguez-Gerada has ""changed the boundaries of portraiture"" (line 2)?",by designing enormous portraits,by producing portraits that are temporary,by using only anonymous subjects in his portraits,by constructing outdoor portraits,line_number,whole,99,needs_whole_text,"The cited line points to the claim, not the evidence; the refuting Obama detail is a paragraph away.",elimination_only,True,False,"Key missing; option 3 is correct: the first face-scape portrayed Barack Obama, so subjects are not only anonymous.",SUSPECT,true_but_not_asked,Giant scale is stated in the first and second paragraphs.,true_but_not_asked,Temporary materials and the ploughed-under work confirm it.,,,true_but_not_asked,Outdoor urban spaces are named in the opening paragraph.
autumn_2019,1,1,13,1,main_idea,False,,3,The text is mainly about Luis Soriano's -,donkeys,students,traveling library,love of books,named_entity_or_term,whole,99,needs_whole_text,"Soriano's name is on every line, so scanning gains nothing; scope decides.",generalization,True,False,,ok,too_narrow,"Donkeys are the vehicle, mentioned in two sentences.",not_stated,He is called a teacher; his pupils are never discussed.,,,too_narrow,His motive is implied but is not the text's subject.
autumn_2019,1,1,14,2,reference_word,False,line 3,1,"In line 3, ""them"" refers to -",pouches,donkeys,books,people,line_number,p1,1,yes_local,One sentence contains both the pronoun and its antecedent; nothing else needed.,inference_one_step,True,False,,ok,,,right_words_wrong_relation,"Nearest plural noun, but donkeys are not filled with books.",right_words_wrong_relation,"Books are the filling, not the thing being filled.",wrong_entity,"People appear in the next sentence, outside the clause."
autumn_2019,1,1,15,3,paragraph_purpose,False,,1,The main purpose of the second paragraph is to -,describe Soriano's donkey library,compare the biblioburro with other libraries,describe one of Colombia's poorest regions,list the books in Soriano's collection,paragraph_number,p2,4,needs_paragraph,"The paragraph ends on a book list, exactly what a local reader turns into option 4.",generalization,True,False,,ok,,,not_stated,No other library is mentioned for comparison.,too_narrow,The poor region is one relative clause of context.,too_narrow,The book types are the paragraph's closing list only.
autumn_2019,1,1,16,4,vocab_in_context,False,line 7,4,"In line 7, ""illiterate"" means -",poor,too busy,not in good health,unable to read,line_number,p2,1,yes_local,'and cannot read to their children' immediately follows and glosses the word.,paraphrase,True,False,,ok,right_words_wrong_relation,'Poorest regions' sits in the same sentence but is a different property.,not_stated,No claim about adults' time is made.,not_stated,Health is never mentioned in the text.,,
autumn_2019,1,1,17,5,inference,True,,4,It can be understood from the text that the biblioburro is not -,a traveling library,popular,meant to help people,a money-making project,named_entity_or_term,whole,99,needs_whole_text,Negative item: the three wrong options are supported in three different paragraphs.,elimination_only,False,False,,ok,true_but_not_asked,The text calls it a traveling library explicitly.,true_but_not_asked,Groups wait eagerly at every stop.,true_but_not_asked,He reads aloud and helps with homework.,,
autumn_2019,1,2,18,1,main_idea,False,,2,The main purpose of the text is to -,explain how thermoluminescence was discovered,discuss a scientific phenomenon and its practical applications,describe the different uses of heat testing,explain the process by which radiation is transformed into light,none,whole,99,no_locator,"Needs the shape of all four paragraphs: definition, history, then two applications.",generalization,True,False,,ok,too_narrow,Boyle's history is one of four paragraphs.,,,right_words_wrong_relation,Borrows 'heat testing' from the badge paragraph and inflates it.,too_narrow,"The mechanism is the first paragraph only, not the text's purpose."
autumn_2019,1,2,19,2,inference,False,,3,It can be inferred from the first paragraph that thermoluminescence -,causes materials to absorb radiation,converts sunlight into heat,does not occur in all substances,increases the temperature of crystalline minerals,ordinal_position,p1,2,yes_local,'certain substances' plus the named materials list supports the inference at once.,inference_one_step,True,False,,ok,right_words_wrong_relation,Heat and sunlight cause absorption; the phenomenon is the emission.,right_words_wrong_relation,Recombines sunlight and heat into a conversion never described.,,,right_words_wrong_relation,Heating causes the effect; the effect does not cause heating.
autumn_2019,1,2,20,3,paragraph_purpose,False,,4,The main purpose of the second paragraph is to -,explain why Robert Boyle's experiments seem crude by today's scientific standards,provide a scientific explanation of something once considered inexplicable magic,describe the 1663 Royal Society of London conference on thermoluminescence,discuss Robert Boyle's contribution to the understanding of thermoluminescence,paragraph_number,p2,4,needs_paragraph,The 'credited with advancing' clause is last; earlier sentences bait options 1 and 3.,generalization,True,False,,ok,too_narrow,"'Crude by today's standards' is a concessive clause, not the aim.",right_words_wrong_relation,Lifts 'inexplicable magic'; no scientific explanation is actually given.,wrong_entity,Boyle addressed the Society; there was no conference on the topic.,,
autumn_2019,1,2,21,4,paragraph_purpose,False,,2,The main purpose of the third paragraph is to -,explain how radiation badges were invented,describe how thermoluminescence is used to ensure worker safety,compare the levels of radiation to which people in different occupations are exposed,discuss safety procedures in the workplace,paragraph_number,p3,3,needs_paragraph,Occupation list opens the paragraph and baits option 3 before safety is stated.,generalization,True,False,,ok,not_stated,How badges came to be invented is never told.,,,right_words_wrong_relation,"Occupations are listed together, never compared by exposure level.",overreach,Broadens one specific procedure into workplace safety generally.
autumn_2019,1,2,22,5,explicit_detail,False,,4,"According to the last paragraph, thermoluminescence -",increases the amount of radiation in clay objects,is the process used to harden clay pots,can only be used to date pottery from certain periods,can be used to confirm the authenticity of clay artifacts,ordinal_position,p4,3,needs_paragraph,"Scanning 'clay' lands on firing and hardening, the trap behind option 2.",inference_one_step,True,False,,ok,contradiction,Firing releases radiation; the technique only measures it.,right_words_wrong_relation,Firing hardens clay; thermoluminescence is not that process.,not_stated,No limitation to particular periods is mentioned.,,
autumn_2019,2,1,13,1,title,False,,1,A good title for this text would be -,The Giant Panda: A Unique Animal in Danger,Giant Pandas and Other Bears,Bamboo Forests: Preserving the Giant Panda's Habitat,Saving the Giant Panda: A Worldwide Effort,none,whole,99,no_locator,"Only a title covering both paragraphs, uniqueness and endangerment, survives.",generalization,True,False,,ok,,,too_narrow,The bear comparison is the first paragraph's device only.,too_narrow,Bamboo forests are one threat inside the second paragraph.,overreach,'Worldwide effort' is never claimed by the text.
autumn_2019,2,1,14,2,paragraph_purpose,False,,4,The main purpose of the first paragraph is to -,argue that the giant panda is not really a bear,discuss the appearance of the giant panda,describe how giant pandas spend their days,present some differences between giant pandas and other bears,ordinal_position,p1,8,needs_paragraph,"Coat, diet and hibernation each bait a narrower option; the contrast frame is the point.",generalization,True,False,,ok,contradiction,The text repeatedly treats the panda as a kind of bear.,too_narrow,The coat is the opening sentence only.,too_narrow,The twelve-hour feeding fact is one clause.,,
autumn_2019,2,1,15,3,vocab_in_context,False,line 9,1,"In line 9, ""hibernate"" is closest in meaning to -",sleep,eat,store,grow,line_number,p1,1,yes_local,The same sentence contains 'sleep through the cold winter months' as a gloss.,paraphrase,True,False,,ok,,,right_words_wrong_relation,Diet dominates the paragraph but is not this verb's sense.,right_words_wrong_relation,"'Store enough body fat' is in the same sentence, different role.",not_stated,Growth is never mentioned in the passage.
autumn_2019,2,1,16,4,paragraph_purpose,False,,3,The main purpose of the second paragraph is to -,explain why giant pandas are hunted,argue that more should be done to safeguard the giant panda,discuss the dangers facing giant pandas and attempts to save them,describe efforts to guarantee the survival of the giant panda and safeguard its habitat,paragraph_number,p2,6,needs_paragraph,Paragraph splits into threats then rescue; reading only the second half yields option 4.,generalization,True,False,,ok,too_narrow,Hunting for fur is one sentence of two threats.,overreach,The text reports measures; it never argues for more.,,,too_narrow,Covers only the paragraph's conservation half.
autumn_2019,2,1,17,5,explicit_detail,False,,2,"According to the second paragraph, giant pandas -",have a smaller natural habitat than many other animals,sometimes die of hunger,are the most endangered bears in the world,live mainly on nature reserves,paragraph_number,p2,1,yes_local,'many giant pandas are dying of hunger' is a direct match for the key.,paraphrase,True,False,,ok,not_stated,No comparison of habitat size with other animals appears.,,,overreach,'Most endangered bears in the world' is a superlative never made.,right_words_wrong_relation,"Reserves are being created, not stated as their main home."
autumn_2019,2,2,18,1,explicit_detail,True,,1,Which of the following statements is not made in the first paragraph?,All entrepreneurs fail at one time or another.,Members of the corporate world believe that failure fosters understanding.,Some people believe that failure is something to be proud of.,Many high-tech companies reward failure.,ordinal_position,p1,4,needs_paragraph,Negative item: all four options must be checked against the entire first paragraph.,elimination_only,True,False,,ok,,,true_but_not_asked,'Insight and personal growth they gained' supports it.,true_but_not_asked,Failure is 'something to be envied' and proclaimed publicly.,true_but_not_asked,High-tech firms offer bonuses for failed projects.
autumn_2019,2,2,19,2,paragraph_purpose,False,,4,The main purpose of the second paragraph is to -,describe how to help students overcome failure,discuss why children today are protected from experiencing failure,describe differences in how students and educators view failure,discuss the consequences of not experiencing failure as a child,paragraph_number,p2,8,needs_paragraph,Three quoted experts fill the paragraph; the consequence chain only emerges at the end.,generalization,True,False,,ok,wrong_location,"Remedies belong to the third paragraph, not the second.",half_true,It states that children are shielded but never explains why.,not_stated,No contrast between student and educator views is drawn.,,
autumn_2019,2,2,20,3,inference,False,lines 13-14,1,"It can be inferred that ""the price"" (lines 13-14) includes -",suffering from depression and anxiety,not being able to afford a good college,working hard to be perfect,no longer benefitting from unfamiliar experiences,line_number,p2,4,needs_paragraph,"The evidence sits three sentences past the cited line, beyond a quotation.",synthesis,True,False,,ok,,,right_words_wrong_relation,"Uses 'afford' from the counseling-cost sentence, a different subject.",right_words_wrong_relation,"Near-perfection is the cause of the price, not the price.",right_words_wrong_relation,Recombines 'unfamiliar' and 'natural learning experiences' into a new claim.
autumn_2019,2,2,21,4,inference,False,,2,"It can be inferred from the second paragraph that Lahey, Lisker, and Simmons agree that -",too many students are failing college courses,failure is an important part of learning,everyone should try to achieve perfection,the most effective learning experiences are natural ones,paragraph_number,p2,6,needs_paragraph,Requires reading all three quotations and extracting their shared premise.,synthesis,True,False,,ok,not_stated,Nobody mentions students failing actual courses.,,,contradiction,Perfectionism is presented as the source of the problem.,overreach,Lisker mentions natural experiences without ranking them best.
autumn_2019,2,2,22,5,paragraph_purpose,False,,3,The main purpose of the last paragraph is to -,describe the methods taught in workshops to increase resilience,"compare the approaches to failure of Smith, Harvard, and Princeton",present college programs that teach students to understand and grow from failure,argue that more universities should change their attitude toward failure,ordinal_position,p3,5,needs_paragraph,The list of named universities at the end baits option 2 for a local reader.,generalization,True,False,,ok,too_narrow,Workshop topics are named; no methods are described.,right_words_wrong_relation,"Universities are listed as parallel cases, never compared.",,,overreach,The paragraph reports existing programs; it argues nothing.
autumn_2020,1,1,13,1,title,False,,1,An appropriate title for this text would be -,The First Nonstop Solo Transatlantic Flight,Spirit of St. Louis,A Short History of Transatlantic Travel,Lucky Lindy: The Life of Charles Lindbergh,none,whole,99,no_locator,Nothing to scan for; must weigh scope of all three paragraphs against each candidate title.,generalization,True,False,,ok,,,too_narrow,"The plane is one detail of paragraph 2, not the text's subject.",overreach,"Text covers one flight, not a history of transatlantic travel.",overreach,Uses passage nickname but promises a full biography never given.
autumn_2020,1,1,14,2,vocab_in_context,False,line 1,1,"In line 1, the phrase ""think nothing of"" could be replaced by -",are used to,are excited when,are afraid of,are careful about,line_number,p1,2,yes_local,Find line 1; the 'But when...1927' contrast next sentence fixes the routine-today sense.,paraphrase,False,False,,ok,,,contradiction,"Excitement describes the 1927 radio audience, the opposite of today.",contradiction,Fear is the reverse of thinking nothing of something.,not_stated,Literal misreading of 'think'; carefulness is never attributed to travellers.
autumn_2020,1,1,15,3,paragraph_purpose,False,,1,The main purpose of the second paragraph is to -,discuss the preparations Lindbergh made for the challenging flight,explain how Lindbergh reduced the weight of his plane,describe Lindbergh's airplane in detail,describe some of Lindbergh's most frightening experiences,paragraph_number,p2,9,needs_paragraph,Paragraph splits into preparations then perils; reading only half makes option 4 look right.,generalization,True,False,,ok,,,too_narrow,Weight reduction is one sentence inside the preparations list.,too_narrow,"Plane description serves the preparation point, is not the purpose.",too_narrow,Covers only the paragraph's second half about dangers faced.
autumn_2020,1,1,16,4,explicit_detail,False,,1,"According to the last paragraph, as a result of Lindbergh's efforts, air travel became -",more common,less expensive,safer,faster,ordinal_position,p3,1,yes_local,Last paragraph's final sentence states more Americans chose to fly; that settles it.,paraphrase,False,False,,ok,,,not_stated,Cost of air travel is never mentioned anywhere in the text.,outside_knowledge,"Safety improved historically, but the text claims no such result.",outside_knowledge,"Speed is a real advantage of flying, not a stated consequence here."
autumn_2020,1,1,17,5,explicit_detail,False,,3,"According to the text, Lindbergh was the first person to -",own a private airplane,promote the idea of air travel,fly across the Atlantic on his own,fly an airplane solo,named_entity_or_term,p1,1,yes_local,"Scan 'first-ever' in line 5; but option 4 truncates the same sentence, so read fully.",paraphrase,True,False,,ok,not_stated,Ownership of the plane is never claimed; it was built for him.,true_but_not_asked,"He did promote air travel, but was not the first to do so.",,,overreach,Drops 'transatlantic'; solo flight itself was not a first.
autumn_2020,1,2,18,1,main_idea,False,,4,The main purpose of the text is to discuss -,the importance of preventing counterfeiting and recently developed methods for doing this,the special status of the United States dollar worldwide and reasons for this status,the history of different types of paper currencies and predictions about their future,the paper currency of the United States and changes that were made to its appearance,none,whole,99,no_locator,"No target; each option matches one paragraph, so scope of all four must be compared.",generalization,True,False,,ok,too_narrow,Counterfeiting is only the last paragraph; 'new methods' also unstated.,too_narrow,Dollar's special status is the second paragraph alone.,not_stated,No history of currency types and no predictions about the future.,,
autumn_2020,1,2,19,2,inference,False,,3,It can be inferred from the first paragraph that it was once thought that -,modern commerce would be based on United States currency,there would be many more dollars circulating worldwide than there actually are,"checks, credit cards and electronic transfers would replace paper money",the demand for United States dollars would be higher than the demand for other currencies,ordinal_position,p1,1,yes_local,First sentence lists the three payment methods; 'has not yet materialized' supplies the past belief.,inference_one_step,True,False,,ok,not_stated,No one predicted commerce would be dollar-based.,right_words_wrong_relation,Reuses circulation figures but inverts them into a failed over-prediction.,,,wrong_location,"Dollar-versus-other-currencies comparison belongs to paragraph two, not a prediction."
autumn_2020,1,2,20,3,explicit_detail,False,,2,"According to the second paragraph, changes in the design of United States paper money -",have made it a world currency,are very rarely made,have affected its value,are copied by countries with unstable economies,paragraph_number,p2,1,yes_local,'changes...are not made frequently' in lines 9-10 answers directly.,paraphrase,False,False,,ok,right_words_wrong_relation,"Reverses causality: status causes rare changes, not changes causing status.",,,not_stated,Effect of redesign on the dollar's value is never discussed.,wrong_entity,Unstable economies hold dollars; they do not copy US designs.
autumn_2020,1,2,21,4,paragraph_purpose,False,,2,The third paragraph is mainly about ___ paper currency.,the importance of United States,changes in the design of United States,the increasing demand for,different countries' use of,paragraph_number,p3,5,needs_paragraph,Paragraph ends on other countries; a reader who lands there picks option 4.,generalization,True,False,,ok,wrong_location,Importance of the dollar is the second paragraph's subject.,,,wrong_location,Rising demand appears in the first paragraph only.,too_narrow,Other countries occupy only the paragraph's closing two sentences.
autumn_2020,1,2,22,5,paragraph_purpose,False,,2,The main purpose of the last paragraph is to -,compare several modern counterfeiting methods,explain why changing the design of paper currency is important,describe how widespread the practice of counterfeiting is,explain why paper currency is used despite the risk of counterfeiting,ordinal_position,p4,4,needs_paragraph,"Opening sentence gives the purpose, but closing sentence baits option 4; read both.",generalization,True,False,,ok,not_stated,"Copiers and scanners are listed, never compared as methods.",,,right_words_wrong_relation,"Borrows 'widespread counterfeiting'; extent is assumed, not described.",right_words_wrong_relation,"Inverts the point: paragraph explains redesign, not why cash survives."
autumn_2020,2,1,13,1,main_idea,False,,2,The main purpose of the text is to discuss -,the remarkable success of Ethiopian athletes,the characteristics of teff and its importance in Ethiopia,the nutritional value of teff compared to other cereal grains,enjera and other products made from teff,none,whole,99,no_locator,Each wrong option is one real paragraph; only full-text scope separates them.,generalization,True,False,,ok,too_narrow,Athletes are only the third paragraph.,,,too_narrow,Nutrient comparison is half of the second paragraph.,too_narrow,Enjera and products are part of the first paragraph.
autumn_2020,2,1,14,2,paragraph_purpose,False,,3,The main purpose of the first paragraph is to -,explain where teff is grown,describe how enjera is made,describe how teff is used,discuss when teff was first cultivated,ordinal_position,p1,4,needs_paragraph,Uses are listed across four sentences; first sentence alone suggests option 1 or 4.,generalization,True,False,,ok,too_narrow,Cultivation location is one opening clause.,not_stated,Enjera is named but its preparation is never described.,,,too_narrow,Origin dates occupy a single subordinate clause.
autumn_2020,2,1,15,3,explicit_detail,False,,1,"According to the first paragraph, Eragrostis tef -",is found mostly in Ethiopia,tastes like other cereal grains,is one of the oldest known plants,is fermented to make teff,ordinal_position,p1,1,yes_local,'cultivated primarily in Ethiopia' in sentence one decides it immediately.,paraphrase,True,False,,ok,,,not_stated,Taste is never mentioned in the text.,overreach,"Ancient origin stated, but not 'one of the oldest known plants'.",right_words_wrong_relation,"Reverses it: teff is fermented to make drinks, not made by fermentation."
autumn_2020,2,1,16,4,vocab_in_context,False,,4,Which of the following words from the second paragraph means something different than the others?,smallest,tiny,minute,lost,paragraph_number,p2,3,yes_local,Locate the four words; in practice answerable from the options alone without reading.,elimination_only,True,False,,ok,other:same_meaning_group,Belongs to the small-size trio the question asks you to exclude.,other:same_meaning_group,Synonym of tiny; part of the majority meaning group.,other:same_meaning_group,"'Minute' means very small, same group as the others.",,
autumn_2020,2,1,17,5,paragraph_purpose,False,,3,The main purpose of the last paragraph is to -,argue that Ethiopian athletes are the best in the world,explain how Ethiopian athletes train,suggest that teff contributes to the success of Ethiopian athletes,discuss the importance of teff in the Ethiopian lifestyle,ordinal_position,p3,5,needs_paragraph,Athlete quotes are boastful; only the paragraph frame shows the claim is about teff.,generalization,True,False,,ok,overreach,"Quoted boast is reported, not argued as the paragraph's purpose.",not_stated,"Training methods are never described, only training harder is claimed.",,,right_words_wrong_relation,Lifts 'lifestyle' from the final line and reframes the paragraph around it.
autumn_2020,2,2,18,1,main_idea,False,,4,The main purpose of the text is to -,"describe the location, artifacts and architecture of the city known as Great Zimbabwe",explain why Great Zimbabwe is now considered one of the world's most important archaeological sites,show how the methods and ideas of Western archaeologists have changed since the 19th century,discuss an archaeological site in Africa and different interpretations of its history,none,whole,99,no_locator,Requires seeing the site plus the century-long dispute over who built it.,generalization,True,False,,ok,too_narrow,Location and architecture are the first paragraph's opening only.,overreach,"Text says largest in sub-Saharan Africa, not world-important.",overreach,Broadens one site's story into Western archaeology's methods generally.,,
autumn_2020,2,2,19,2,vocab_in_context,False,line 4,4,"In line 4, ""attests to"" is closest in meaning to -",exists,dominates,remains,proves,line_number,p1,1,yes_local,"Line 4 sentence is enough, but two distractors are words from that same sentence.",paraphrase,False,False,,ok,right_words_wrong_relation,Lifts 'existence' from the same clause and substitutes it for the verb.,right_words_wrong_relation,Lifts 'dominating' from the next clause of the same sentence.,not_stated,Archaeology-flavoured word that does not fit the verb's function.,,
autumn_2020,2,2,20,3,paragraph_purpose,False,,1,The main idea of the second paragraph is that in the 19th century -,Western archaeologists thought that Great Zimbabwe had not been built by native Africans,Great Zimbabwe was known to only a very small number of Western archaeologists,African culture was thought to have been greatly influenced by the Phoenician and Arabian cultures,James Theodore Bent's ideas about African culture and history were not widely accepted,paragraph_number,p2,5,needs_paragraph,Bent and the Phoenicians sit at the paragraph's end and bait options 3 and 4.,generalization,True,False,,ok,,,not_stated,Nothing says how many Westerners knew of the site.,right_words_wrong_relation,"Phoenicians are proposed builders, not influences on African culture.",contradiction,"Bent's view was echoed by Neal and widely shared, not rejected."
autumn_2020,2,2,21,4,reference_word,False,lines 16-17,4,"""A report . . . conclusions"" (lines 16-17) means that -",Bent disagreed with Neal's research,Neal questioned Bent's ideas,Bent and Neal published a report together,Neal's report agreed with Bent's findings,line_number,p2,1,yes_local,The quoted sentence contains 'reiterated'; understanding that word alone decides it.,paraphrase,True,False,,ok,right_words_wrong_relation,Swaps who wrote the report and inverts agreement into disagreement.,contradiction,Neal repeated Bent's conclusions rather than questioning them.,not_stated,"Two separate reports seven years apart, not a joint publication.",,
autumn_2020,2,2,22,5,inference,False,,1,It can be inferred from the last paragraph that Randall-MacIver's interpretation took so long to be accepted because -,of the attitudes of Rhodesia's white rulers,many Africans were suspicious of European archaeologists,he was imprisoned and eventually deported,his expertise was Egyptology rather than sub-Saharan Africa,ordinal_position,p3,4,needs_paragraph,"'imprisoned and deported' sits nearby but refers to later archaeologists, baiting option 3.",inference_one_step,True,False,,ok,,,not_stated,African suspicion of European archaeologists is never mentioned.,wrong_entity,"Later archaeologists were imprisoned and deported, not Randall-MacIver.",true_but_not_asked,"He was an Egyptologist, but that is never given as the reason."
dec_2013,1,1,13,1,paragraph_purpose,False,,2,The main purpose of the first paragraph is to -,discuss fighting methods used in taekwondo,explain what taekwondo is,describe early taekwondo fighters,compare taekwondo to other types of Asian fighting,ordinal_position,p1,2,needs_paragraph,"Origin, meaning and category together make a definition; each alone looks like a topic.",generalization,True,False,,ok,right_words_wrong_relation,'Fighting method' classifies taekwondo; no techniques are discussed.,,,not_stated,Young noblemen are named but never described.,too_narrow,Karate and judo appear in a two-word opening comparison.
dec_2013,1,1,14,2,paragraph_purpose,False,,1,The main purpose of the second paragraph is to -,discuss the increasing popularity of taekwondo,describe what the American Taekwondo Union does,explain why so many people now study taekwondo,show that taekwondo is a good sport for children to learn,paragraph_number,p2,3,needs_paragraph,Numbers dominate; the growth claim is what they are all serving.,generalization,True,False,,ok,,,right_words_wrong_relation,"The union is cited as a source, not described.",not_stated,The paragraph counts students; it gives no reasons.,wrong_location,The case for children is made in later paragraphs.
dec_2013,1,1,15,3,reference_word,False,line 12,3,"In line 12, ""those"" refers to -",classes,instructors,standards,parents,line_number,p3,1,yes_local,Comparison sits inside one sentence: standards of instructors versus those of parents.,inference_one_step,True,False,,ok,wrong_location,'Classes' comes from the preceding sentence.,right_words_wrong_relation,Instructors set the standards; they are not what is compared.,,,right_words_wrong_relation,"Parents are the other setter, not the thing set."
dec_2013,1,1,16,4,paragraph_purpose,False,,2,The main purpose of the third and fourth paragraphs is to discuss -,how taekwondo instructors teach discipline in their classes,why some parents send their children to taekwondo classes,why children today are often undisciplined and disrespectful,how children are taught traditional fighting methods,paragraph_number,p3-p4,6,needs_paragraph,Two paragraphs must be pooled; each on its own reads as instruction or as time pressure.,generalization,True,False,,ok,too_narrow,Instructors' standards fill one sentence of six.,,,not_stated,The text never diagnoses children in general.,contradiction,Text says parents send them not to learn how to fight.
dec_2013,1,1,17,5,inference,False,,1,It can be understood from the last paragraph that parents may take taekwondo classes in order to -,learn how to improve their children's behavior,spend more time with their children,improve their concentration,improve their physical condition,ordinal_position,p5,1,yes_local,The paragraph's closing sentence states exactly why some parents enroll.,paraphrase,True,False,,ok,,,wrong_location,"Lack of time is a real fact, but from the previous paragraph.",wrong_entity,Concentration is what parents hope to improve in children.,not_stated,Physical fitness is never mentioned as a motive.
dec_2013,1,2,18,1,explicit_detail,False,line 9,1,"The ""definition"" mentioned in line 9 -",includes people engaged in the sciences and the arts,was first used in the 1930s,includes scientists but not literary theorists,was first used by C. P. Snow,line_number,p2,2,yes_local,'Broader sense ... would clearly include scientists' sits in the cited sentence.,inference_one_step,True,False,,ok,,,right_words_wrong_relation,"The 1930s mark when the narrow use began, not this one.",half_true,"Includes scientists, but the exclusion of literary people is invented.",right_words_wrong_relation,Snow reports the older usage; he did not coin it.
dec_2013,1,2,19,2,vocab_in_context,False,line 20,1,"What is the ""opposite phenomenon"" mentioned in line 20?",scientists who belittle literature and the arts,scientists who are proud of reading Shakespeare,intellectuals who are ignorant of science and technology,intellectuals who are knowledgeable about science and technology,line_number,p3,3,needs_paragraph,The phrase means nothing alone; the phenomenon it inverts is in the quote before it.,inference_one_step,True,False,,ok,,,right_words_wrong_relation,"Shakespeare is in the quote, but pride attaches to ignorance.",contradiction,"That is the phenomenon itself, not its opposite.",not_stated,Well-informed intellectuals never appear in the text.
dec_2013,1,2,20,3,inference,False,,1,It can be inferred from the third paragraph that Davies believes intellectuals -,actually feel inferior to scientists,should teach scientists about literature and the arts,want scientists to accept them as equals,should not try to understand complex scientific ideas,named_entity_or_term,p3,2,yes_local,Davies is named once; 'intimidated' and 'helplessness' are in his two sentences.,inference_one_step,False,False,,ok,,,not_stated,No teaching proposal is attributed to Davies.,right_words_wrong_relation,"The last paragraph asks intellectuals to admit scientists, not the reverse.",contradiction,Davies criticizes their avoidance of complex ideas.
dec_2013,1,2,21,4,explicit_detail,False,,4,"According to the last paragraph, some scientists are unhappy that -",C. P. Snow's vision has not come to pass,intellectuals' thinking is more profound than theirs,those in the arts and humanities are ignorant of science,they are not considered intellectuals,ordinal_position,p4,1,yes_local,'Resent the fact that the word has been appropriated' opens the paragraph.,inference_one_step,True,False,,ok,wrong_location,"True, but stated at the start of the previous paragraph.",contradiction,Text says scientists' thinking is no less profound.,half_true,"That ignorance is real, but the resentment is about the label.",,
dec_2013,1,2,22,5,author_purpose_or_attitude,False,,1,It can be inferred that the author of this text believes that -,intellectuals who ignore science should not be considered truly intellectual,C. P. Snow did not fully understand the scientist-intellectual split,scientific ideas are too difficult for most people to understand,ignorance of art and literature is more harmful than ignorance of science,none,whole,99,no_locator,"Author's own voice appears only in the closing paragraph, after three of reporting.",inference_one_step,True,False,,ok,,,not_stated,"Snow is treated approvingly, never faulted.",right_words_wrong_relation,That is the intellectuals' feeling as Davies reports it.,contradiction,The author's sympathy runs the other way entirely.
dec_2013,2,1,13,1,inference,False,,1,It can be understood from the first paragraph that an outsider might have been surprised at the number of at the AATH meeting.,clowns,doctors,sick people,participants,named_entity_or_term,p1,2,yes_local,The first two sentences set expectation against fact; that contrast is the answer.,inference_one_step,True,False,,ok,,,right_words_wrong_relation,Doctors at a medical convention are exactly what is expected.,wrong_location,Sick people appear in the paragraph's closing sentence only.,right_words_wrong_relation,A generic passage word with no surprise attached.
dec_2013,2,1,14,2,explicit_detail,False,,1,"According to the second paragraph, what makes humor a ""valuable tool""?",It can make the immune system stronger.,It stops biological changes from occurring.,It helps destroy natural killer cells.,It can make patients more comfortable.,quoted_phrase,p2,5,needs_paragraph,The quoted phrase is at the paragraph's end; the reason sits at its start.,synthesis,True,False,,ok,,,contradiction,Biological changes occur when you laugh; they are not stopped.,right_words_wrong_relation,Killer cells do the destroying; laughter raises their level.,wrong_location,Patient comfort is the next paragraph's claim about children.
dec_2013,2,1,15,3,paragraph_purpose,False,,2,The last paragraph is mainly about -,a study performed by Stuart Copans,the role of humor in child psychiatry,how Copans' work differs from Bittman's,the emotions released by laughter,ordinal_position,p3,4,needs_paragraph,"Comfort, memories and repressed emotion are three strands of one clinical claim.",generalization,True,False,,ok,wrong_location,The study belongs to Bittman in the previous paragraph.,,,not_stated,The two men's approaches are never contrasted.,too_narrow,Released emotions are the closing two sentences only.
dec_2013,2,1,16,4,vocab_in_context,False,line 20,1,"In line 20, ""repressed"" could be replaced by -",long-buried,emotional,comfortable,humorous,line_number,p3,2,yes_local,The synonym is literally printed two sentences later as 'long-buried feelings'.,paraphrase,True,False,,ok,,,wrong_location,Real passage word from the following sentence.,wrong_location,Real passage word from earlier in the paragraph.,wrong_location,Real passage word from the surrounding topic vocabulary.
dec_2013,2,1,17,5,title,False,,3,A good title for the text would be -,Laughter: The Key to Emotional Growth,Clowns: The Best Doctors of All,The Therapeutic Benefits of Laughter,How Sick Children Can Learn to Laugh,none,whole,99,no_locator,"The convention, the immune study and the child work all sit under one banner.",generalization,True,False,,ok,too_narrow,Emotional release is the last paragraph's claim only.,overreach,"Clowns are an opening image, never called best doctors.",,,too_narrow,Children are one of two applications discussed.
dec_2013,2,2,18,1,main_idea,False,,3,The main purpose of the text is to -,explain why pirates figure in many classic works,describe the methods used by pirates,present a short history of piracy,"discuss how the ""age of piracy"" ended",none,whole,99,no_locator,"Four paragraphs run legend, rise, state sponsorship and collapse; only a history covers them.",generalization,True,False,,ok,too_narrow,Literature is the opening hook and is never explained.,too_narrow,Methods occupy the second paragraph alone.,,,too_narrow,The decline is the closing paragraph only.
dec_2013,2,2,19,2,inference,False,,2,"It can be inferred from the first paragraph that, in reality, pirates were not always -",rich and corrupt,well dressed,skilled sailors,drunken and desperate,ordinal_position,p1,3,needs_paragraph,"Must hold the romantic wardrobe list against the 'In fact, however' reversal.",inference_one_step,False,False,,ok,right_words_wrong_relation,The rich and corrupt were the legendary pirates' victims.,,,wrong_location,"'Expert seamen' is a real fact, from the next paragraph.",contradiction,That is precisely what the text says they were.
dec_2013,2,2,20,3,paragraph_purpose,False,,2,The main purpose of the second paragraph is to discuss -,treasures found by European countries in the New World,how and why pirates captured merchant ships,the importance of merchant ships in the 1500s and 1600s,the type of boat used by pirates,paragraph_number,p2,4,needs_paragraph,"Dates, cargo and boat speed each look like the topic until the paragraph is read whole.",generalization,True,False,,ok,too_narrow,New World riches are the setup clause.,,,right_words_wrong_relation,Ships and dates are reused; their importance is never argued.,too_narrow,Boat type is one subordinate clause.
dec_2013,2,2,21,4,main_idea,False,,4,The main idea of the third paragraph is that -,the pirates of Spain were more successful than those of Britain or France,pirates helped Spain gain control of shipping routes,pirates were viewed as bold and adventurous in Britain and France,European countries used pirates to raid one another's ships,paragraph_number,p3,3,needs_paragraph,The paradox only registers if the death-penalty sentence is read before the hiring one.,paraphrase,True,False,,ok,wrong_entity,"Spain is the target of the raids, not a pirate employer.",contradiction,"Pirates were hired to weaken Spanish control, not build it.",wrong_location,'Bold and adventurous' belongs to the legend in paragraph one.,,
dec_2013,2,2,22,5,reference_word,False,line 21,1,"""In response"" (line 21) means in response to the fact that -",pirates robbed British and French ships,pirates began to raid Spanish ships,the British and French navies began to fight against pirates,the number of pirates in the Atlantic was reduced,line_number,p4,2,yes_local,The trigger is the sentence immediately before the cited phrase.,inference_one_step,True,False,,ok,,,wrong_location,Spanish raids are the previous paragraph's business.,right_words_wrong_relation,"That is the response itself, not what prompted it.",right_words_wrong_relation,The reduction is the outcome; the order is inverted.
dec_2016,1,1,13,1,inference,False,,2,It can be understood from the first paragraph that the Inuit -,came to Greenland from Alaska and Canada,moved around a lot,learned to make igloos from other nomadic peoples,were unable to hunt and fish during the winter,paragraph_number,p1,2,yes_local,'Traditionally nomadic' plus portable shelter in the next sentence settles it.,inference_one_step,False,False,,ok,right_words_wrong_relation,The three regions are where they live; no migration is described.,,,not_stated,No other people are credited with teaching them.,not_stated,Winter hunting is never ruled out anywhere.
dec_2016,1,1,14,2,vocab_in_context,False,line 5,2,"In line 5, ""devised"" means -",delayed,designed,demanded,delivered,line_number,p1,1,yes_local,One sentence: they devised a unique type of dwelling. All four options are lookalike d-words.,inference_one_step,False,False,,ok,other:wrong_collocation,Lookalike word; delaying a dwelling makes no sense here.,,,wrong_location,Echoes 'this lifestyle demanded' one sentence earlier.,other:wrong_collocation,Lookalike word with no support in the sentence.
dec_2016,1,1,15,3,paragraph_purpose,False,,4,The main purpose of the second paragraph is to -,describe the shape of an igloo,explain why igloos were made of snow,discuss why the Inuit built igloos,describe how an igloo was constructed,paragraph_number,p2,6,needs_paragraph,The opening snow sentence reads as 'why snow'; the build sequence follows for four sentences.,generalization,True,False,,ok,too_narrow,The dome is one step of the building sequence.,too_narrow,The snow reason is the first sentence only.,wrong_location,Why igloos were needed belongs to paragraph one.,,
dec_2016,1,1,16,4,explicit_detail,False,,3,"According to the second paragraph, the Inuit built igloos out of snow because -",it is easy to work with,it does not cost money,they had nothing else to use,this was their people's tradition,paragraph_number,p2,1,yes_local,First sentence: the only building material readily available in winter. Enough.,paraphrase,False,False,,ok,not_stated,Ease of working with snow is never claimed.,outside_knowledge,"True in the world, but cost is never mentioned.",,,not_stated,Tradition is not given as the reason for using snow.
dec_2016,1,1,17,5,paragraph_purpose,False,,3,The main purpose of the last paragraph is to explain how a building made of snow -,can be big enough for several people,is usually heated,can be strong and warm,should be reinforced,ordinal_position,p3,5,needs_paragraph,"Sturdiness comes first, warmth second; reading either half alone fits a narrower option.",generalization,True,False,,ok,not_stated,Size and capacity are never discussed.,too_narrow,Seal-oil lamps are one detail inside the warmth explanation.,,,right_words_wrong_relation,Refreezing reinforces it by itself; no advice is given.
dec_2016,1,2,18,1,main_idea,False,,3,The main purpose of the text is to -,describe Elizabeth Smith Miller's Turkish trousers,present a review of 19th-century fashions,discuss efforts to make 19th-century women's clothing more practical,examine 19th-century attitudes toward women,none,whole,99,no_locator,Nothing to scan; the reform thread runs from restrictive corsets through bloomers to backlash.,generalization,True,False,,ok,too_narrow,The trousers are one clause of paragraph two.,overreach,"One reform movement, not a survey of the century's fashions.",,,overreach,Attitudes appear only through the reaction to one garment.
dec_2016,1,2,19,2,paragraph_purpose,False,,3,The main purpose of the second paragraph is to -,"compare the ""freedom dress"" and the ""bloomer costume""",describe the popularity of bloomers,discuss the origins of bloomers,present Amelia Bloomer's contribution to 19th-century women's fashion,paragraph_number,p2,6,needs_paragraph,The chain Miller to Stanton to Bloomer to the name only makes sense read end to end.,generalization,True,False,,ok,right_words_wrong_relation,Both names denote one garment; nothing is compared.,not_stated,Popularity and reaction belong to the third paragraph.,,,too_narrow,Bloomer is the last of three women in the story.
dec_2016,1,2,20,3,inference,False,,2,It can be inferred from the text that Turkish trousers -,were light and loose,did not cover the knee,could not be seen when worn,were attractive but uncomfortable,named_entity_or_term,p1-p2,3,needs_whole_text,Scanning the trousers gives only their length; the inference needs p1's restrictive-clothing contrast.,inference_one_step,False,True,Option 1: trousers reaching the ankle do cover the knee; the liberating-versus-restrictive contrast implies light and loose.,ok,other:believed_correct_answer,"Liberating apparel opposed to weighing-down, movement-restricting dress.",,,contradiction,"The skirt ended below the knee, so the trousers showed.",contradiction,"The outfit is presented as freeing, not uncomfortable."
dec_2016,1,2,21,4,paragraph_purpose,False,,4,The main purpose of the last paragraph is to -,describe fashions that were inspired by bloomers,discuss the long-term impact of dress reform,argue that bloomers were not ridiculous or indecent,discuss the opposition to bloomers,ordinal_position,p3,4,needs_paragraph,The closing sentence about later decades tempts the long-term-impact option; the bulk is backlash.,generalization,True,False,,ok,not_stated,No later fashions inspired by bloomers are described.,too_narrow,Long-term impact is the final sentence only.,right_words_wrong_relation,Quotes the critics' words as if they were the author's argument.,,
dec_2016,1,2,22,5,inference,False,line 20,1,"It can be inferred from line 20 that something ""counterproductive"" -",has the opposite of the desired effect,becomes less controversial over time,is replaced by more urgent social issues,occurs too soon,line_number,p3,2,yes_local,Ridicule working against gaining rights is stated in the same sentence as the word.,inference_one_step,False,False,,ok,,,wrong_location,Echoes 'highly controversial' from the paragraph's opening.,not_stated,No competing social issue is mentioned.,not_stated,Timing is not what the word conveys here.
dec_2016,2,1,13,1,explicit_detail,False,,4,"According to the first paragraph, Dodgson -",was born Lewis Carroll,grew up in Oxford,wrote books about mathematics,made up stories for his brothers and sisters,paragraph_number,p1,1,yes_local,Last sentence of p1: inventing games and stories for his siblings. Enough.,paraphrase,True,False,,ok,right_words_wrong_relation,Carroll is the pen name he is better known by.,wrong_location,"Oxford is where he lectured, not where he grew up.",right_words_wrong_relation,He was a mathematician but wrote children's books.,,
dec_2016,2,1,14,2,paragraph_purpose,False,,1,The main purpose of the second paragraph is to discuss _____ Alice's Adventures in Wonderland.,the inspiration behind,the characters in,reactions to,important details from,paragraph_number,p2,7,needs_paragraph,"Outings, museum, dodo and Alice only add up to 'inspiration' when read as one chain.",generalization,True,False,,ok,,,too_narrow,Dodo and Alice are examples of where inspiration came from.,wrong_location,Readers' reactions belong to the last paragraph.,right_words_wrong_relation,"The details described are of the outings, not of the book."
dec_2016,2,1,15,3,vocab_in_context,False,line 11,3,"In line 11, ""spun"" could be replaced by -",found,kept,told,wore,line_number,p2,1,yes_local,'He spun a fantasy tale that featured...' — the object phrase fixes the meaning.,paraphrase,False,False,,ok,other:wrong_collocation,He invented the tale rather than finding it.,other:wrong_collocation,Keeping a tale is not what the sentence describes.,,,other:wrong_collocation,Plays on the textile sense of spinning.
dec_2016,2,1,16,4,explicit_detail,False,,2,"According to the last paragraph, Through the Looking Glass -",described events in Dodgson's life,was written after Alice's Adventures in Wonderland,was published after Dodgson's death,sold more copies than Alice's Adventures in Wonderland,named_entity_or_term,p3,1,yes_local,"Scan the title; one word, 'sequel', carries the whole answer.",inference_one_step,False,False,,ok,not_stated,Nothing links the sequel's content to his own life.,,,contradiction,Both books sold during Dodgson's lifetime.,right_words_wrong_relation,"The 160,000 figure is the two books combined, not a split."
dec_2016,2,1,17,5,explicit_detail,True,,2,"Which of the following statements is not true, according to the text?",Dodgson had an active imagination.,Dodgson owned a dodo bird.,Dodgson spoke with a stammer.,Dodgson taught at Christ Church College.,none,whole,99,no_locator,"Negative stem; the false option reuses 'dodo', a word the text does supply.",elimination_only,True,False,,ok,true_but_not_asked,P1 calls his imagination fertile and evident.,,,true_but_not_asked,P2 says he spoke with a stammer.,true_but_not_asked,P1 and p3 both place him teaching at Christ Church.
dec_2016,2,2,18,1,title,False,,4,An appropriate title for this text would be -,Humpback Whale Populations: Communicating Across Oceans,"Moans, Howls, and Cries: Why the Humpback Whale Sings",Sailors vs. Scientists: Myths and Facts About Humpback Whales,The Song of the Humpback Whale: What We Do and Do Not Know,none,whole,99,no_locator,Nothing to scan; the title must hold both the established findings and the unresolved 'why'.,synthesis,True,False,,ok,right_words_wrong_relation,Songs differ across oceans; no communication across them is claimed.,too_narrow,"The 'why' is only the last paragraph, and stays unanswered.",not_stated,Sailors appear once; no myths are contrasted with facts.,,
dec_2016,2,2,19,2,vocab_in_context,False,line 7,2,"In line 7, ""sequences"" could best be replaced by -",recordings,patterns,resemblances,meanings,line_number,p2,2,yes_local,The next sentence calls the same things 'older patterns'; the synonym is adjacent.,paraphrase,True,False,,ok,wrong_location,Echoes 'first recorded' from the opening paragraph.,,,wrong_location,Echoes 'bears almost no resemblance' two lines later.,wrong_location,Echoes 'decipher their meaning' in paragraph one.
dec_2016,2,2,20,3,paragraph_purpose,False,,3,The main purpose of the third paragraph is to discuss the same version of a song is sung.,why,where,when,how,paragraph_number,p3,3,needs_paragraph,"All three sentences needed: same ocean same song, different ocean different song.",generalization,False,True,Option 2 ('where'): the paragraph contrasts identical songs within one ocean with different songs in another.,ok,wrong_location,The 'why' question is the subject of the last paragraph.,other:believed_correct_answer,Same ocean versus different ocean is a place contrast.,,,not_stated,The mechanism of singing is never described.
dec_2016,2,2,21,4,inference,False,,1,It can be inferred from the last paragraph that a hypothesis is -,a theory that has not yet been proven,accepted by all scientists,an intriguing and complex question,an unusual interpretation,named_entity_or_term,p4,3,needs_paragraph,"Several competing hypotheses, one merely 'dominant' — the whole paragraph gives the sense.",inference_one_step,False,False,,ok,,,contradiction,"Several rival hypotheses are listed, so none is universal.",right_words_wrong_relation,"That verbatim phrase describes the question, not a hypothesis.",half_true,"'Interpret' appears, but nothing marks the readings as unusual."
dec_2016,2,2,22,5,explicit_detail,False,,2,"Which of the following is true of humpback whale songs, according to the text?",All whales sing the same song.,They change from year to year.,Their meaning has been deciphered.,They cannot be heard by humans.,none,p2,2,no_locator,Stem points nowhere; four claims must each be checked against different paragraphs.,paraphrase,True,False,,ok,overreach,"Uniform only within one ocean, not across all whales.",,,contradiction,Scientists are still trying to decipher the meaning.,contradiction,Sailors heard them and Navy ships recorded them.
dec_2017,1,1,13,1,explicit_detail,False,,1,"According to the first paragraph, the equator.",the days are as long as the nights at,temperatures change from season to season at,spring and fall are very short at,there is nowhere hotter than,named_entity_or_term,p1,1,yes_local,Find the 'At the equator' sentence; equal daylight/darkness is stated in it. Enough.,paraphrase,False,False,,ok,,,contradiction,"Passage says the weather there is always hot, never changing.",not_stated,Spring and fall at the equator are never mentioned.,overreach,'Always hot' does not mean nowhere on earth is hotter.
dec_2017,1,1,14,2,paragraph_purpose,False,,3,The main purpose of the second paragraph is to -,discuss countries that have more than four seasons,explain why some countries are drier than others,discuss different ways to define seasons,explain how daylight affects temperature,paragraph_number,p2,4,needs_paragraph,No phrase to scan for; partial reading of the examples yields the 'more than four seasons' trap.,generalization,True,False,,ok,too_narrow,Only Bangladesh has more than four; India has three.,not_stated,"Rain is used to define seasons, never explained as a cause.",,,wrong_location,"Daylight belongs to paragraph one, and no causal claim is made."
dec_2017,1,1,15,3,inference,False,,2,It can be understood from the second paragraph that India -,gets less rain than Costa Rica,is close to Bangladesh,does not have a rainy season,has very cold winters,named_entity_or_term,p2,2,yes_local,Scan for India; the very next sentence says 'neighboring Bangladesh'. That single word decides it.,inference_one_step,True,False,,ok,not_stated,No rainfall comparison between India and Costa Rica is made.,,,contradiction,The monsoon season is explicitly a season of heavy rains.,not_stated,Winter is listed but no temperature is given.
dec_2017,1,1,16,4,paragraph_purpose,False,,4,The main purpose of the last paragraph is to -,compare the seasons in different parts of Australia,describe the three seasons in the northern tip of Australia,"explain how weather, plant life, and animal behavior change with the seasons",show that the seasons may be divided in more than one way in the same area,ordinal_position,p3,4,needs_paragraph,A reader landing on the Australia sentence picks the 'three seasons' option; the contrast comes next.,generalization,True,False,,ok,right_words_wrong_relation,"Same area, different peoples, not different parts of Australia.",too_narrow,One half of the contrast presented as the whole purpose.,too_narrow,Lifts one clause about Yolngu seasons; nothing is explained.,,
dec_2017,1,1,17,5,reference_word,False,line 17,3,"In line 17, ""each"" refers to each -",native people,year,season,pattern,line_number,p3,1,yes_local,"Go to line 17, read 'eight seasons, each with its own pattern'. One sentence decides it.",paraphrase,True,False,,ok,wrong_entity,"The Yolngu are the subject of the verb, not the referent.",wrong_entity,"'Year' is a nearby noun but is divided, not divided-into.",,,right_words_wrong_relation,"Pattern is what each season has, not what 'each' is."
dec_2017,1,2,18,1,main_idea,False,,3,The main purpose of the text is to -,show how punctuation marks have changed over the centuries,explain the importance of punctuation marks,discuss a punctuation mark invented in the twentieth century,compare different punctuation marks,none,whole,99,no_locator,Nothing to scan for; paragraph one alone pushes toward the 'importance of punctuation' option.,generalization,True,False,,ok,contradiction,Text says punctuation has changed very little since the 15th century.,too_narrow,Opening sentence detail promoted to purpose of the whole text.,,,not_stated,No two punctuation marks are compared anywhere.
dec_2017,1,2,19,2,explicit_detail,True,,4,Which of the following questions is not answered in the first paragraph?,What are some examples of punctuation marks?,What is the purpose of a punctuation mark?,When were today's punctuation marks created?,Which punctuation mark is used most often?,paragraph_number,p1,4,needs_paragraph,Negative stem: every option must be checked against the whole paragraph before choosing.,elimination_only,False,False,,ok,true_but_not_asked,Periods and commas are given as examples in sentence one.,true_but_not_asked,Sentence one says they make texts easier to understand.,true_but_not_asked,Middle Ages Europe is given as the time of development.,,
dec_2017,1,2,20,3,explicit_detail,False,,1,"According to the second paragraph, the word ""interrobang"" was -",suggested by a reader of TYPEtalks,not Speckter's first choice,first used by printers,Speckter's own idea,quoted_phrase,p2,2,yes_local,Find 'interrobang'; the preceding sentence says he invited readers to propose a name.,paraphrase,True,False,,ok,,,not_stated,Nothing says other names were preferred or rejected first.,right_words_wrong_relation,"Printers used 'bang', not the compound word 'interrobang'.",half_true,Speckter designed the symbol; a reader supplied the name.
dec_2017,1,2,21,4,vocab_in_context,False,line 14,4,"In line 14, ""offbeat"" is closest in meaning to -",serious,strong,impossible,unusual,line_number,p3,1,yes_local,Line 14 pairs 'offbeat' with 'unconventional 1960s'; the synonym is in the same sentence.,paraphrase,False,False,,ok,contradiction,"Context is playful and unconventional, the opposite of serious.",wrong_location,"Echoes 'strong feeling' from line 9, a different sentence.",not_stated,"The mark did become popular, so 'impossible' fits nothing.",,
dec_2017,1,2,22,5,inference,False,,4,Which of the following questions would be most likely to have an interrobang at the end?,What is your name,Do you think it will rain today,May I help you,How could you do a thing like that,named_entity_or_term,p2,2,needs_paragraph,Scanning 'interrobang' lands at line 12; its function is defined earlier at lines 8-9.,inference_one_step,False,False,,ok,other:emotionally_neutral,"A plain request for information, no surprise or strong feeling.",other:emotionally_neutral,Ordinary yes/no question carrying no strong feeling.,other:emotionally_neutral,Polite service question; expresses no surprise.,,
dec_2017,2,1,13,1,explicit_detail,False,,2,"According to the text, Patience Lovell Wright became a professional artist -",in 1772,after her husband died,in England,during the American Revolution,named_entity_or_term,p1,1,yes_local,Scan for 'profession'; the same sentence begins 'When her husband died'. Enough.,paraphrase,True,False,,ok,wrong_entity,"1772 is the year she moved to London, not turned professional.",,,wrong_entity,She was already earning a living before leaving for England.,wrong_entity,The Revolution is years after her career began.
dec_2017,2,1,14,2,vocab_in_context,False,line 3,2,"In line 3, ""molding"" means -",stuffing,shaping,dressing,painting,line_number,p1,1,yes_local,Line 3 gives 'molding faces out of wax and dough'; the object phrase settles the meaning.,inference_one_step,False,False,,ok,not_stated,Nothing is stuffed; wax and dough are formed by hand.,,,not_stated,No clothing of figures is described in this sentence.,wrong_location,Echoes 'colored wax' and 'portraits' two sentences later.
dec_2017,2,1,15,3,explicit_detail,False,,3,"According to the second paragraph, Wright would _____ while she worked.",always stand,never speak,keep her sculptures hidden,appear calm and reserved,paragraph_number,p2,1,yes_local,"One sentence carries it: figures fashioned in her lap, hidden under her apron.",paraphrase,True,False,,ok,contradiction,Working 'in her lap' implies she was seated.,contradiction,She engaged models and visitors in conversation while working.,,,contradiction,Dunlap describes an 'energetic wildness' as she worked.
dec_2017,2,1,16,4,inference,False,,1,It can be inferred from the last paragraph that King George -,did not punish Wright for her outspokenness,forbade British subjects from buying Wright's work,was sympathetic to the colonial cause,knew that Wright was transferring information,named_entity_or_term,p3,3,needs_paragraph,Must join her insults to 'damaged but did not destroy her popularity'; the final sentence alone misleads.,inference_one_step,False,False,,ok,,,contradiction,"Her popularity in royal circles survived, so no ban existed.",wrong_entity,Wright supported the colonists; the king was lectured for mistreating them.,not_stated,Intelligence passing is described as covert and only 'believed'.
dec_2017,2,1,17,5,title,False,,2,A good title for this text would be -,The Political Views of Patience Lovell Wright,Patience Lovell Wright: An Artist and a Rebel,Patience Lovell Wright: Portraits from the American Revolution,The London Wax Museum of Patience Lovell Wright,none,whole,99,no_locator,Nothing to scan; the title must cover both the wax career and the political defiance.,synthesis,True,False,,ok,too_narrow,Politics occupies only the last paragraph.,,,right_words_wrong_relation,"Her portraits were of celebrities and royals, not of the Revolution.",too_narrow,The museum is one paragraph of a whole life.
dec_2017,2,2,18,1,inference,False,,1,Which of the following might be said by a manufacturer who follows a policy of planned obsolescence?,"""If cars last for twenty years, people will not need to buy new ones.""","""We can make more money selling replacement parts than new products.""","""People will not buy household appliances that constantly need repairs.""","""If we produce high-quality toys, customers will keep coming back.""",named_entity_or_term,p2,2,yes_local,The sentence after 'planned obsolescence' states the motive; reading it kills the mirrored options.,inference_one_step,False,False,,ok,,,contradiction,Manufacturers discontinue replacement parts rather than profit from them.,right_words_wrong_relation,Reuses appliance and repair wording while reversing the manufacturer's aim.,right_words_wrong_relation,Copies 'customers coming back' but attaches it to high quality.
dec_2017,2,2,19,2,vocab_in_context,False,line 14,4,"The term ""throw-away culture"" (line 14) reflects the fact that -",the environment is being polluted,consumers cannot afford all the items they buy,there are not enough dump sites for all the trash being thrown away,people today get rid of things more quickly than people did in the past,line_number,p1-p3,3,needs_whole_text,"Sentences around line 14 supply pollution and dump sites, exactly the two traps; the past-tense contrast is in p1.",inference_one_step,False,False,,ok,true_but_not_asked,"Pollution is a consequence listed nearby, not what the term means.",not_stated,Affordability of purchases is never discussed.,overreach,"Text says more trash goes to dumps, not that capacity is short.",,
dec_2017,2,2,20,3,paragraph_purpose,False,,3,The main purpose of the last paragraph is to discuss -,why people buy second-hand items,websites that help consumers,opposition to planned obsolescence,where to find high-quality merchandise,ordinal_position,p4,4,needs_paragraph,"Middle-of-paragraph details (vintage goods, websites) are the traps; only the frame sentences give the purpose.",generalization,True,False,,ok,too_narrow,Vintage buying is one example inside the countermovement.,too_narrow,"Websites are one illustration, not the paragraph's point.",,,not_stated,The text never tells the reader where to shop.
dec_2017,2,2,21,4,explicit_detail,False,,4,"According to the text, manufacturers -",could charge less for their products,rely too much on advertising,do not understand consumers' preferences,intentionally produce merchandise that does not last,named_entity_or_term,p2,2,needs_paragraph,'Manufacturers' occurs three times in p2; the advertising hit supports a wrong option.,paraphrase,False,False,,ok,not_stated,Pricing is never discussed in the text.,overreach,Advertising is one tactic; 'too much' is an added judgment.,contradiction,"They manipulate preferences skillfully, so they understand them well.",,
dec_2017,2,2,22,5,author_purpose_or_attitude,True,,2,It can be inferred that the author of this text is not in favor of the -,norm mentioned in line 3,pursuit mentioned in line 15,guarantees mentioned in line 20,initiatives mentioned in line 21,none,whole,6,needs_whole_text,Four separate line references must each be checked against the author's overall stance.,inference_one_step,True,False,,ok,contradiction,The old norm of durable goods is presented approvingly.,,,contradiction,Long-term guarantees belong to the movement the author supports.,contradiction,The initiatives are praised as a hopeful countermovement.
fall_2021,1,1,13,1,main_idea,False,,4,The main purpose of the text is to -,discuss changes in the attitudes of indigenous peoples toward their elders over time,explain how the indigenous communities of North America choose their elders,present some of the oral traditions passed on by elders,describe the role of elders in indigenous communities,none,whole,99,no_locator,Each paragraph covers a different facet of the same role; nothing to scan for,generalization,True,False,,ok,contradiction,Respect is called abiding; no change in attitude is described,too_narrow,How the title is bestowed is two sentences of paragraph two,not_stated,Oral traditions are mentioned; none is actually presented,,
fall_2021,1,1,14,2,explicit_detail,False,,4,"According to the first paragraph, Native American storytelling in earlier times -",improved relations among tribe members,often took place in front of the whole community,was an enjoyable activity for the community,taught members of the tribe about the past,ordinal_position,p1,4,needs_paragraph,"Answer is spread over the history claim, the Byrd quote and the closing sentence",generalization,True,False,,ok,not_stated,No claim about relations between tribe members,contradiction,The storyteller went from house to house,not_stated,"Enjoyment is never mentioned, only transmission of history",,
fall_2021,1,1,15,3,vocab_in_context,False,line 9,1,"In line 9, ""bestow upon"" is closest in meaning to -",give to,talk with,look at,think about,line_number,p2,2,yes_local,Contrast with 'do not adopt this title for themselves' in the previous sentence decides it,inference_one_step,False,False,,ok,,,not_stated,"The sentence is about conferring a title, not conversing",not_stated,No sense of looking fits a term of respect,not_stated,Others grant the title; they do not merely consider it
fall_2021,1,1,16,4,explicit_detail,False,,4,Which of the following is true according to the second paragraph?,Elders showed respect to everyone in the community.,Elders are among the oldest members of the tribe.,Elders are usually men.,Elders determined where the tribe would live.,paragraph_number,p2,1,needs_paragraph,Open 'which is true' stem gives no target; the answer is in the last sentence,paraphrase,True,False,,ok,right_words_wrong_relation,Reverses direction: others bestow respect on elders,contradiction,Text says an elder is not defined by age,not_stated,Text uses 'his or her'; gender is never restricted,,
fall_2021,1,1,17,5,explicit_detail,False,,2,"According to the last paragraph, tribal leaders -",often perform traditional ceremonies,negotiate with government officials,do not accept decisions made by elders,sometimes become elders,ordinal_position,p3,1,yes_local,Scan 'tribal leaders'; that sentence attributes the negotiating to them,inference_one_step,True,False,,ok,wrong_entity,"Elders, not leaders, explain how rituals are performed",,,contradiction,Leaders consult elders on far-reaching decisions,not_stated,No path from leader to elder is described
fall_2021,1,2,18,1,title,False,,2,An appropriate title for this text would be -,The Life and Works of Pierre de Fermat,The Proving of Fermat's Last Theorem,A History of Mathematics from Fermat to Wiles,The Most Challenging Mathematical Problem of the 17th Century,none,whole,99,no_locator,Both paragraphs turn on the search for a proof; nothing localises,generalization,True,False,,ok,not_stated,No biography of Fermat beyond the 1637 margin note,,,overreach,"One theorem, not a history of mathematics",overreach,'Most challenging' is not claimed and the story spans 350 years
fall_2021,1,2,19,2,explicit_detail,False,,3,"According to the first paragraph, Fermat did not record his proof along with the mathematical statement because he -",realized that his proof was too difficult to explain,had not quite finished formulating it,did not have enough room to write it down,planned to publish it separately,ordinal_position,p1,1,yes_local,The quoted margin note gives the reason inside one sentence,paraphrase,False,False,,ok,right_words_wrong_relation,Swaps lack of space for difficulty of explanation,contradiction,He claims to have discovered a marvelous proof,,,not_stated,No publication plan is mentioned
fall_2021,1,2,20,3,paragraph_purpose,False,,4,The second paragraph mainly discusses -,why Fermat's theorem could not be proven,who proved Fermat's theorem,when Fermat's theorem was finally proven,how difficult it was to prove Fermat's theorem,paragraph_number,p2,8,needs_paragraph,Who and when are each one sentence; difficulty is what the whole paragraph builds,generalization,False,False,,ok,contradiction,The theorem was proven in 1993,too_narrow,Wiles is named in one sentence of eight,too_narrow,"The 1993 date is a single fact, not the discussion",,
fall_2021,1,2,21,4,inference,False,,2,It can be inferred from the last paragraph that Wiles' proof was -,short,original,simple,wrong,ordinal_position,p2,3,needs_paragraph,"Must gather length, complexity and 'original tools' clauses to rule three options out",inference_one_step,True,False,,ok,contradiction,The proof is 129 pages long,,,contradiction,The proof is called extremely complex,contradiction,Wiles' assertion was subsequently confirmed
fall_2021,1,2,22,5,other,True,,2,Which of the following questions is not answered in the text?,Can Fermat's theorem be proven?,Was Fermat's proof correct?,Who formulated Fermat's theorem?,Did Wiles prove Fermat's theorem?,none,whole,99,needs_whole_text,Must check four questions against both paragraphs; the last sentence leaves one open,elimination_only,True,False,,ok,true_but_not_asked,Answered: Wiles produced a confirmed proof,,,true_but_not_asked,Answered in the first sentence: Fermat,true_but_not_asked,Answered: his 1993 proof was confirmed
fall_2021,2,1,13,1,main_idea,False,,4,The main idea of the first paragraph is that -,archaeologists recently discovered ancient gold objects in tombs,gold was brought from Mesopotamia to Egypt,gold jewelry and cups were first made in 3500 B.C.E.,people have been making gold objects for thousands of years,ordinal_position,p1,4,needs_paragraph,Two archaeological finds plus the closing inference add up to the antiquity claim,generalization,True,False,,ok,half_true,The finds are real; 'recently' is not in the text,not_stated,No trade or transfer between the two regions is described,contradiction,Text says gold had been worked for hundreds of years earlier,,
fall_2021,2,1,14,2,explicit_detail,False,,3,"According to the text, gold is valuable because it -",cannot be combined with other metals,was the first metal used by man,is usually found in small quantities,is used to make jewelry,named_entity_or_term,p2,1,yes_local,Scan 'valuable'; the reason follows in the same sentence,paraphrase,True,False,,ok,not_stated,Nothing about gold combining or not combining with metals,wrong_location,"True fact from paragraph one, but not the stated reason",,,true_but_not_asked,"Jewelry is mentioned as an artifact, not as a reason"
fall_2021,2,1,15,3,explicit_detail,False,,4,"According to the second paragraph, alchemists in the Middle Ages were unable to -",spend a lot of time looking for gold,find gold in large quantities,make gold as cheaply as modern scientists do,make gold from other metals,paragraph_number,p2,2,yes_local,Scan 'alchemists'; 'not successful' in the next sentence completes it,paraphrase,True,False,,ok,right_words_wrong_relation,People did spend time searching; nobody was unable to,wrong_location,"Scarcity is the paragraph's opening claim, not the alchemists' failure",contradiction,Modern production is described as extremely expensive,,
fall_2021,2,1,16,4,explicit_detail,False,,3,Which of the following is true of El Dorado?,It was found by the Spanish conquistadores.,It was the home of the Aztecs and the Incas.,It was supposed to be covered with gold.,It was discovered in the 1500s.,named_entity_or_term,p3,2,yes_local,Scan 'El Dorado'; the legend sentence and the translation are adjacent,paraphrase,True,False,,ok,contradiction,Text says no one ever found it,wrong_entity,Aztec and Inca lands are where the conquistadores found real gold,,,right_words_wrong_relation,The legend emerged then; the place was never discovered
fall_2021,2,1,17,5,title,False,,1,An appropriate title for this text would be -,Gold: A Valuable Metal,The Many Uses of Gold,Where Is Gold Found?,Methods of Making Gold,none,whole,99,no_locator,"Only the broadest label covers antiquity, scarcity and the gold rushes",generalization,True,False,,ok,,,not_stated,Uses beyond cups and jewelry are never discussed,too_narrow,Locations appear only in the last paragraph,too_narrow,Making gold is a few sentences of paragraph two
fall_2021,2,2,18,1,other,True,,2,Which of the following would not be an accolade to Larson?,"The Far Side appeared in 1,900 newspapers.",The Far Side was printed in black and white.,Millions of people have bought Larson's books.,Larson's fans were disappointed by his 1995 announcement.,none,p1,6,needs_paragraph,Must judge four first-paragraph facts as praise or neutral description,elimination_only,True,False,,ok,true_but_not_asked,"Daily publication in 1,900 newspapers is a mark of success",,,true_but_not_asked,33 million copies sold is a mark of success,true_but_not_asked,Worldwide dismay at his retirement is explicit praise
fall_2021,2,2,19,2,paragraph_purpose,False,,4,The second paragraph mainly discusses -,Larson's views on how people should interact with one another and with animals,why Larson chose cartoons as the means of expressing his opinions,Larson's most thought-provoking cartoons,the type of humor and ideas presented in Larson's cartoons,paragraph_number,p2,3,needs_paragraph,"Adjectives and content claims must be taken together, not one clause at a time",generalization,True,False,,ok,right_words_wrong_relation,Cartoon depicts how people behave; it prescribes nothing,not_stated,His choice of medium is never explained,too_narrow,No individual cartoons are described anywhere,,
fall_2021,2,2,20,3,other,True,,2,Which of the following words from the second paragraph means something different from the others?,commentary,nature,perspective,insight,paragraph_number,p2,3,needs_paragraph,Each candidate word must be read in its own sentence before comparing senses,elimination_only,True,False,,ok,other:same_semantic_set,"Denotes an expressed observation, like perspective and insight",,,other:same_semantic_set,"Denotes a way of viewing, like commentary and insight",other:same_semantic_set,"Denotes understanding offered, like commentary and perspective"
fall_2021,2,2,21,4,explicit_detail,False,,3,Which of the following statements is true according to the last paragraph?,Larson believes that people should not take advantage of being famous.,Larson donated all of his earnings to an American environmental organization.,Larson's Far Side cartoons were featured in calendars.,Larson believes that people who are cruel to other people belong in hell.,ordinal_position,p3,1,needs_paragraph,Open 'which is true' stem; the calendar detail is buried in a donation sentence,paraphrase,True,False,,ok,contradiction,He takes advantage of his fame for animal rights,overreach,"Only calendar profits, not all his earnings",,,right_words_wrong_relation,"His quote is about cruelty to animals, and he rejects hell"
fall_2021,2,2,22,5,explicit_detail,True,,4,The text mentions all of the following except the of The Far Side.,format,content,readers,characters,none,whole,99,needs_whole_text,Negative item spanning all three paragraphs; each category must be hunted separately,elimination_only,False,False,,ok,true_but_not_asked,"Single-frame format, black and white or color",true_but_not_asked,The second paragraph describes the content at length,true_but_not_asked,"Newspaper readership, fans and copies sold are given",,
feb_2015,1,1,13,1,explicit_detail,False,,2,"According to the first paragraph, water clocks -",could be used only when the sun was shining,were probably first used in Egypt,were not as reliable as the observation of celestial bodies,were the earliest method of keeping time,ordinal_position,p1,1,yes_local,'Appears to have originated in Egypt around 2000 B.C.E.' settles it in one sentence.,paraphrase,True,False,,ok,contradiction,"Text says it did not depend on the sun, unlike the sundial.",,,not_stated,No comparison of reliability is ever made.,overreach,'One of the earliest devices' hardened into 'the earliest'.
feb_2015,1,1,14,2,paragraph_purpose,False,,4,The main purpose of the second paragraph is to -,explain how to tell time by a clepsydra,compare water clocks with today's clocks,discuss ancient forerunners of the clepsydra,describe how water clocks work,paragraph_number,p2,5,needs_paragraph,"Must see the whole paragraph is mechanism description, not instruction or comparison.",generalization,True,False,,ok,half_true,"Right subject, wrong act: it describes mechanism, not user instructions.",too_narrow,The tick-tock comparison is a single aside.,right_words_wrong_relation,The clepsydra is the forerunner; it has no forerunners here.,,
feb_2015,1,1,15,3,explicit_detail,True,,4,Which of the following is not mentioned in the second paragraph as a feature of the clepsydra?,a hole in the base,sloping sides,markings,a dial,paragraph_number,p2,4,needs_paragraph,"'Dials' does occur, but in paragraph three; a whole-text scanner wrongly rejects it.",elimination_only,True,False,,ok,true_but_not_asked,Explicitly listed as a feature in this paragraph.,true_but_not_asked,Explicitly listed as a feature in this paragraph.,true_but_not_asked,Explicitly listed as a feature in this paragraph.,,
feb_2015,1,1,16,4,vocab_in_context,False,line 15,2,"In line 15, ""regulated"" means -",demanded,controlled,emptied,selected,line_number,p3,1,yes_local,'To make the flow of water steadier' in the same sentence fixes the sense.,paraphrase,False,False,,ok,other:wrong_sense,Plays on 'regulation' as rule-making; no textual hook.,,,other:wrong_sense,"Water context tempts, but pressure is managed, not emptied.",other:wrong_sense,No selection sense in the sentence.
feb_2015,1,1,17,5,explicit_detail,False,,4,"According to the text, Su Sung -",made the first clock in the Far East,built clock towers throughout China,developed a new way of telling time,built an unusual water clock,named_entity_or_term,p3,2,yes_local,The name appears once; 'one of the most remarkable clepsydras' is right there.,paraphrase,True,False,,ok,overreach,No claim that his was the first clock anywhere.,overreach,One tower becomes towers throughout China.,wrong_location,'New ways to display time' belongs to the preceding sentence about others.,,
feb_2015,1,2,18,1,vocab_in_context,False,lines 3-4,3,"The phrase ""long bouts of apathy"" (lines 3-4) can best be replaced by -",the southern African drylands,starvation,periods of boredom,their cage for days at a time,line_number,p1,1,yes_local,'Life in London can be so dull that' precedes the phrase in the same sentence.,paraphrase,False,False,,ok,wrong_location,A real phrase lifted from the sentence just above.,not_stated,Nothing suggests the meerkats go hungry.,,,not_stated,Grammatically tempting fill with no support in the sentence.
feb_2015,1,2,19,2,vocab_in_context,False,line 6,4,"In line 6, ""suspended"" could be replaced by -",removed,observed,divided,hung,line_number,p2,1,yes_local,'From the ceiling of the cage' in the same clause forces the physical sense.,paraphrase,False,False,,ok,other:wrong_sense,"The 'halt/suspend an activity' sense, wrong for a hanging pipe.",other:wrong_sense,No perception sense available here.,other:wrong_sense,No division sense available here.,,
feb_2015,1,2,20,3,explicit_detail,False,,1,The main purpose of the mealworm dispenser is to -,give the meerkats something to do,provide the meerkats with sawdust,remind the meerkats of Africa,feed the meerkats more efficiently,named_entity_or_term,p2-p3,3,needs_paragraph,Local text mentions a tasty meal; the purpose only reads right with the enrichment framing.,generalization,False,False,,ok,,,right_words_wrong_relation,"Sawdust is filler inside the pipe, not the goal.",not_stated,Africa appears only as a contrast to the enclosure.,half_true,"A meal is provided, but efficiency is never the aim."
feb_2015,1,2,21,4,explicit_detail,False,,2,"According to the text, the idea behind the mealworm dispenser is -",well known in zoos,relatively new,common in Africa,very complicated,named_entity_or_term,p3,1,yes_local,'The concept behind it is surprisingly recent' names the dispenser and answers it.,paraphrase,False,False,,ok,contradiction,Text stresses that little attention was paid until recently.,,,not_stated,Africa is only the meerkats' natural habitat.,contradiction,The dispenser 'seems simple enough'.
feb_2015,1,2,22,5,inference,False,,3,It can be inferred from the text that Dr. Sheperdson joined the staff of the London Zoo in order to -,replace the veterinarians who had worked there previously,help take care of the physical needs of the animals,try to relieve the boredom of zoo animals,prepare a report for the Zoological Society of London,named_entity_or_term,p3,2,yes_local,"His name appears once, beside 'psychological well-being' and 'happier'.",inference_one_step,False,False,,ok,contradiction,"The vets 'have been joined by' him, not replaced.",right_words_wrong_relation,Physical needs belong to the four veterinarians.,,,not_stated,No report is mentioned as his task.
feb_2015,2,1,13,1,inference,False,,4,The examples of animal communication presented in the first paragraph -,are not concrete,are also used by humans,are flexible and creative,do not involve sound,ordinal_position,p1,2,needs_paragraph,The answer is an absence: dancing and chemical trails are silent; nothing states it.,inference_one_step,False,False,,ok,contradiction,"Paragraph two calls animal communication concrete, not abstract.",not_stated,Humans are never said to dance or lay chemical trails.,contradiction,Last paragraph denies animals flexibility and creativity.,,
feb_2015,2,1,14,2,paragraph_purpose,False,,3,The main purpose of the third paragraph is to compare -,how humans and animals communicate with each other,sounds made by different kinds of animals,animal calls and human vocabulary,"expressions of pleasure, alarm, and warning",paragraph_number,p3,6,needs_paragraph,The human-comparison sentences are buried mid-paragraph among animal-sound details.,generalization,True,False,,ok,right_words_wrong_relation,"'With each other' implies cross-species talk, not a comparison.",too_narrow,Birds and mammals are one clause of evidence.,,,too_narrow,A verbatim list from a single subordinate clause.
feb_2015,2,1,15,3,vocab_in_context,False,line 10,4,"In line 10, ""distinct"" can best be replaced by -",loud,attractive,physical,different,line_number,p3,1,yes_local,'Five to thirty distinct calls' as a counted vocabulary forces the 'different' sense.,paraphrase,False,False,,ok,other:wrong_sense,Uses the 'clearly audible' sense of distinct.,other:wrong_sense,No aesthetic sense available.,other:wrong_sense,Borrows 'physical objects' from paragraph two.,,
feb_2015,2,1,16,4,reference_word,False,line 14,2,"In line 14, ""they"" refers to -",exceptions,animal calls,human vocabularies,responses,line_number,p3,1,yes_local,"One sentence carries subject, contrast phrase and pronoun; parsing it is enough.",inference_one_step,True,False,,ok,right_words_wrong_relation,'Exceptions' opens the sentence but is not the subject.,,,right_words_wrong_relation,"Nearer noun, but it sits inside the contrastive 'unlike' phrase.",wrong_location,Taken from the previous sentence's description of calls.
feb_2015,2,1,17,5,author_purpose_or_attitude,False,,4,It can be understood from the text that the writer believes that animal communication is than human communication.,more expressive,more creative,less instinctual,less complex,none,whole,99,no_locator,Every paragraph contributes a limitation; the verdict sentence closes the text.,generalization,False,False,,ok,contradiction,Animal repertoires are five to thirty calls versus thousands of words.,contradiction,Closing sentence denies animals creativity.,contradiction,Animal calls are described as primarily instinctive.,,
feb_2015,2,2,18,1,main_idea,False,,3,The main purpose of the text is to -,compare the marketing practices of La Repubblica and Corriere della Sera,discuss changes in the Italian public's reading habits,describe a strategy employed by Italian newspaper publishers to improve sales,criticize an article that appeared recently in the Financial Times,none,whole,99,no_locator,"Nothing to scan; the scheme, its spread and its results span all three paragraphs.",generalization,True,False,,ok,too_narrow,Two named papers occupy part of one paragraph.,too_narrow,Reading habits appear only in the closing sentence.,,,right_words_wrong_relation,"The Financial Times is the source, not a target of criticism."
feb_2015,2,2,19,2,explicit_detail,True,,4,Which of the following is not an example of an add-on product?,a magazine,a CD,a comic book,La Stampa,named_entity_or_term,whole,4,needs_whole_text,Add-ons are listed in two separate paragraphs; all four options must be checked.,elimination_only,True,False,,ok,true_but_not_asked,Named as an early add-on in paragraph one.,true_but_not_asked,Named as an early add-on in paragraph one.,true_but_not_asked,Named among the later collections in paragraph two.,,
feb_2015,2,2,20,3,paragraph_purpose,False,,1,The main purpose of the second paragraph is to -,explain how the concept of add-on products spread through the Italian newspaper industry,discuss the competition among leading Italian daily newspapers,describe the kinds of books that are often packaged with Italian newspapers,examine the public response to La Repubblica's promotion,paragraph_number,p2,6,needs_paragraph,"Only the full sequence, first paper then rival then imitators, shows diffusion is the point.",generalization,True,False,,ok,,,half_true,Rivalry is present but the arc is imitation across the industry.,too_narrow,The book-genre list is one sentence of detail.,too_narrow,Public response is one clause serving the larger story.
feb_2015,2,2,21,4,explicit_detail,False,,4,"According to the second paragraph, La Repubblica Corriere della Sera.",is sold together with,has taken over,cannot compete with,sells fewer copies than,named_entity_or_term,p2,1,yes_local,"'Outsells La Repubblica by 50,000 copies' is decisive once the direction is reversed.",paraphrase,True,False,,ok,right_words_wrong_relation,"Packaging language belongs to newspaper-plus-book, not paper-plus-paper.",not_stated,No acquisition is mentioned.,contradiction,It competed directly and its rival had to counter.,,
feb_2015,2,2,22,5,vocab_in_context,False,line 21,2,"According to the last paragraph, the Italian book market has been turned ""on its head"" (line 21). This means that it -",is no longer stable,has undergone dramatic changes,is now controlled by newspaper publishers,has become more profitable,line_number,p3,2,yes_local,"The following clause, kiosks turning into bookshops, spells out the transformation.",paraphrase,True,False,,ok,not_stated,"Instability is never claimed, only change.",,,overreach,Kiosks selling books is not control of the market.,wrong_entity,"Profits rose for newspaper publishers, not the book market."
feb_2016,1,1,13,1,explicit_detail,True,,1,Which of the following statements about Blue Willow china does not appear in the first paragraph?,It originated in China.,It was produced in the late 1700s.,It is blue and white.,It features a pair of love birds.,paragraph_number,p1,5,needs_paragraph,Negative stem; the false option echoes 'Chinese love story' from the paragraph's last line.,elimination_only,True,False,,ok,,,true_but_not_asked,Stated: first made in the late 1700s.,true_but_not_asked,Stated: traditional blue-and-white dishes.,true_but_not_asked,Stated: the design features a pair of love birds.
feb_2016,1,1,14,2,vocab_in_context,False,line 2,3,"""Indeed, most British households boast at least a piece or two"" (line 2) could best be restated as -",There are only a few pieces of Blue Willow china left in Britain.,Few people can afford a complete set of Blue Willow china.,Almost every family in Britain has some Blue Willow china.,Blue Willow china is not produced outside of Britain.,line_number,p1,1,yes_local,The quoted sentence is self-contained; 'most households boast' carries the whole meaning.,paraphrase,False,False,,ok,contradiction,"The sentence asserts abundance, not scarcity.",right_words_wrong_relation,'A piece or two' is turned into a claim about affordability.,,,not_stated,Where else it is produced is never addressed.
feb_2016,1,1,15,3,vocab_in_context,False,line 10,4,"In line 10, ""dismissed Chang from service"" can best be replaced with -",accepted Chang,gave Chang more work,decided to kill Chang,fired Chang from his job,line_number,p2,1,yes_local,The father is outraged and separates them; the same sentence supplies the sense.,paraphrase,False,False,,ok,contradiction,"The father was outraged, not accepting.",contradiction,He removed Chang rather than giving him work.,overreach,Anger is stated; killing is never suggested.,,
feb_2016,1,1,16,4,explicit_detail,False,,3,"According to the second paragraph, on the day that the first blossom fell from the willow tree -",the wealthy man's daughter married the duke,the duke ran after the lovers,the daughter ran away with Chang,the father turned the lovers into birds,quoted_phrase,p2,2,yes_local,The blossom phrase appears verbatim; the very next sentence says what actually happened.,paraphrase,True,False,,ok,contradiction,"That was the father's declared plan, not the outcome.",wrong_entity,"The father, not the duke, pursued them.",,,right_words_wrong_relation,They were miraculously transformed; the father did not do it.
feb_2016,1,1,17,5,inference,False,,2,What lesson can be learned from the story presented in the second paragraph?,Children should always listen to their parents.,True love can survive anything.,Money gives people power.,You can't run away from your troubles.,paragraph_number,p2,7,needs_paragraph,A moral cannot be scanned for; the whole tale from fence to transformation is needed.,generalization,True,False,,ok,contradiction,The story rewards the daughter for defying her father.,,,right_words_wrong_relation,"Wealth and a powerful duke appear, but both are defeated.",contradiction,The lovers escape successfully by fleeing.
feb_2016,1,2,18,1,title,False,,2,An appropriate title for this text would be -,Emily Post on the Status of Women,A Universal Form of Greeting,A Legendary Manual on Good Manners,Handshakes and Other Social Norms,none,whole,99,no_locator,"Nothing to scan; the Post quotations are the bulk, so the frame sentence must be weighted.",generalization,True,False,,ok,too_narrow,Women's status is one aside and one closing quotation.,,,too_narrow,"The manual is the source, not the subject.",overreach,No social norm other than the handshake is discussed.
feb_2016,1,2,19,2,inference,False,,2,Which of the following might have been discussed in Emily Post's manual?,how to earn money,how to write a thank-you note,the history of politics,the women's rights movement,named_entity_or_term,p2,1,yes_local,"The manual's full title, listing society, business, politics and home, is the whole basis.",inference_one_step,False,False,,ok,right_words_wrong_relation,Echoes 'in Business' but etiquette is not money-making.,,,right_words_wrong_relation,Echoes 'in Politics' while turning manners into history.,wrong_location,Echoes the author's aside about the status of women.
feb_2016,1,2,20,3,paragraph_purpose,False,,2,The main purpose of the third paragraph is to -,compare various types of handshakes,discuss wrong ways to shake hands,present the history of the handshake,describe how strangers should shake hands,paragraph_number,p3,4,needs_paragraph,"Three separate rhetorical questions, each a different bad handshake; one alone is not the pattern.",generalization,True,False,,ok,right_words_wrong_relation,"Three bad types are listed, never compared with each other.",,,not_stated,No history of the handshake appears in the text.,wrong_location,The proper handshake is described in the next paragraph.
feb_2016,1,2,21,4,explicit_detail,False,lines 15-16,1,"The type of handshake described in lines 15-16 (""What woman . . . every finger?"") causes -",pain,shame,fear,confusion,line_number,p3,1,yes_local,"Cut rings, flesh and paralyzed fingers are all in the one quoted sentence.",inference_one_step,False,False,,ok,,,not_stated,Embarrassment is nowhere in the description.,not_stated,"The reaction described is wincing, not fear.",not_stated,Nothing in the image suggests confusion.
feb_2016,1,2,22,5,explicit_detail,True,,4,"According to the text, a proper handshake should be all of the following except -",relaxed,warm,strong,long,named_entity_or_term,p4-p5,3,needs_paragraph,"'The proper handshake' sentence gives brief, strong, warm; 'relaxed' is only in the final paragraph.",elimination_only,False,False,,ok,true_but_not_asked,The last paragraph calls for a relaxed but living hand.,true_but_not_asked,Warmth in the clasp is named explicitly.,true_but_not_asked,A feeling of strength is named explicitly.,,
feb_2016,2,1,13,1,title,False,,4,An appropriate title for this text would be -,The Frog and Toad Series: The Best of Arnold Lobel,Crafting Stories for Children and Parents,Doubly Gifted: Writers Who Illustrate Their Own Works,The Appeal of Arnold Lobel's Children's Books,none,whole,99,no_locator,Nothing to scan; the title must cover both the writing and the illustrations paragraphs.,generalization,True,False,,ok,too_narrow,Frog and Toad is named once and never ranked best.,too_narrow,Covers paragraph two and drops the illustrations.,overreach,Generalizes to a whole class of writer-illustrators.,,
feb_2016,2,1,14,2,paragraph_purpose,False,,3,The main purpose of the first paragraph is to -,describe the educational value of Lobel's books,discuss some of Lobel's books,present Lobel's enduring legacy,praise Lobel's wit and wisdom,paragraph_number,p1,3,needs_paragraph,"Classrooms, translations and reprints each fit a narrower option; 'legacy' frames them all.",generalization,True,False,,ok,too_narrow,Classroom use is one item in a list.,too_narrow,Only the Frog and Toad series is named.,,,too_narrow,Wit and wisdom is one clause of the second sentence.
feb_2016,2,1,15,3,explicit_detail,False,,2,"According to the second paragraph, Lobel's books are -",scary but entertaining,funny and easy to read,used to teach reading at different levels,about humans and animals,paragraph_number,p2,2,needs_paragraph,'Easy readers' and 'humorous' sit in the same long sentence but on opposite sides of 'nevertheless'.,synthesis,True,False,,ok,not_stated,Nothing describes the books as frightening.,,,wrong_location,Echoes 'used in classrooms' from the first paragraph.,right_words_wrong_relation,Animal characters have human personalities; humans are not characters.
feb_2016,2,1,16,4,inference,False,,3,It can be understood from the last paragraph that Lobel -,was more famous as an illustrator than as a writer,was never satisfied with his own work,continued writing throughout his life,avoided taking risks,ordinal_position,p3,2,needs_paragraph,The colour anecdote opens the paragraph; the 'months before he died' clause carries the answer.,inference_one_step,False,False,,ok,right_words_wrong_relation,Illustrations were 'also' original; no fame comparison is made.,contradiction,His remark expresses admiring surprise at his own work.,,,contradiction,He used a colour other artists would not go near.
feb_2016,2,1,17,5,explicit_detail,True,,4,Which of the following is not one of the reasons Lobel's stories are so well liked?,They are written in simple language.,They are witty and wise.,Their characters are both naive and sophisticated.,They have surprising endings.,none,whole,99,no_locator,"Negative stem; the false option borrows 'surprise', a word the text uses about Lobel himself.",elimination_only,True,False,,ok,true_but_not_asked,P2 says his language is simple and clear.,true_but_not_asked,P1 praises the books for wit and wisdom.,true_but_not_asked,P2 gives naivete and sophistication in his characters.,,
feb_2016,2,2,18,1,explicit_detail,False,,4,"According to the first paragraph, Panama hats -",are made in Panama,were made famous by Winston Churchill,were first made 100 years ago,are made by hand,paragraph_number,p1,1,needs_paragraph,Only a paragraph pointer; 'hand-woven' is one adjective in a three-adjective string.,paraphrase,True,False,,ok,outside_knowledge,"The name suggests it, but the text places production in Ecuador.",right_words_wrong_relation,"Churchill is one wearer in a list, not the cause of fame.",right_words_wrong_relation,A symbol for over a century is not a date of first manufacture.,,
feb_2016,2,2,19,2,paragraph_purpose,False,,2,The main purpose of the second paragraph is to -,describe the process of weaving a Panama hat,discuss the difficulties faced by Panama hat weavers,compare different kinds of Panama hats,present the origins of the Panama hat,paragraph_number,p2,8,needs_paragraph,The first three sentences are craft description; the hardship turn starts only at 'Sadly'.,generalization,True,False,,ok,too_narrow,Weaving detail occupies the paragraph's opening only.,,,too_narrow,"Three grades are named, never compared.",not_stated,The hat's origins are never given.
feb_2016,2,2,20,3,inference,True,,1,It cannot be inferred from the second paragraph that Superfinos -,can be purchased only in Montecristi,are created by the most experienced and skilled weavers,require a great deal of patience to make,are made from especially fine pieces of straw,named_entity_or_term,p2,4,needs_paragraph,Negative stem; the false option reuses 'Montecristi' while the text sells abroad.,elimination_only,True,False,,ok,,,true_but_not_asked,Master craftsmen make the finest grade.,true_but_not_asked,Several months and painstaking work are stated.,true_but_not_asked,Straw thickness and weave quality determine the grade.
feb_2016,2,2,21,4,paragraph_purpose,False,,3,The main purpose of the last paragraph is to -,discuss changes in the market for Panama hats,describe the recent increase in the demand for Panama hats,present a plan to save the Panama hat industry,describe the Panama hats sold by Brent Black,ordinal_position,p3,3,needs_paragraph,"All three sentences needed: the task, the belief about pay, and the two concrete measures.",generalization,False,False,,ok,right_words_wrong_relation,Black is rekindling the market; no market change is reported.,not_stated,"No rise in demand is described, only an attempt to create one.",,,not_stated,His hats themselves are never described.
feb_2016,2,2,22,5,vocab_in_context,False,line 22,2,"In line 22, ""rekindling"" means -",repeating,reviving,restructuring,reconsidering,line_number,p3,2,yes_local,"The paragraph opens with 'breathing new life into', which glosses the word two sentences later.",paraphrase,False,False,,ok,other:wrong_collocation,Lookalike re- word; repeating a market means nothing here.,,,not_stated,No restructuring of the market is described.,other:wrong_collocation,Lookalike re- word with no support in the sentence.
feb_2017,1,1,13,1,paragraph_purpose,False,,1,The main purpose of the first paragraph is to -,present a well-known adventure novel,introduce a successful author,explain why Robinson Crusoe became a classic,discuss a famous shipwreck,paragraph_number,p1,2,needs_paragraph,"Only two sentences, but the closing shipwreck clause is a ready trap if read alone.",generalization,True,False,,ok,,,too_narrow,Defoe is named once; nothing about him is introduced.,not_stated,No reason for the book's classic status is given here.,too_narrow,"The shipwreck is the last clause, not the subject."
feb_2017,1,1,14,2,paragraph_purpose,False,,2,The main purpose of the second paragraph is to describe _____ on the island.,the people Crusoe met,Crusoe's life,what Crusoe found,the difficulties Crusoe faced,paragraph_number,p2,5,needs_paragraph,"Every sentence is a different island activity; the umbrella term only appears once, early.",generalization,True,False,,ok,too_narrow,"Only one man is met, in one sentence.",,,too_narrow,Discoveries are two moments in a longer account.,not_stated,"The paragraph shows competence, not hardship."
feb_2017,1,1,15,3,reference_word,False,line 12,1,"In line 12, ""his main character"" refers to -",Robinson Crusoe,Alexander Selkirk,the ship's captain,a young Scotsman,line_number,p3,1,yes_local,"One sentence holds everything, but two distractors sit inside it; direction of 'based on' decides.",inference_one_step,True,False,,ok,,,right_words_wrong_relation,"Selkirk is the real-life model, not Defoe's character.",wrong_entity,The captain belongs to Selkirk's story two sentences later.,right_words_wrong_relation,"Another name for Selkirk, again the source not the character."
feb_2017,1,1,16,4,explicit_detail,False,,1,"According to the last paragraph, Robinson Crusoe -",is popular in many countries,is similar to other adventure stories,was Defoe's most successful book,has been read by more children than adults,ordinal_position,p4,2,needs_paragraph,Both sentences needed: dozens of languages plus readers around the world.,paraphrase,False,False,,ok,,,not_stated,No other adventure story is mentioned for comparison.,not_stated,Defoe's other books never appear in the text.,right_words_wrong_relation,"'Children and adults alike' asserts equality, not a majority."
feb_2017,1,1,17,5,explicit_detail,True,,4,"Which of the following is not true, according to the text?",Robinson Crusoe made a number of voyages.,Robinson Crusoe is the name of a character in a book.,Robinson Crusoe's adventures were based on a true story.,Robinson Crusoe became the captain of a ship.,none,whole,99,no_locator,Negative stem across four paragraphs; each option must be located separately.,elimination_only,True,False,,ok,true_but_not_asked,P1 says a series of voyages and misfortunes.,true_but_not_asked,The whole text treats him as Defoe's character.,true_but_not_asked,P3 says Defoe elaborated on Selkirk's real adventures.,,
feb_2017,1,2,18,1,title,False,,1,An appropriate title for this text would be -,Starlings: The Danger of Interfering With Nature,The American Acclimatization Society: Linking Europe and North America,Central Park and Beyond: The Spread of the Starling,Eugene Schieffelin: Fulfilling a Dream,none,whole,99,no_locator,Nothing to scan; the closing moral and the damage paragraph must be joined.,synthesis,True,False,,ok,,,too_narrow,The Society is one clause of the first paragraph.,too_narrow,Covers paragraph two only and drops the lesson.,half_true,"The dream is real, but the text's point is the damage."
feb_2017,1,2,19,2,inference,True,,4,Which of the following statements cannot be inferred from the first paragraph?,There were no starlings in North America until the late nineteenth century.,Eugene Schieffelin introduced starlings to the United States.,The starling appears in Shakespeare's works.,The starling was the first European bird brought to the United States.,paragraph_number,p1,3,needs_paragraph,Negative stem: all four options must be tested against the whole three-sentence paragraph.,elimination_only,True,False,,ok,true_but_not_asked,Follows from importing European birds in the late 1800s.,true_but_not_asked,Stated directly in the opening sentence.,true_but_not_asked,Follows from his dream of Shakespeare's birds.,,
feb_2017,1,2,20,3,paragraph_purpose,False,,4,The main purpose of the second paragraph is to -,explain why the starlings left Central Park,discuss the current status of the starling,mention the places where starlings can be found today,show how well starlings adapted to North America,paragraph_number,p2,5,needs_paragraph,The geography sentences alone read as a list of places; 'adapted' and 'surged' supply the point.,generalization,True,False,,ok,not_stated,No reason for leaving Central Park is given.,too_narrow,Today's number is only the final sentence.,too_narrow,"Places are evidence for adaptation, not the aim.",,
feb_2017,1,2,21,4,explicit_detail,True,,4,Which of the following statements is not made in the third paragraph?,Starlings caused an airplane crash.,Starlings fight with other birds.,The starling population is growing quickly.,Starlings spread disease.,paragraph_number,p3,7,needs_paragraph,Negative stem over a long paragraph; three options must each be found before the fourth is safe.,elimination_only,False,False,,ok,true_but_not_asked,The 1960 Logan Airport crash is described.,true_but_not_asked,Starlings attack bluebirds and woodpeckers.,true_but_not_asked,They reproduce with alarming vigor.,,
feb_2017,1,2,22,5,vocab_in_context,False,line 24,2,"In line 24, ""haunt"" could best be replaced by -",remind,plague,encourage,harvest,line_number,p4,2,yes_local,Line 24 plus the next sentence about repercussions and consequences fixes the negative sense.,inference_one_step,False,False,,ok,half_true,Haunting involves memory but misses the harm the text stresses.,,,contradiction,"The consequences are presented as damaging, not encouraging.",other:wrong_collocation,Harvesting does not apply to a lasting national problem.
feb_2017,2,1,13,1,main_idea,False,,2,The main purpose of the text is to discuss -,Sir Sandford Fleming's contribution to railroad travel,how and why standard time zones were created,the principles and complexities of scheduling trains,timekeeping before the nineteenth century,none,whole,99,no_locator,"Nothing to scan; each of three paragraphs alone supports a different, narrower option.",generalization,True,False,,ok,right_words_wrong_relation,Railroads caused the problem; time zones were not built for them alone.,,,too_narrow,Train scheduling is the setup in paragraph one.,wrong_entity,"The text starts in the late nineteenth century, not before it."
feb_2017,2,1,14,2,inference,False,,2,It can be inferred from the first paragraph that at the beginning of the nineteenth century -,clocks were very rare,the sun helped people keep time,people often traveled by train,the first pocket watches were invented,paragraph_number,p1,2,yes_local,Scan for 'sun'; the zenith sentence carries the whole inference.,inference_one_step,True,False,,ok,contradiction,People adjusted their own pocket watches and clocks.,,,wrong_entity,Railroads arrive later in the paragraph and the century.,not_stated,Invention of pocket watches is never mentioned.
feb_2017,2,1,15,3,paragraph_purpose,False,,1,The main purpose of the second paragraph is to describe the -,development of standardized time zones,career of Sir Sandford Fleming,difficulties involved in railroad travel,railroad companies' reaction to Fleming's idea,paragraph_number,p2,5,needs_paragraph,Opening anecdote suggests railroad troubles; closing sentence suggests company reactions.,generalization,True,False,,ok,,,not_stated,Only one episode of his life appears; no career is traced.,too_narrow,The missed train is the opening anecdote only.,too_narrow,Adoption by companies is the final sentence.
feb_2017,2,1,16,4,vocab_in_context,False,line 9,3,"In line 9, ""flawed"" is closest in meaning to -",instant,valuable,inaccurate,reasonable,line_number,p2,2,yes_local,"He missed a train because of it, and p1 called schedules unreliable. One sentence suffices.",inference_one_step,False,False,,ok,other:wrong_collocation,A timetable cannot meaningfully be instant.,contradiction,"The timetable caused a failure, so it was not valuable.",,,contradiction,A reasonable timetable would not have made him miss the train.
feb_2017,2,1,17,5,inference,False,,2,It can be inferred from the last paragraph that the prime meridian -,"is in the same time zone as Washington, D.C.",is the place where the first time zone begins,has been changed several times,was established by the Standard Time Act in 1918,named_entity_or_term,p3,2,yes_local,Scan 'prime meridian'; the defining clause plus the Greenwich sentence is enough.,inference_one_step,False,False,,ok,wrong_entity,Washington hosted the conference; Greenwich is the meridian.,,,not_stated,No later change of the meridian is mentioned.,wrong_entity,1918 is U.S. adoption; the meridian dates from 1884.
feb_2017,2,2,18,1,main_idea,False,,1,The main purpose of the text is to -,introduce X-rays and the man who discovered them,demonstrate the profound effect of X-rays on diagnostic medicine,explain the scientific properties of X-rays,describe the remarkable career of Wilhelm Conrad Röntgen,none,whole,99,no_locator,Nothing to scan; only reading all three paragraphs shows the man and the ray share the stage.,generalization,True,False,,ok,,,too_narrow,Medical use closes paragraph two only.,too_narrow,Physical properties occupy one sentence.,overreach,"One discovery is described, not a whole career."
feb_2017,2,2,19,2,paragraph_purpose,False,,1,The second paragraph discusses the ____ X-rays.,characteristics and uses of,advantages and disadvantages of,local and worldwide responses to,development and improvement of,paragraph_number,p2,4,needs_paragraph,"Properties open the paragraph, medical uses close it; either half alone fits a wrong option.",generalization,False,False,,ok,,,half_true,Advantages are given; no disadvantage appears.,right_words_wrong_relation,Reuses 'worldwide' but no local-versus-global contrast exists.,not_stated,No later improvement of X-rays is described.
feb_2017,2,2,20,3,vocab_in_context,False,line 9,1,"In line 9 ""penetrate"" is closest in meaning to -",enter,touch,see,move,line_number,p2,1,yes_local,'Pass through ... but could not penetrate' sets the synonym inside one sentence.,paraphrase,False,False,,ok,,,other:partial_synonym,Touching a surface is weaker than passing into it.,wrong_location,Echoes the later idea of looking inside the body.,other:partial_synonym,Movement alone omits the through-a-material sense.
feb_2017,2,2,21,4,explicit_detail,False,,4,"According to the last paragraph, the ""X"" in ""X-ray"" -",indicates how dangerous X-rays can be,refers to Röntgen's reluctance to take credit for the discovery,is no longer used as a mathematical symbol,is a mathematical sign for something unknown,quoted_phrase,p3,2,yes_local,The sentence naming the mathematical symbol for the unknown answers it directly.,paraphrase,True,False,,ok,not_stated,Danger of X-rays is never mentioned in the text.,right_words_wrong_relation,His modesty is real but is not what the letter means.,contradiction,"The text calls it the common mathematical symbol, still in use.",,
feb_2017,2,2,22,5,explicit_detail,True,,3,Which of the following statements about X-rays is not made in the text?,They pass through some materials but not others.,They help doctors diagnose broken bones.,They laid the foundation for modern photography.,They made Röntgen famous.,none,whole,99,no_locator,"Negative stem; the unstated option reuses 'photograph', the text's own vocabulary.",elimination_only,True,False,,ok,true_but_not_asked,Stated: they pass through skin but not bone or lead.,true_but_not_asked,Doctors used them within weeks for bone fractures.,,,true_but_not_asked,He won widespread recognition and the first Nobel Prize.
jul_2012,1,1,20,1,main_idea,False,,3,The main purpose of the text is to -,compare some best-selling board games,describe the marketing of board games,discuss the history of Monopoly,explain how to play Monopoly,none,whole,99,no_locator,"Three paragraphs run 1904, 1933 and 1935; only the sequence shows it is a history.",generalization,True,False,,ok,right_words_wrong_relation,"'Best-selling board game' is verbatim, but no games are compared.",too_narrow,Parker Brothers and the store fill part of one paragraph.,,,not_stated,The rules of play are never given.
jul_2012,1,1,21,2,explicit_detail,False,,1,"According to the first paragraph, the Landlord's Game was -",invented by Elizabeth Magie,based on Monopoly,the best-selling game of 1904,produced in many languages,named_entity_or_term,p1,1,yes_local,"The game's name occurs once, in the sentence naming its creator.",paraphrase,True,False,,ok,,,right_words_wrong_relation,Derivation runs the other way; Monopoly came from it.,wrong_entity,"'Best-selling' belongs to Monopoly today, not to this game.",wrong_entity,The 26 languages describe Monopoly in the opening sentence.
jul_2012,1,1,22,3,vocab_in_context,False,line 13,4,"The phrase ""did not give up"" (line 13) is closest in meaning to -",was disappointed,changed the game,solved all the problems,kept trying,line_number,p2,2,yes_local,"The next sentence shows him making 5,000 copies; persistence is on the page.",paraphrase,False,False,,ok,other:wrong_sense,Fits the emotional context but not the phrase's meaning.,wrong_location,"He changed the rules earlier, before the rejection.",right_words_wrong_relation,The 52 problems are named nearby but never solved.,,
jul_2012,1,1,23,4,vocab_in_context,False,line 15,3,"In line 15, ""could not meet the demand"" means -",could not make changes to Monopoly,would not return to the store in Philadelphia,could not produce enough games,would not ask for help,line_number,p2,2,yes_local,"'All 5,000 snapped up and the store asked for more' precedes the phrase directly.",paraphrase,False,False,,ok,not_stated,No further changes to the game are at issue here.,wrong_location,The Philadelphia store is real; he returned to Parker Brothers.,,,contradiction,He made the copies with help from a friend.
jul_2012,1,1,24,5,explicit_detail,False,,4,"According to the text, Monopoly was in 1935.",improved,first played in Philadelphia,invented,first produced commercially,named_entity_or_term,p3,1,yes_local,"The date 1935 appears once, immediately before 'its first year of commercial production'.",paraphrase,True,False,,ok,wrong_location,"The redesign happened in 1933, in the previous paragraph.",wrong_location,The Philadelphia sales came before commercial production.,wrong_location,"Invention belongs to 1904, or to 1933 for the name.",,
jul_2012,1,2,25,1,paragraph_purpose,False,,4,The main purpose of the second paragraph is to present -,a short description of different religious groups in India,reasons why Muslims allow cows to be killed for food,evidence of the cow's importance to the Indian economy,some criticisms of the Hindu taboo on slaughtering cattle,paragraph_number,p2,3,needs_paragraph,Three short sentences each voice a different objection; one alone reads as its own topic.,generalization,True,False,,ok,right_words_wrong_relation,"Muslims are named as objectors, not described as a group.",not_stated,A right is asserted; no reasons are supplied.,contradiction,Economists say the cow love damages the economy.,,
jul_2012,1,2,26,2,inference,False,line 9,4,"It can be inferred that some people believe it is ""highly irrational"" (line 9) to -",kill cows even though they are considered sacred,slaughter cows when there are so few of them in India,force Muslims to kill cows when their religion forbids this,protect cows while people are starving to death,line_number,p1-p2,2,yes_local,The starving-people sentence closing paragraph one sits immediately above line 9.,inference_one_step,True,False,,ok,contradiction,"It is the ban, not the killing, that is called irrational.",contradiction,India holds a third of the world's cattle.,right_words_wrong_relation,Muslims claim a right to slaughter; nobody forces them to.,,
jul_2012,1,2,27,3,paragraph_purpose,False,,1,The purpose of the third and fourth paragraphs is to -,present two opinions regarding the origins of the taboo on killing cows,explain why the idea that cows are sacred is an irrational one,provide arguments supporting the taboo on killing cows,describe the role of cows in the Hindu religion,paragraph_number,p3-p4,10,needs_paragraph,Two whole paragraphs must be read as a matched pair of competing explanations.,generalization,True,False,,ok,,,wrong_location,Irrationality is the preceding paragraph's charge.,right_words_wrong_relation,These explain the taboo's origin; they do not defend it.,too_narrow,Ritual use is one strand of the religious explanation.
jul_2012,1,2,28,4,explicit_detail,False,,2,"According to anthropologists, people began to use cow manure as fuel because -",it was relatively cheap,there was a shortage of wood,the number of cows increased,it burned more cleanly than wood,named_entity_or_term,p4,1,yes_local,'Because of the resulting shortage of wood' is the causal clause itself.,paraphrase,True,False,,ok,not_stated,Cost is never mentioned as a factor.,,,wrong_entity,"The human population rose, not the number of cows.",right_words_wrong_relation,"Clean burning is a parenthetical property, not the stated cause."
jul_2012,1,2,29,5,title,False,,4,An appropriate title for this text would be -,The Religious Conflict Between Hindus and Muslims in India,The Growing Food Shortage in India,The Cow in Ancient Hindu Rituals,The Hindu Taboo on Killing Cows: A Controversial Issue in India,none,whole,99,no_locator,"Practice, objections and two rival origin stories all have to fit under the title.",generalization,True,False,,ok,overreach,Muslims get one clause; no conflict is narrated.,right_words_wrong_relation,"Starvation and shortage appear, but food supply is not the subject.",too_narrow,Ancient rituals are one half of one explanation.,,
jul_2012,2,1,20,1,main_idea,False,,3,The main purpose of the text is to discuss -,twentieth-century dance,classical ballet,an important choreographer,the role of emotions in dance,none,whole,99,no_locator,"Innovations, staging and legacy all attach to one person across three paragraphs.",generalization,True,False,,ok,overreach,A century of dance is far broader than one career.,right_words_wrong_relation,"Ballet is the foil she rejected, not the subject.",,,too_narrow,Emotion in dance occupies a single sentence.
jul_2012,2,1,21,2,explicit_detail,False,,2,"According to the first paragraph, Martha Graham -",believed that emotions had no place in dance,tried new methods and forms of dance,based her dances on classical ballet,wanted her dances to look smooth and effortless,ordinal_position,p1,1,yes_local,'Experimented with a wide variety of styles and techniques' answers it in one clause.,paraphrase,False,False,,ok,contradiction,She felt strong emotions were an important part of dance.,,,contradiction,She abandoned the traditional steps of classical ballet.,contradiction,She made no attempt to hide the effort required.
jul_2012,2,1,22,3,explicit_detail,False,,3,"According to the first paragraph, which of the following is characteristic of Graham's dances?",straight legs,traditional steps,angular turns,symmetrical movements,ordinal_position,p1,1,yes_local,'Bent legs and angular turns' is a single verbatim phrase in the paragraph.,paraphrase,True,False,,ok,wrong_entity,Straight legs are attributed to classical ballet.,wrong_entity,Traditional steps are exactly what she abandoned.,,,wrong_entity,Symmetry is attributed to classical ballet.
jul_2012,2,1,23,4,vocab_in_context,False,line 12,1,"The word ""commonplace"" (line 12) could be replaced by -",widely accepted,highly unusual,dramatic,representational,line_number,p2,1,yes_local,'Later became commonplace in the world of dance' supplies the sense in place.,paraphrase,False,False,,ok,,,contradiction,"The word marks the innovations becoming ordinary, not rare.",wrong_location,Real passage word from the costume sentence following.,wrong_location,Real passage word from the same sentence's prop list.
jul_2012,2,1,24,5,paragraph_purpose,False,,1,The last paragraph mainly discusses Martha Graham's -,legacy,dances,choreography,methods,ordinal_position,p3,4,needs_paragraph,"Pieces, pupils and lasting influence together are the legacy; each alone is a detail.",generalization,True,False,,ok,,,too_narrow,The 180 pieces are one item in the legacy list.,wrong_location,Her choreography is described in the earlier paragraphs.,too_narrow,Her methods are one clause of the closing paragraph.
jul_2012,2,2,25,1,explicit_detail,False,,1,"According to the first paragraph, people might want to store their children's umbilical cord blood in the cryo-preservation bank -",to help their children in the event that they develop certain diseases,to help the researchers working at Hadassah Hospital,because there is no better way of preserving blood indefinitely,because this may help in the treatment of cancer patients around the world,ordinal_position,p1,1,yes_local,The opening 'insurance policy against the eventuality' sentence states the motive.,paraphrase,True,False,,ok,,,not_stated,No research benefit is mentioned as a motive.,right_words_wrong_relation,'Stored indefinitely' is reused; no preservation methods are compared.,right_words_wrong_relation,"'Around the world' describes where banks exist, not the motive."
jul_2012,2,2,26,2,vocab_in_context,False,line 5,3,"The ""facility"" referred to in line 5 is -",an umbilical cord,an insurance policy,a cryo-preservation bank,Hadassah Hospital,line_number,p1,2,yes_local,'The country's first such facility' points back one sentence to the bank.,inference_one_step,True,False,,ok,wrong_location,"Real term from the same sentence, but not a place.",wrong_location,A metaphor from the passage's opening line.,,,right_words_wrong_relation,Hadassah opened the facility; it is not the facility.
jul_2012,2,2,27,3,paragraph_purpose,False,,2,The purpose of the second paragraph is to -,discuss diseases that require bone marrow transplants,describe situations in which umbilical cord blood can be useful,explain why chemotherapy harms the immune system,discuss the importance of finding an appropriate blood donor,paragraph_number,p2,4,needs_paragraph,Two case types plus the closing comparison are needed to see it lists useful situations.,generalization,True,False,,ok,too_narrow,Named diseases are examples serving a broader claim.,,,not_stated,"Chemotherapy's damage is asserted, never explained.",right_words_wrong_relation,The point is that one's own cells beat a donor's.
jul_2012,2,2,28,4,reference_word,False,line 13,1,"In line 13, ""situations such as these"" refers to situations in which -",the body's immune system has been harmed,blood has been taken from the umbilical cord,patients have been successfully treated,stem cells are produced in the bone marrow,line_number,p2,3,needs_paragraph,"The plural referent gathers two separate preceding cases, not one adjacent sentence.",generalization,True,False,,ok,,,wrong_location,Cord collection belongs to the first paragraph.,right_words_wrong_relation,"Successful treatment is the consequence, not the situation.",right_words_wrong_relation,Marrow contains stem cells; that is not the situation described.
jul_2012,2,2,29,5,inference,False,,3,It can be inferred from the last paragraph that if Professor Slavin were in charge of Hadassah's delivery rooms -,more bone marrow transplants would be conducted,there would be fewer problems in finding people willing to donate their bone marrow,umbilical cords would be saved rather than thrown away,more babies born with immune-system disorders could be successfully treated,named_entity_or_term,p3,1,yes_local,His quotation calls the discarding unfortunate; reversing it is the single step.,inference_one_step,True,False,,ok,right_words_wrong_relation,His title names marrow transplants; cord blood is the alternative.,not_stated,Donor willingness is never discussed.,,,right_words_wrong_relation,"The blood serves the donor later and siblings, not sick newborns."
jul_2015,1,1,13,1,explicit_detail,False,,1,"According to the first paragraph, Fitzgerald -",began her singing career at the age of 17,did not like being famous,sold more albums than any other vocalist,was the first female jazz singer,ordinal_position,p1,1,yes_local,'Made her singing debut in 1934 at the age of 17' answers it outright.,paraphrase,True,False,,ok,,,right_words_wrong_relation,Shy offstage is not the same as disliking fame.,overreach,'Over forty million' becomes a superlative the text never claims.,right_words_wrong_relation,Twists the nickname 'First Lady of Song' into a historical first.
jul_2015,1,1,14,2,paragraph_purpose,False,,1,The main purpose of the second paragraph is to -,discuss the outstanding quality of Fitzgerald's singing,present the famous musicians who worked with Fitzgerald,discuss the types of music Fitzgerald preferred,describe Fitzgerald's relationship with Ira Gershwin,paragraph_number,p2,5,needs_paragraph,Names and genres dominate the surface; only the whole paragraph shows praise is the point.,generalization,False,False,,ok,,,too_narrow,The name list is one sentence used as evidence of quality.,right_words_wrong_relation,"Genres show range, not personal preference.",too_narrow,Gershwin supplies one closing quotation only.
jul_2015,1,1,15,3,explicit_detail,True,,3,The second paragraph does not mention that performed with Fitzgerald.,Count Basie,Frank Sinatra,Ira Gershwin,Benny Goodman,paragraph_number,p2,3,needs_paragraph,Negative stem forces checking four names against the paragraph's performer list.,elimination_only,True,False,,ok,true_but_not_asked,Listed among the jazz greats she appeared with.,true_but_not_asked,Listed among the crooners she appeared with.,,,true_but_not_asked,Listed among the jazz greats she appeared with.
jul_2015,1,1,16,4,explicit_detail,False,,1,"According to the text, Fitzgerald -",was more comfortable on stage than anywhere else,always performed with an orchestra,composed most of her own songs,was surprised by how much audiences loved her,none,p1,2,no_locator,'According to the text' points nowhere; the shy/spotlight pair sits in paragraph one.,paraphrase,False,False,,ok,,,right_words_wrong_relation,She imitated orchestral instruments; she did not always use an orchestra.,wrong_entity,Gershwin composed the songs; 'my songs' is his line.,half_true,Audience love is stated; her being surprised by it is not.
jul_2015,1,1,17,5,author_purpose_or_attitude,False,,4,It can be understood from the text that the author -,once met with Ella Fitzgerald,is a jazz musician,likes a wide variety of music,is a fan of Ella Fitzgerald,none,whole,99,no_locator,Attitude lives in the cumulative superlatives; no single sentence states it.,inference_one_step,False,False,,ok,not_stated,No contact between author and singer is indicated.,not_stated,The author's own profession never appears.,right_words_wrong_relation,"Variety describes her repertoire, not the author's taste.",,
jul_2015,1,2,18,1,title,False,,2,An appropriate title for this text would be -,A Brief History of Origami,Origami: Ancient Art Meets Modern Engineering,Robert Lang: Scientist and Origami Artist,Origami: The Magic of Paper Folding,none,whole,99,no_locator,Only reading both halves shows the text pivots from history to engineering.,generalization,True,False,,ok,too_narrow,Covers the history paragraph and drops the science half.,,,too_narrow,"Lang is one worked example, not the subject.",too_narrow,"Keeps the charming opening framing, ignores the scientific turn."
jul_2015,1,2,19,2,explicit_detail,False,,4,"According to the second paragraph, during the Heian Period -",origami was made only in Japan,origami techniques were kept secret,each family had its own style of origami,only wealthy people could afford to do origami,named_entity_or_term,p1,1,yes_local,'Heian' locates it; note the stem says second paragraph but it is the first as extracted.,paraphrase,False,False,,ok,contradiction,Paper was first made and folded in China.,right_words_wrong_relation,"Passed down orally within a class, not deliberately kept secret.",not_stated,Family-specific styles are never mentioned.,,
jul_2015,1,2,20,3,paragraph_purpose,False,,2,The main purpose of the third paragraph is to -,explain how an airbag is folded into the steering wheel of a car,discuss how origami was used by a scientist,explain how Lang came to be interested in origami,discuss the importance of airbags,paragraph_number,p2,5,needs_paragraph,Airbag mechanics fill the surface; stem's 'third paragraph' is the second as extracted.,generalization,True,False,,ok,too_narrow,"The folding mechanics are illustration, and no how-to is given.",,,not_stated,How Lang got interested in origami is never told.,too_narrow,Airbag requirements are one setup sentence.
jul_2015,1,2,21,4,vocab_in_context,False,line 19,2,"In line 19, ""deployment"" could best be replaced by -",impact,release,resistance,adaptation,line_number,p2,2,yes_local,'Expand completely in milliseconds' nearby fixes deployment as release.,paraphrase,False,False,,ok,right_words_wrong_relation,"'Impact' is nearby but names the collision, not the bag's action.",,,other:wrong_sense,Draws on 'firm support' but reverses the outward motion.,other:wrong_sense,No adaptation sense anywhere in the sentence.
jul_2015,1,2,22,5,inference,False,,2,It can be inferred from the text that origami is -,neither simple nor practical,enjoyable and useful,more complicated than many other activities,more science than art,none,whole,99,no_locator,"Pleasure comes from the opening, usefulness from the airbag and closing paragraphs.",synthesis,False,False,,ok,contradiction,Text calls origami accessible and shows a practical application.,,,contradiction,'Few other activities are as accessible' says the opposite.,overreach,Text pairs art and science; it never ranks them.
jul_2015,2,1,13,1,title,False,,2,A good title for this text would be -,Who Discovered the Grunion?,The Dance of the Grunion,The Life Cycle of the Grunion,The Grunion: A California Native,none,whole,99,no_locator,The 'dance' image opens and closes the text; the spawning middle explains it.,generalization,True,False,,ok,too_narrow,Discovery is background in the opening paragraph only.,,,too_narrow,"Only spawning is covered, not a full life cycle.",too_narrow,'Native to the region' is a passing clause.
jul_2015,2,1,14,2,paragraph_purpose,False,,2,The main purpose of the first paragraph is to -,describe the California grunion,introduce an unusual fish,discuss the Spanish colony in California,explain why grunion dance,ordinal_position,p1,3,needs_paragraph,The colonist anecdote must be read as a device for introducing a strange fish.,generalization,False,False,,ok,half_true,"Right subject, wrong act: no description of the fish is given.",,,wrong_entity,"Colonists are the narrative vehicle, not the topic.",contradiction,Last paragraph says scientists cannot explain why.
jul_2015,2,1,15,3,inference,False,,1,It can be understood that the Spanish colonists mentioned in the first paragraph -,did not at first believe that fish could come out of the water,were the first to see the dance of the grunion,brought the grunion with them from Europe,came to California looking for unusual species of fish,named_entity_or_term,p1,2,yes_local,'Though skeptical at first' sits one sentence after the claim it doubts.,paraphrase,True,False,,ok,,,contradiction,Native peoples told them about it first.,contradiction,The grunion is native to the region.,not_stated,Their reason for coming to California is never given.
jul_2015,2,1,16,4,explicit_detail,False,,2,"According to the second paragraph, grunion lay their eggs -",in the water,in holes they dig in the sand,every nine or ten days,after fertilizing them,paragraph_number,p2,1,yes_local,'Bury themselves tail-first in the sand and lay their eggs' is decisive alone.,inference_one_step,True,False,,ok,contradiction,They come completely out of the water to spawn.,,,right_words_wrong_relation,"Nine or ten days is incubation, not laying frequency.",right_words_wrong_relation,Males fertilize after laying; agent and order both flipped.
jul_2015,2,1,17,5,vocab_in_context,True,line 14,4,"In line 14, ""come ashore"" could be replaced by all of the following except -",dance on the beach,leave the water,lay their eggs,remain hidden,line_number,whole,5,needs_whole_text,"Line 14 is given, but each candidate synonym must be checked against other paragraphs.",elimination_only,True,False,,ok,true_but_not_asked,"A valid substitution, so wrong for an except stem.",true_but_not_asked,"A valid substitution, so wrong for an except stem.",true_but_not_asked,"A valid substitution, so wrong for an except stem.",,
jul_2015,2,2,18,1,vocab_in_context,False,line 1,1,"In line 1, ""hampered"" means -",held back,set up,called on,picked out,line_number,p1,1,yes_local,'Careers hampered by prevailing social prejudices' is self-contained.,paraphrase,False,False,,ok,,,other:wrong_sense,Opposite direction; nothing in the sentence supports it.,other:wrong_sense,Unrelated phrasal verb with no textual hook.,other:wrong_sense,Unrelated phrasal verb with no textual hook.
jul_2015,2,2,19,2,explicit_detail,False,,2,"In the first paragraph, the Brontë sisters are presented as an example of women who -",published poetry before writing novels,concealed their gender in order to succeed,had successful writing careers,discussed social prejudice in their works,named_entity_or_term,p1,2,yes_local,The 'instance of this' sentence points back to the gender-concealment sentence before it.,paraphrase,True,False,,ok,true_but_not_asked,True of the sisters but not what the example illustrates.,,,true_but_not_asked,Later acclaim is stated but is not the point here.,right_words_wrong_relation,Prejudice shaped their careers; it was not their subject matter.
jul_2015,2,2,20,3,paragraph_purpose,False,,2,The main purpose of the second paragraph is to -,discuss the relationship between Charlotte Brontë and Robert Southey,explain why the Brontës felt they had to publish using pseudonyms,discuss the Brontës' portrayal of 19th-century English society,describe how Charlotte Brontë was persuaded to reveal her true identity,paragraph_number,p2,5,needs_paragraph,"Southey anecdote dominates the middle; it is evidence for the fear, not the topic.",generalization,True,False,,ok,too_narrow,One anecdote used as supporting evidence.,,,right_words_wrong_relation,The author describes that society; the Brontës do not portray it.,half_true,"She did reveal her identity, but nobody persuaded her."
jul_2015,2,2,21,4,paragraph_purpose,False,,1,The main purpose of the last paragraph is to -,demonstrate that women writers must still overcome prejudices,compare the literary careers of Charlotte Brontë and J.K. Rowling,discuss J.K. Rowling's accomplishments,discuss the success of Harry Potter and the Philosopher's Stone,ordinal_position,p3,4,needs_paragraph,Rowling's success fills most lines; the 'nonetheless' sentence carries the actual point.,generalization,True,False,,ok,,,not_stated,No comparison of the two women's careers is made.,too_narrow,Rowling illustrates the claim rather than being it.,too_narrow,One book's success is a supporting detail.
jul_2015,2,2,22,5,vocab_in_context,False,,2,Which of the following words has a meaning different from the others?,prejudice,acclaim,bias,preconception,none,whole,4,no_locator,Four words drawn from four different paragraphs; solvable by lexis alone.,elimination_only,True,False,,ok,other:synonym_set_member,Shares the negative-bias meaning with two other options.,,,other:synonym_set_member,Shares the negative-bias meaning with two other options.,other:synonym_set_member,Shares the negative-bias meaning with two other options.
jul_2016,1,1,13,1,paragraph_purpose,False,,1,The main purpose of the first paragraph is to -,present Monowi and its only resident,discuss Elsie Eiler's life,describe an unusual highway sign,introduce the smallest town in the United States,paragraph_number,p1,4,needs_paragraph,Opening sign sentence alone fits a wrong option; the town-plus-resident frame needs all four.,generalization,True,False,,ok,,,overreach,Only her civic roles appear; her life comes later.,too_narrow,"The sign is the opening device, not the subject.",overreach,"Text says one of a handful of such places, not the smallest."
jul_2016,1,1,14,2,inference,False,,4,It can be understood from the second paragraph that the promise on the tavern's sign is not hard to keep because -,not many people buy beer from Elsie,not everyone in town likes cold beer,there is no law against selling beer,there is no other place in town to buy beer,named_entity_or_term,p1-p2,3,needs_whole_text,The joke only works with p1's population of one; p2 alone never says the tavern is the only bar.,inference_one_step,False,False,,ok,not_stated,She has regular customers who drive in every evening.,right_words_wrong_relation,"Plays on 'in town', where only one person lives.",not_stated,No law about selling beer appears anywhere.,,
jul_2016,1,1,15,3,paragraph_purpose,False,,3,The third paragraph mainly discusses the Monowi.,markets in,people who founded,history of,last two residents of,paragraph_number,p3,6,needs_paragraph,The paragraph runs 1902 to the 1970s; any single sentence supports a narrower option.,generalization,False,False,,ok,right_words_wrong_relation,"The markets were in cities, reached by train, not in Monowi.",right_words_wrong_relation,'Founded in 1902' names a year; no founders are described.,,,too_narrow,Elsie and Rudy close the paragraph as its end point.
jul_2016,1,1,16,4,explicit_detail,False,,4,"According to the third paragraph, Monowi -",was once a major farming town,first received railway service in 1902,was a wealthy town until the 1970s,never had more than 150 residents,paragraph_number,p3,1,needs_paragraph,Only a paragraph pointer; each option must be checked against a different sentence.,paraphrase,True,False,,ok,overreach,Local farmers shipped produce; nothing calls it a major farming town.,right_words_wrong_relation,1902 is the founding year; the railway start date is unstated.,not_stated,The town's wealth is never described.,,
jul_2016,1,1,17,5,inference,False,,1,It can be understood from the last paragraph that Elsie -,plans to stay in Monowi,no longer wants to run the tavern,would like to get married again,once considered leaving Monowi,ordinal_position,p4,1,needs_paragraph,No phrase to scan; the closing quotation 'It's home' carries the whole inference.,inference_one_step,False,False,,ok,,,contradiction,"She keeps busy with her tasks, tavern included.",not_stated,Remarriage is never mentioned.,right_words_wrong_relation,She was asked whether she would consider it; she did not.
jul_2016,1,2,18,1,paragraph_purpose,False,,1,The main purpose of the first paragraph is to -,explain why the 1977 discovery was surprising,define the process of photosynthesis,show how geologists explore the ocean floor,describe the ecosystem near the Galapagos Islands,paragraph_number,p1,4,needs_paragraph,The photosynthesis sentence alone reads as a definition; the 'therefore ... but' turn supplies the point.,generalization,True,False,,ok,,,too_narrow,"Photosynthesis is the setup for the surprise, not the aim.",not_stated,The exploration method is never described.,wrong_location,The ecosystem itself is described in the next two paragraphs.
jul_2016,1,2,19,2,vocab_in_context,False,line 3,1,"It can be inferred that the ""photo"" in ""photosynthesis"" (line 3) means -",light from the sun,related to plants,an indirect product of,a process for,line_number,p1,1,yes_local,Same sentence: photosynthesis 'is driven by sunlight's energy'. One sentence suffices.,inference_one_step,True,False,,ok,,,wrong_location,Echoes 'plants' in the same sentence's subject.,wrong_location,Echoes 'indirectly' earlier in the sentence.,wrong_location,"Echoes 'a process called', the frame around the word."
jul_2016,1,2,20,3,explicit_detail,False,,4,"According to the second paragraph, the bacteria near hydrothermal vents -",are dependent on other life forms found on the ocean floor,are smaller than any other organism on Earth,could not survive in another environment,produce food through chemosynthesis,named_entity_or_term,p2,1,yes_local,Scan 'bacteria'; the final sentence of p2 states the conversion into food.,paraphrase,True,False,,ok,contradiction,"Other life forms depend on the bacteria, not the reverse.",overreach,"Text says tiniest organisms there, not on Earth.",right_words_wrong_relation,"The chemicals would poison other creatures, not these bacteria.",,
jul_2016,1,2,21,4,explicit_detail,False,,4,"According to the last paragraph, the giant tube worm -",absorbs bacteria throughout its life,lives mainly near hydrothermal vents,is crucial to the food chain in hydrothermal vents,has a mouth only when it is young,named_entity_or_term,p3,2,needs_paragraph,Scanning the worm hits its introduction; the mouth clause is two sentences on.,inference_one_step,True,False,,ok,contradiction,It ingests bacteria only early in life.,overreach,"'Mainly' implies it also lives elsewhere, which is unsupported.",right_words_wrong_relation,The bacteria carry the food chain; the worm depends on them.,,
jul_2016,1,2,22,5,inference,True,,2,Which of the following statements cannot be inferred from the text?,A hydrothermal vent was discovered on the Pacific Ocean floor in 1977.,Hydrothermal vents are found mainly near the Galapagos Islands.,Hydrothermal vents enable organisms to survive in complete darkness.,A hydrothermal vent is produced when hot water pushes through the ocean floor.,none,whole,99,no_locator,Negative stem; the unsupported option is built from the text's own place names.,elimination_only,True,False,,ok,true_but_not_asked,P1 gives the 1977 Pacific-floor discovery directly.,,,true_but_not_asked,Follows from life thriving beyond the sun's rays.,true_but_not_asked,P2 defines a vent as an opening gushing heated water.
jul_2016,2,1,13,1,explicit_detail,False,,4,"According to the text, female Anopheles gambiae mosquitoes are -",found only in Africa,multiplying in alarming numbers,less likely to carry disease than the males,drawn more to some people than others,named_entity_or_term,p1,1,yes_local,The 'rather choosy about whose blood' sentence answers it on its own.,paraphrase,False,False,,ok,overreach,"'Mostly in Africa' describes deaths, not mosquito range.",not_stated,Mosquito numbers are never discussed.,right_words_wrong_relation,Females transmit malaria; males are never mentioned.,,
jul_2016,2,1,14,2,paragraph_purpose,False,,3,The main purpose of the first paragraph is to introduce -,Africa's most deadly disease,a dangerous insect,a study with an interesting focus,the idea that malaria can be eradicated,paragraph_number,p1,4,needs_paragraph,First three sentences are pure malaria background; only the last turns to the study.,generalization,True,False,,ok,overreach,Malaria is never called Africa's deadliest disease.,too_narrow,The mosquito is named in a subordinate clause.,,,too_narrow,"Eradication is one hope clause, not the paragraph's aim."
jul_2016,2,1,15,3,paragraph_purpose,False,,1,The purpose of the experiment described in the second paragraph was to -,determine whether mosquitoes prefer blood that contains alcohol,collect Anopheles gambiae mosquitoes,expose mosquitoes to dolo,examine mosquito behavior in Burkina Faso,paragraph_number,p2,4,needs_paragraph,"Setup, procedure and result are three separate sentences; each supports a different option.",generalization,False,False,,ok,,,right_words_wrong_relation,"Mosquitoes were observed and counted, not collected.",right_words_wrong_relation,Volunteers drank the dolo; mosquitoes were not exposed to it.,too_narrow,"Burkina Faso is the venue, not the object of study."
jul_2016,2,1,16,4,explicit_detail,False,,3,"According to the last paragraph, drinking beer mosquito bites.",rarely leads to,makes one more aware of,increases the chances of getting,can protect one from,ordinal_position,p4,1,yes_local,One sentence states beer-drinking increases susceptibility to mosquito bites.,paraphrase,True,False,,ok,contradiction,The finding is exactly the opposite.,contradiction,"Drinkers are described as slower to swat, less aware.",,,contradiction,Beer attracts mosquitoes rather than protecting.
jul_2016,2,1,17,5,explicit_detail,False,,3,"According to the text, mosquitoes -",only bite humans,have a short life,feed on blood,are most dangerous in Africa,none,p1,1,no_locator,"'Mosquitoes' saturates the text, so scanning narrows nothing; the fact sits in p1.",paraphrase,True,False,,ok,overreach,Human blood is discussed; 'only' is never claimed.,not_stated,Mosquito lifespan never appears.,,,half_true,"Most malaria deaths are African, but that is about the disease."
jul_2016,2,2,18,1,title,False,,1,An appropriate title for the text would be -,Henry Ford's Disastrous Experiment,Henry Ford's Greatest Accomplishment,How Henry Ford Changed the Rubber Industry,Fordlandia: The Ideal Working Environment,none,whole,99,no_locator,Nothing to scan; the failure verdict is spread over four paragraphs of causes and costs.,generalization,False,False,,ok,,,contradiction,The project is called doomed and a flop.,contradiction,Not one bit of its rubber ever reached a Ford car.,right_words_wrong_relation,"Quotes Ford's intention, which the text then demolishes."
jul_2016,2,2,19,2,explicit_detail,False,,1,"According to the first paragraph, Ford -",made cars affordable for Americans,produced the first American car,built Brazil's biggest plantation,agreed to share his profits with his workers,paragraph_number,p1,1,needs_paragraph,Only a paragraph pointer; the plantation and profit-share options come from later sentences.,paraphrase,False,False,,ok,,,overreach,He mass-produced cheap cars; being first is not claimed.,overreach,"A giant plantation, not Brazil's biggest.",wrong_entity,"Profits were shared with the Brazilian government, not workers."
jul_2016,2,2,20,3,vocab_in_context,False,line 10,2,"In line 10, ""neglected"" could best be replaced by -",planned,failed,agreed,threatened,line_number,p2,2,yes_local,"Line 10 sits under 'doomed to failure' and before 'as a result, there was no one to advise'.",paraphrase,True,False,,ok,contradiction,He hired nobody; planning to hire is the opposite.,,,contradiction,Agreeing to hire contradicts the stated omission.,other:wrong_collocation,Threatening to hire fits nothing in the sentence.
jul_2016,2,2,21,4,paragraph_purpose,False,,3,The main purpose of the third paragraph is to -,compare the living conditions of Ford's Brazilian and American employees,explain how Ford's plantation was managed,discuss the difficulties experienced by the workers at Fordlandia,describe the town Ford built in the Amazon rainforest,paragraph_number,p3,7,needs_paragraph,The town-building sentences open the paragraph; the hardships only accumulate after them.,generalization,True,False,,ok,right_words_wrong_relation,Both groups suffered; the text draws no comparison.,wrong_location,Management appears only in the closing sentence.,,,too_narrow,The town description is the setup for the problems.
jul_2016,2,2,22,5,explicit_detail,True,,1,Which of the following is not stated in the last paragraph?,Ford tried to sell Fordlandia over a period of 17 years.,Rubber from Fordlandia was not used in Ford automobiles.,The Brazilian government became the owner of Fordlandia.,Ford spent a great deal of money on Fordlandia.,paragraph_number,p4,3,needs_paragraph,Negative stem; the false option recombines '17 years' and 'sold' from two different sentences.,elimination_only,True,False,,ok,,,true_but_not_asked,The closing sentence states exactly this.,true_but_not_asked,He sold the plantation to the Brazilian government.,true_but_not_asked,He invested twenty million dollars.
jul_2017,1,1,13,1,paragraph_purpose,False,,3,The main purpose of the first paragraph is to -,describe the city of Bogotá,introduce a graduate student in horticulture,present the ideas mentioned in Cheever's research paper,explain how Cheever became interested in horticulture,paragraph_number,p1,6,needs_paragraph,"Middle sentences are all about Bogota, so a partial reader picks the city-description option.",generalization,True,False,,ok,too_narrow,"Bogota's features are evidence inside the paper, not the point.",too_narrow,Cheever's identity is one clause of the first sentence.,,,not_stated,The text never says how he came to horticulture.
jul_2017,1,1,14,2,explicit_detail,False,,3,"According to the first paragraph, carnations -",are more popular than roses,can be grown only in mountain areas,sell well in the U.S.,do not need a lot of water,named_entity_or_term,p1,1,yes_local,Scan 'carnations'; the same sentence says they are popular with U.S. buyers.,paraphrase,False,False,,ok,right_words_wrong_relation,Three flowers are listed together; no ranking is given.,overreach,"Bogota is mountainous, but 'only in mountains' is never claimed.",,,contradiction,Plenty of water is listed as a growing advantage.
jul_2017,1,1,15,3,reference_word,False,line 6,2,"In line 6, ""this"" refers to -",Bogotá's climate,Bogotá's location,the cultivation of flowers,the popularity of flowers in the U.S.,line_number,p1,2,yes_local,"The sentence before line 6 lists mountains, oceans and equator: pure location.",paraphrase,True,False,,ok,right_words_wrong_relation,"Climate is the consequence of 'this', not its referent.",,,wrong_location,Cultivation belongs to an earlier sentence in the paragraph.,wrong_location,U.S. popularity is mentioned two sentences before.
jul_2017,1,1,16,4,paragraph_purpose,False,,1,The main purpose of the second paragraph is to -,discuss the development of the flower industry in Colombia,discuss the ten largest flower-growing companies in the world,compare Colombia's export industries,describe Floramérica's production methods,paragraph_number,p2,6,needs_paragraph,Mid-paragraph sentences describe Floramerica only; the growth arc appears in the last three sentences.,generalization,True,False,,ok,,,right_words_wrong_relation,Ten Colombian companies opened; they are not the world's largest.,wrong_entity,"Comparison is Colombia against the Netherlands, not among Colombian industries.",too_narrow,Production methods are one clause of one sentence.
jul_2017,1,1,17,5,vocab_in_context,False,line 13,3,"In line 13, ""transporting"" is closest in meaning to -",growing,paying,moving,suggesting,line_number,p2,1,yes_local,Line 13 says transporting the flowers to the airport; destination phrase fixes the meaning.,paraphrase,False,False,,ok,wrong_location,Echoes 'flower-growing' used elsewhere in the paragraph.,not_stated,No payment is involved in this sentence.,,,wrong_location,Echoes 'suggested the idea' from the first paragraph.
jul_2017,1,2,18,1,paragraph_purpose,False,,2,The main purpose of the first paragraph is to discuss -,the career of an American author,the background and content of an American classic,why Thoreau retreated from society,the importance of nature in Thoreau's writing,paragraph_number,p1,6,needs_paragraph,Paragraph moves from publication facts to content to philosophy; any single sentence supports a wrong option.,generalization,True,False,,ok,not_stated,Only one book is discussed; no career is traced.,,,too_narrow,His disgust with materialism is one sentence of six.,too_narrow,Nature descriptions are one item in a list.
jul_2017,1,2,19,2,vocab_in_context,False,line 7,4,"In line 7, ""eschew"" could best be replaced by -",expect,understand,judge,reject,line_number,p1,2,yes_local,'Simple life' contrasted with material wealth in the same sentence; next sentence repeats 'rejecting'.,inference_one_step,True,False,,ok,wrong_location,Echoes 'expectations of society' in the following sentence.,not_stated,Understanding wealth is not what the sentence contrasts.,not_stated,No act of judging is described here.,,
jul_2017,1,2,20,3,explicit_detail,True,,1,The second paragraph does not mention as a reason readers are attracted to Walden.,Thoreau's detailed analysis,Thoreau's philosophy,Walden's spiritual nature,the language in Walden,paragraph_number,p2,3,needs_paragraph,"Negative stem; 'analyzed in detail' appears verbatim but describes scholars, not a reader attraction.",elimination_only,True,False,,ok,,,true_but_not_asked,The philosophy he espoused is named as an attraction.,true_but_not_asked,The profoundly spiritual nature is named as an attraction.,true_but_not_asked,His masterful way with language is named as an attraction.
jul_2017,1,2,21,4,paragraph_purpose,False,,1,The main purpose of the last paragraph is to -,offer interpretations of a sentence from Walden,discuss ideals that were important to Thoreau,explain why Thoreau expressed himself in metaphor,compare Walden to classical Chinese works,ordinal_position,p3,7,needs_paragraph,Each conjecture sentence supports a different wrong option; only the whole run shows they are readings.,generalization,False,False,,ok,,,too_narrow,"Truth, goodness and beauty are one conjecture among several.",not_stated,"The metaphor is assumed, never explained as a choice.",right_words_wrong_relation,Chinese works are cited as background; no comparison is made.
jul_2017,1,2,22,5,explicit_detail,False,,4,"According to the last paragraph, Thoreau what the three animals represented.",had more than one explanation for,liked discussing,told his friends,did not explain,ordinal_position,p3,2,needs_paragraph,Scanning 'three animals' hits others' conjectures; Thoreau's own cryptic reply comes several sentences later.,inference_one_step,False,False,,ok,wrong_entity,"The several explanations are scholars' conjectures, not Thoreau's.",contradiction,He answered briefly and cryptically when asked.,not_stated,No conversation with friends is reported.,,
jul_2017,2,1,13,1,title,False,,1,A good title for this text is -,The Different Forms of Carbon,The Uses of Carbon,The Origins of Pure Carbon,The Discovery of Carbon,none,whole,99,no_locator,"Nothing to scan; the title must cover graphite, diamond, nanotubes and fullerene together.",generalization,True,False,,ok,,,too_narrow,Products made from carbon occupy one sentence in p1.,not_stated,Where pure carbon comes from is never discussed.,too_narrow,Only the two newest forms have discovery dates.
jul_2017,2,1,14,2,explicit_detail,True,,2,"According to the first paragraph, carbon is not -",found in all plants and animals,the most common chemical element,able to combine with other elements,"contained in food, paper, or cloth",paragraph_number,p1,2,needs_paragraph,"Negative stem: all four options must be checked; one word, 'sixth', decides the answer.",elimination_only,True,False,,ok,true_but_not_asked,Stated verbatim: carbon is found in all plants and animals.,,,true_but_not_asked,Stated: carbon combines with other elements.,true_but_not_asked,"Food, paper and cloth are listed as carbon products."
jul_2017,2,1,15,3,inference,False,,4,It can be understood from the second paragraph that molecules -,exist in only two forms,never contain carbon,are soft and slippery,are made up of atoms,named_entity_or_term,p2,1,yes_local,'The carbon atoms in graphite molecules' gives the atom-inside-molecule relation in one phrase.,inference_one_step,True,False,,ok,right_words_wrong_relation,"Two types of pure carbon, not two forms of molecules.",contradiction,The paragraph is entirely about carbon-containing molecules.,overreach,"Softness belongs to graphite, generalized here to all molecules.",,
jul_2017,2,1,16,4,vocab_in_context,False,line 6,4,"In line 6, ""structures"" is closest in meaning to -",atoms,substances,differences,arrangements,line_number,p2,2,yes_local,"The next sentence says atoms 'are arranged', supplying the synonym directly.",paraphrase,True,False,,ok,wrong_location,"'Atoms' is the neighbouring sentence's subject, not the meaning.",wrong_location,Echoes 'soft substance' one sentence earlier.,wrong_location,Echoes 'This difference' opening the same sentence.,,
jul_2017,2,1,17,5,explicit_detail,False,,4,"According to the last paragraph, fullerene molecules buckyballs.",are more common than,were discovered before,have more sides than,are also called,named_entity_or_term,p3,1,yes_local,Final sentence names and nicknames the same substance; one sentence settles it.,paraphrase,False,False,,ok,not_stated,No frequency comparison exists between the two names.,not_stated,Both names were given at the same discovery.,right_words_wrong_relation,Reuses the five- or six-sided detail; the two names denote one thing.,,
jul_2017,2,2,18,1,paragraph_purpose,False,,2,The main purpose of the first paragraph is to -,explain what made the birds fall from the sky,"discuss a strange event that occurred in Beebe, Arkansas",discuss the results of the investigation into the bird deaths,introduce the residents of a small town in Arkansas,paragraph_number,p1,3,needs_paragraph,The speculation and lab sentences each look like the purpose until read against the opening.,generalization,True,False,,ok,contradiction,Causes are only speculated; nothing is explained.,,,too_narrow,Lab findings are one sentence of three.,too_narrow,"Residents are only the witnesses, not the subject."
jul_2017,2,2,19,2,paragraph_purpose,False,,2,The main purpose of the second paragraph is to -,argue that the events in Beebe were a freak phenomenon,present the most unusual explanations for why the birds fell,suggest that the falling of the birds was a sign of the end of the world,discuss the second incident in Beebe,paragraph_number,p2,4,needs_paragraph,Apocalypse sentence and repeat-incident sentence each supply a trap; only the whole paragraph shows the list.,generalization,True,False,,ok,right_words_wrong_relation,"'Freak phenomenon' is assumed as background, not argued for.",,,wrong_entity,"That reading is one group's view, not the paragraph's aim.",too_narrow,The repeat incident closes the paragraph as an aside.
jul_2017,2,2,20,3,vocab_in_context,False,line 9,2,"In line 9, ""abounded"" could best be replaced by -",responded,were numerous,were proven,disappeared,line_number,p2,2,yes_local,The 'from X to Y to Z' list before line 9 shows quantity; that alone fixes the word.,inference_one_step,False,False,,ok,not_stated,"Theories are listed, not described as answering anything.",,,contradiction,None of the theories is proven anywhere in the text.,contradiction,The theories multiplied rather than vanished.
jul_2017,2,2,21,4,inference,False,,4,It can be inferred from the last paragraph that Winston Churchill believed that -,riddles are easier to solve than mysteries or enigmas,strange occurrences should be examined rationally,understanding an event will not prevent it from happening again,some phenomena will always be beyond our understanding,named_entity_or_term,p3,2,yes_local,Scan Churchill; the preceding clause 'we may never discover it' frames the quote.,inference_one_step,False,False,,ok,right_words_wrong_relation,Reuses the quote's three nouns to invent a difficulty ranking.,wrong_entity,"The rational-explanation remark is the author's aside, not Churchill's.",not_stated,Recurrence and prevention are never linked in the text.,,
jul_2017,2,2,22,5,explicit_detail,True,,4,Which of the following questions is not answered by the text?,What were the findings of the laboratory examination?,Approximately how many birds fell in Beebe on New Year's Eve 2011?,Have mass deaths of birds occurred in other places?,What made the birds fall from the sky?,none,whole,99,no_locator,"Every option must be tested against the whole text; the answer is the topic itself, never settled.",elimination_only,True,False,,ok,true_but_not_asked,"Lab results are given: impact deaths, no poison or disease.",true_but_not_asked,The text states some three thousand birds.,true_but_not_asked,Paragraph three reports mass deaths in many places.,,
oct_2014,1,1,13,1,reference_word,False,line 5,3,"It can be understood that in line 5, ""First"" refers to the first -",name,child,guideline,choice,line_number,p1-p2,2,yes_local,"The referent is in the sentence closing the previous paragraph, one line above.",inference_one_step,True,False,,ok,right_words_wrong_relation,'Name' is in the same sentence but is what guidelines are about.,wrong_location,Real word from the paragraph's opening sentence.,,,right_words_wrong_relation,'The choice of a name' sits beside 'guidelines' as a decoy antecedent.
oct_2014,1,1,14,2,inference,False,,4,"It can be understood from the second paragraph that, unlike her husband, Michelle Brady -",knew that choosing a name would be difficult,wanted to wait six months before choosing a name,"liked names such as David, Mary and Kevin",wanted to give her child an unusual name,paragraph_number,p2,2,yes_local,One quoted sentence holds both name lists; the whole item is who suggested which.,inference_one_step,False,False,,ok,contradiction,She says she never thought agreeing would be a problem.,right_words_wrong_relation,"Six months is how long it took, not a chosen wait.",wrong_entity,"Those were the husband's suggestions, which she found boring.",,
oct_2014,1,1,15,3,paragraph_purpose,False,,3,The third paragraph is mainly about -,what makes children feel popular,why certain names become popular,finding fashionable children's names,names children like and dislike,paragraph_number,p3,3,needs_paragraph,'Popular' appears three times as bait; the paragraph is about how to find such names.,generalization,True,False,,ok,right_words_wrong_relation,"Feeling popular is a closing consequence, not the topic.",right_words_wrong_relation,"Paragraph says how to find popular names, not why they become popular.",,,half_true,Only what children like is mentioned; dislikes are absent.
oct_2014,1,1,16,4,author_purpose_or_attitude,False,,1,It can be understood from the last paragraph that the author believes parents should not -,try to find unusual spellings for their children's names,correct the way children spell and pronounce their names,worry about giving their children unusual names,give their children names that are too common,ordinal_position,p4,4,needs_paragraph,The 'But' sentence sets the stance; the study at the end confirms it.,paraphrase,True,False,,ok,,,right_words_wrong_relation,"It is the children who must correct other people, not the parents.",contradiction,The author wants parents to worry about exactly this.,wrong_location,"'Too common' is a real criterion, but from paragraph one."
oct_2014,1,1,17,5,title,False,,2,A good title for this text would be -,Helping Your Child Become Popular,Finding a Name for Your Child,Guidelines for Parents Who Often Disagree,Comparing Parents' and Children's Names,none,whole,99,no_locator,Four paragraphs are four naming guidelines; only a broad title covers them.,generalization,True,False,,ok,right_words_wrong_relation,"Popularity is a side effect discussed, not the text's aim.",,,too_narrow,Parental disagreement is the first guideline only.,not_stated,No comparison of parents' and children's names is made.
oct_2014,1,2,18,1,main_idea,False,,4,The main purpose of the text is to -,review a marine zoologist's recent research on Architeuthis,describe the giant squid and compare it to other sea animals,show the importance of Richard Ellis's work on ocean life,discuss a mysterious marine creature and a book written about it,none,whole,99,no_locator,"Paragraph one is the animal, paragraphs two and three the book; both halves must count.",generalization,True,False,,ok,wrong_entity,"Ellis is a painter and cryptozoologist writing a book, not researching.",half_true,Description fits; comparison to other sea animals is one aside.,overreach,Text presents the book; it never argues for its importance.,,
oct_2014,1,2,19,2,inference,False,line 6,1,"It can be inferred that the ""sailors"" mentioned in line 6 -",were killed by giant squid,were searching for octopus,emerged suddenly from out of the depths,did not believe that giant squid existed,line_number,p1,1,yes_local,"'Drag unsuspecting sailors to a watery doom' is the whole basis, in one clause.",inference_one_step,False,False,,ok,,,wrong_entity,The octopus appears only in a parenthetical tentacle count.,right_words_wrong_relation,"The tentacles emerge from the depths, not the sailors.",right_words_wrong_relation,"'Unsuspecting' means caught off guard, not disbelieving."
oct_2014,1,2,20,3,paragraph_purpose,False,,2,The main purpose of the second paragraph is to -,explain why Ellis is fascinated with the giant squid,provide background information about Ellis and his new book,compare Ellis's work with other books on marine monsters,describe how Ellis became a cryptozoologist,paragraph_number,p2,4,needs_paragraph,"Book, author bio and earlier title must be seen together as background.",generalization,True,False,,ok,not_stated,"The obsession is reported, never explained.",,,not_stated,The other book named is his own; no comparison is drawn.,not_stated,He is self-described as one; no becoming is narrated.
oct_2014,1,2,21,4,vocab_in_context,False,line 16,2,"""Subsequently"" (line 16) means -",as a result of becoming a cryptozoologist,following his work on Monsters of the Sea,because he was obsessed with Architeuthis,after he wrote The Search for the Giant Squid,line_number,p2,2,yes_local,The previous sentence names the 1995 book; the word only marks what came after it.,inference_one_step,True,False,,ok,right_words_wrong_relation,"Turns a time marker into a cause, using an earlier label.",,,right_words_wrong_relation,"The obsession follows the word, and is not its cause.",right_words_wrong_relation,"That book is the later product, not the earlier anchor."
oct_2014,1,2,22,5,explicit_detail,False,lines 21-24,1,"The information provided in lines 21-24 (""In fact . . . earth"") -",supports the assumption that sperm whales and giant squid fight,contradicts Ellis's theories about Architeuthis,has no scientific validity and is based mainly on Ellis's imagination,proves that giant squid can be very dangerous,line_number,p3,3,needs_paragraph,Cited lines are only a statistic; the preceding 'undeniable fact' sentence gives their job.,inference_one_step,False,False,,ok,,,contradiction,The fact underpins rather than undermines his account.,wrong_location,"'Little scientific validity' describes the battle scenes, not the statistic.",right_words_wrong_relation,The whales eat the squid; the danger runs the other way.
oct_2014,2,1,13,1,main_idea,False,,2,The main purpose of the text is to -,tell the story of The Red Badge of Courage,describe the life of a famous American author,compare Stephen Crane's work to that of other writers,explain how Stephen Crane's life was marked by tragedy,none,whole,99,no_locator,Five paragraphs each cover a life phase; no single one states the purpose.,generalization,True,False,,ok,too_narrow,The novel is only the hook in paragraph one.,,,not_stated,Other writers appear as friends; no works are compared.,too_narrow,Lifts a verbatim phrase covering one paragraph.
oct_2014,2,1,14,2,paragraph_purpose,False,,2,The main purpose of the second paragraph is to -,describe Stephen Crane's friendships with other great writers,"summarize Stephen Crane's short, dramatic life",show the influence of Stephen Crane's life on his work,explain how Stephen Crane became famous overnight,paragraph_number,p2,6,needs_paragraph,A rapid list of six unrelated facts; only the whole shows it is a life summary.,generalization,True,False,,ok,too_narrow,The famous friends fill one sentence of six.,,,wrong_location,Life-and-work interplay is the next paragraph's subject.,too_narrow,"Overnight fame is asserted in a clause, never explained."
oct_2014,2,1,15,3,paragraph_purpose,False,,2,The main purpose of the third paragraph is to -,present the main subjects of Stephen Crane's work,show the unusual relationship between Stephen Crane's life and his writing,explain why Stephen Crane wrote The Red Badge of Courage,argue that Stephen Crane's work was based on his own experiences,paragraph_number,p3,5,needs_paragraph,The opening 'did the opposite' governs all three examples that follow.,generalization,False,False,,ok,too_narrow,War and a prostitute are examples serving a larger point.,,,not_stated,No reason for writing that novel is given.,contradiction,The paragraph says Crane did the opposite of that.
oct_2014,2,1,16,4,inference,False,,1,It can be understood from the fourth paragraph that Agnes was important to Stephen Crane because she -,encouraged his interest in literature,was his only sister,died at the age of twelve,cared for him when he was a baby,named_entity_or_term,p4,1,yes_local,"Her name occurs once, inside the clause that answers the question.",paraphrase,True,False,,ok,,,not_stated,Sibling count is given but her uniqueness is not.,wrong_entity,"Crane was twelve when she died, not Agnes.",not_stated,No caregiving in infancy is described.
oct_2014,2,1,17,5,inference,False,,3,It can be understood from the last paragraph that Stephen Crane's family did not approve of -,asking questions,strict rules,drinking beer,Crane's friends,ordinal_position,p5,2,yes_local,'Rebelled against strict rules' plus 'shocked people by buying beer' are adjacent.,inference_one_step,True,False,,ok,right_words_wrong_relation,He asks a question at the end; nobody disapproves of that.,right_words_wrong_relation,The family imposed the strict rules he rebelled against.,,,not_stated,A friend is mentioned; no family view of friends appears.
oct_2014,2,2,18,1,main_idea,False,,4,The main purpose of the text is to -,argue that American cigarette companies are more powerful than the U.S. government,explain why American cigarettes are popular all over the world,describe the efforts of American anti-smoking activists,discuss the U.S. government's role in encouraging foreigners to smoke American cigarettes,none,whole,99,no_locator,"Decline, government pressure and outrage only cohere into one purpose across all three.",generalization,True,False,,ok,overreach,Government responded to demands; no power ranking is claimed.,half_true,"Popularity is discussed, but only in East Asia and as background.",too_narrow,Activists frame the story but occupy one paragraph.,,
oct_2014,2,2,19,2,explicit_detail,False,,3,"According to the first paragraph, it is surprising that -",the number of smokers in East Asia keeps growing,many people in the United States have stopped smoking,American cigarette companies are not losing a great deal of money,American cigarettes are so popular in foreign countries,ordinal_position,p1,2,yes_local,The word 'Surprisingly' is itself the scan target and sits beside the answer.,paraphrase,True,False,,ok,true_but_not_asked,Stated in the paragraph but never marked as surprising.,true_but_not_asked,"The decline is the expected premise, not the surprise.",,,true_but_not_asked,"Foreign popularity is the explanation, not the surprise itself."
oct_2014,2,2,20,3,inference,False,,2,"It can be inferred from the second paragraph that in the past, taxes and import tariffs on cigarettes were -",used by the U.S. government to try to reduce smoking in foreign countries,so high that most East Asians could not afford American cigarettes,"higher in America than in China, Japan, South Korea and Taiwan",eliminated in the U.S. as a result of pressure from cigarette companies,paragraph_number,p2,2,needs_paragraph,Text never mentions affordability; the option survives only after the other three fail.,elimination_only,True,False,,ok,right_words_wrong_relation,The barriers were foreign; the US pushed to remove them.,,,not_stated,No US-versus-Asia tax comparison appears.,wrong_entity,"Tariffs were eliminated abroad, not inside the United States."
oct_2014,2,2,21,4,reference_word,False,line 15,2,"In line 15, ""another"" refers to another -",situation,agency,danger,industry,line_number,p2,1,yes_local,'One government agency ... while another' is a single balanced sentence.,inference_one_step,True,False,,ok,wrong_location,'Ironic situation' opens the same sentence as a decoy.,,,right_words_wrong_relation,'Dangers of smoking' is nearby but is not a countable pair.,right_words_wrong_relation,'Cigarette industry' is nearby but is not the paired noun.
oct_2014,2,2,22,5,paragraph_purpose,False,,4,The main purpose of the last paragraph is to -,discuss the efforts of C. Everett Koop and other activists to reduce smoking,describe anti-smoking campaigns in countries where American cigarettes are widely marketed,explain why the U.S. government has begun to warn foreigners about the dangers of smoking,present criticism of the U.S. government's efforts on behalf of the cigarette industry,ordinal_position,p3,3,needs_paragraph,"The quotation's final sentence, blaming the government, carries the paragraph's point.",generalization,True,False,,ok,too_narrow,Protests are one sentence of setup for the quotation.,too_narrow,Lifts a verbatim clause describing where protests occur.,contradiction,The government warns Americans and helps recruit foreigners.,,
oct_2015,1,1,13,1,title,False,,4,A good title for the text is -,The Beauty and Charm of Cats,Cats of the Middle East and Europe,Cats: Beloved House Pets or Evil Animals?,Cats: A Short History,none,whole,99,no_locator,"Nothing to scan for; must weigh all three paragraphs, which are chronological stages.",generalization,False,False,,ok,too_narrow,Quotes 'beauty and charm' from one clause of paragraph one.,too_narrow,Covers only the geography sentence; ignores domestication and medieval sections.,too_narrow,Frames paragraphs one and three as a debate; drops the history spine.,,
oct_2015,1,1,14,2,inference,False,,2,It can be understood from the first paragraph that cat owners -,generally like cats better than they like people,spend less time taking care of their pets than dog owners do,usually own more than one cat,prefer small animals,ordinal_position,p1,1,yes_local,Find 'need less care and attention than some other pets'; one sentence settles it.,inference_one_step,True,False,,ok,not_stated,Nothing about owners' feelings towards people.,,,not_stated,Number of cats per owner never mentioned.,right_words_wrong_relation,"'Small animals' are prey cats chase, not what owners prefer."
oct_2015,1,1,15,3,paragraph_purpose,False,,4,The main purpose of the second paragraph is to discuss -,the species Felis silvestris libyca,how cats were treated in ancient Egypt,cats in different countries,when cats came to be pets,paragraph_number,p2,5,needs_paragraph,Every sentence is a date or stage; only the full paragraph shows the timeline is the point.,generalization,True,False,,ok,too_narrow,The species is named in one clause only.,too_narrow,Egypt is one dated example among several.,too_narrow,Countries appear only in the closing sentence.,,
oct_2015,1,1,16,4,explicit_detail,False,,4,"According to the last paragraph, during the Middle Ages -",cats spread disease,cats were brought to Europe,no cats were allowed in towns and cities,people were afraid of cats,ordinal_position,p3,1,yes_local,'Feared and hated' in the paragraph's first sentence confirms the answer directly.,paraphrase,False,False,,ok,wrong_entity,"Rats spread the disease, not cats.",wrong_location,"Cats reached Europe in paragraph two, centuries earlier.",overreach,'Few cats left' hardened into a formal ban.,,
oct_2015,1,1,17,5,inference,False,,3,It can be understood from the last paragraph that if there had been more cats in the fourteenth century -,more people would have kept them as pets,more people would have practiced witchcraft,fewer people would have died from the Black Plague,fewer people would have lived in towns and cities,ordinal_position,p3,2,yes_local,The final two adjacent sentences give the cats-rats-plague chain; reversing it is one step.,inference_one_step,True,False,,ok,not_stated,Pet-keeping rates in the fourteenth century are never discussed.,right_words_wrong_relation,"Witchcraft caused the killing of cats, not the reverse.",,,right_words_wrong_relation,Reuses 'towns and cities' but links cats to population size.
oct_2015,1,2,18,1,title,False,,4,An appropriate title for this text would be -,How Richard Nixon and Mao Zedong Made History,Rivalry in Sports Between the US and China,Chinese-US Hostility: From 1949 to the Present,Ping Pong Diplomacy: Resolving Conflict through Sports,none,whole,99,no_locator,Must see that paragraph one is only setup for the sports-led thaw in paragraph two.,generalization,True,False,,ok,too_narrow,"Nixon and Mao are endpoints, not the text's subject.",right_words_wrong_relation,Rivalry was political; sport ended it rather than hosting it.,overreach,'To the Present' far exceeds a text stopping in 1972.,,
oct_2015,1,2,19,2,paragraph_purpose,False,,1,The main purpose of the first paragraph is to -,summarize 20 years of relations between the US and the PRC,discuss political alliances in the 1950s and 1960s,explain why the US was hostile towards the PRC,"discuss US relations with the PRC, the Soviet Union, Vietnam, and Korea",ordinal_position,p1,4,needs_paragraph,"'First two decades' opens it, but the span only shows across all four sentences.",generalization,True,False,,ok,,,too_narrow,"Alliances are background detail, not the paragraph's job.",too_narrow,Hostility is mutual and unexplained; only half the paragraph.,overreach,Lists every proper noun present; paragraph tracks only US-PRC relations.
oct_2015,1,2,20,3,vocab_in_context,False,line 11,1,"The phrase ""an improbable means of breaching the divide"" (line 11) could best be restated as -",an unlikely opportunity to improve relations,an unfortunate development in world politics,an unexpected change of plans,an unusual series of mistakes,line_number,p2,2,yes_local,The preceding sentence about mutually advantageous relations fixes 'breaching the divide'.,paraphrase,False,False,,ok,,,contradiction,"The development was welcome, not unfortunate.",half_true,Captures 'improbable' but drops the divide-breaching sense.,half_true,'Unusual' fits; 'mistakes' has no textual support.
oct_2015,1,2,21,4,inference,False,,3,It can be inferred from the second paragraph that the friendly exchange of gifts between Glenn Cowan and Zhuang Zedong -,was meant to be a secret,was arranged by photographers,was welcomed by both the US and China,took place after the championship match,paragraph_number,p2,4,needs_paragraph,"Publicity, Mao's invitation and the US visit must all be read together.",inference_one_step,False,False,,ok,contradiction,Photographers were present and pictures circulated worldwide.,right_words_wrong_relation,Photographers recorded the exchange; they did not stage it.,,,not_stated,Timing relative to the championship match is never given.
oct_2015,1,2,22,5,text_structure,False,,1,Which sequence of events is in the correct order?,the US team visits China → trade relations are initiated → Nixon visits China,Mao Zedong sees the photographs → Nixon visits China → friendly matches take place,photographs are taken → Americans are invited to China → Mao Zedong sees the public relations potential,trade relations are initiated → media talks of ping pong diplomacy → China permits visit of American team,none,p2,5,needs_paragraph,Stem names no anchor; the ordering only emerges from the paragraph's closing chain.,synthesis,True,False,,ok,,,right_words_wrong_relation,"Real events, order scrambled: Nixon placed before the matches.",right_words_wrong_relation,"Mao recognised the potential before inviting, not after.",right_words_wrong_relation,Trade followed the American visit; sequence inverted.
oct_2015,2,1,13,1,paragraph_purpose,False,,3,The first paragraph mainly discusses -,the cost of books in Britain in the 1930s,Lane's early career as a publisher,how Lane's idea took shape,the types of books available at train stations,ordinal_position,p1,6,needs_paragraph,"Station, poor selection, price conviction only add up to 'idea forming' when read whole.",generalization,False,False,,ok,too_narrow,Price is one strand of the paragraph's story.,not_stated,"His career is never narrated, only his current position.",,,too_narrow,"The bookstall selection is the trigger, not the topic."
oct_2015,2,1,14,2,explicit_detail,False,,4,"According to the second paragraph, it was unclear whether -",people would buy books at train stations,people would be willing to pay sixpence for a book,respected authors would agree to work with Penguin Books,Penguin Books would make money,paragraph_number,p2,1,yes_local,'Doubts as to whether the low price would cover production costs' answers it alone.,paraphrase,False,False,,ok,true_but_not_asked,"Station sales are stated as fact, not as a doubt.",right_words_wrong_relation,"The doubt was about costs, not buyers' willingness to pay.",not_stated,Authors appear as a fact; no uncertainty is raised.,,
oct_2015,2,1,15,3,vocab_in_context,False,line 19,1,"In line 19, ""fledgling"" is closest in meaning to -",new,large,struggling,finest,line_number,p2,2,yes_local,'The very next summer' plus first-year sales mark the company as newly founded.,paraphrase,False,False,,ok,,,not_stated,Company size is never described.,contradiction,Same sentence reports staggering sales and substantial profit.,not_stated,"Quality praise attaches to the books, not the firm."
oct_2015,2,1,16,4,explicit_detail,False,,3,"According to the last paragraph, Allen Lane was extremely -",well educated,wealthy,influential,determined,ordinal_position,p3,3,needs_paragraph,"'Legendary', 'most recognisable' and 'shaped the landscape' jointly yield influence.",generalization,False,False,,ok,not_stated,Lane's education is never mentioned anywhere.,not_stated,Company profit is stated; Lane's personal wealth is not.,,,wrong_location,"'Determined' is a real word from paragraph one, not here."
oct_2015,2,1,17,5,inference,False,,2,It can be understood from the text that Penguin books were revolutionary because they were -,"informative, cheap, and attractive","cheap, good, and easy to find","varied, easy to recognise, and replaceable","easy to carry, find, and read",none,p1-p2,5,no_locator,Three attributes sit in three different places; nothing in the stem points anywhere.,synthesis,True,False,,ok,half_true,Cheap is supported; 'informative' and 'attractive' are not the argument.,,,half_true,Recognisable fits; 'replaceable' is never suggested.,half_true,Easy to find fits; portability and readability are unstated.
oct_2015,2,2,18,1,title,False,,4,An appropriate title for this text would be -,The World's Best-Selling Soft Drink,Diet Coke Fans: A Loyal Legion,How to Break the Diet Coke Habit,Diet Coke: Hard to Resist,none,whole,99,no_locator,"Title must cover popularity, addiction, causes and the closing debate.",generalization,True,False,,ok,too_narrow,"Opening sentence only, and about Coke rather than Diet Coke.",too_narrow,Borrows 'legions' from line one; ignores the whole argument.,not_stated,The text never offers advice on quitting.,,
oct_2015,2,2,19,2,paragraph_purpose,False,,2,The main purpose of the first paragraph is to -,describe the soft drink industry,discuss the popularity of Diet Coke,explain why people buy sugar-free drinks,compare Diet Coke and regular Coca-Cola,ordinal_position,p1,4,needs_paragraph,Opening and closing sentences both assert popularity; middle sentences look like other topics.,generalization,True,False,,ok,overreach,An entire industry rather than one product.,,,too_narrow,Calories and taste occupy a single sentence.,not_stated,No comparison between the two products is drawn.
oct_2015,2,2,20,3,inference,False,,1,"According to the second paragraph, someone who drinks more than two liters of Diet Coke a day -",may be considered an addict,has probably never tried to stop,is likely to suffer from headaches,has probably been drinking Diet Coke for many years,paragraph_number,p2,2,yes_local,'Two-liter-plus-a-day drinkers' sits inside the sentence about addiction pleas.,inference_one_step,True,False,,ok,,,contradiction,They post pleas for help and cannot break the habit.,right_words_wrong_relation,"Headaches follow abstinence, not heavy drinking.",not_stated,Duration of the habit is never given.
oct_2015,2,2,21,4,explicit_detail,True,,3,Which of the following is not mentioned in the second paragraph as a symptom of Diet Coke withdrawal?,irritability,tiredness,increased consumption,severe headaches,paragraph_number,p2,3,needs_paragraph,Negative stem: must check all four candidates against the paragraph's withdrawal list.,elimination_only,True,False,,ok,true_but_not_asked,"Irritability is listed, so it fails a not-mentioned stem.",true_but_not_asked,Tiredness is explicitly listed in the paragraph.,,,true_but_not_asked,Severe headaches are the named withdrawal example.
oct_2015,2,2,22,5,inference,False,,1,It can be inferred from the third paragraph that aspartame is -,used instead of sugar,a powerful stimulant,more addictive than caffeine,the main ingredient in Diet Coke,paragraph_number,p3,1,yes_local,"'Aspartame, the artificial sweetener used in the product' is a one-step read.",inference_one_step,False,False,,ok,,,wrong_entity,"Caffeine, not aspartame, is called the stimulant.",overreach,Text ranks nothing; aspartame is only 'suggested' to be addictive.,right_words_wrong_relation,"'Main ingredients' covers all four factors, not aspartame alone."
psy_autumn_2023,1,1,13,1,title,False,,3,An appropriate title for this text would be -,"Snakes, Eagles, and Leopards: The Vervet's Enemies",The Languages of Vervets and Other African Monkeys,Vervets: A Study in Animal Communication,Cheney and Seyfarth: New Research on Animal Behavior,none,whole,99,no_locator,No pointer; must weigh the communication frame against the predator anecdotes.,generalization,True,False,,ok,too_narrow,The three predators are one paragraph of illustration.,half_true,Other African monkeys are mentioned once and never studied.,,,overreach,"Broadens to animal behavior generally, losing the communication focus."
psy_autumn_2023,1,1,14,2,paragraph_purpose,False,,2,The first paragraph communicate through language.,presents evidence that apes and monkeys,introduces the idea that some animals,argues that only humans,explains how vervets,ordinal_position,p1,3,needs_paragraph,Must register that the paragraph poses a question rather than answering it.,generalization,True,False,,ok,overreach,Scientists only attempted to establish this; no evidence is presented.,,,contradiction,The paragraph opens the question rather than restricting language to humans.,wrong_location,How vervets signal is explained in the third paragraph.
psy_autumn_2023,1,1,15,3,paragraph_purpose,False,,3,The main purpose of the second paragraph is to -,describe the vocalizations of African monkeys,describe vervet life in the wild,explain why Cheney and Seyfarth chose to study vervets,discuss the research methods used by Cheney and Seyfarth,paragraph_number,p2,3,needs_paragraph,The topic sentence names 'several reasons'; the rest of the paragraph lists them.,generalization,True,False,,ok,wrong_location,"Vocalizations are described in the third paragraph, not here.",too_narrow,"Vervet life is a reason cited, not the paragraph's aim.",,,not_stated,No research methods are described anywhere in the text.
psy_autumn_2023,1,1,16,4,explicit_detail,True,,1,Which of the following is not mentioned in the third paragraph as one of the vervet's survival strategies?,running to new territory,hiding in bushes,emitting a specific cry,climbing trees,paragraph_number,p3,6,needs_paragraph,"NOT item; and the answer reuses 'run' and 'territory', both present in the passage.",elimination_only,True,False,,ok,,,true_but_not_asked,Hiding in low-lying bushes is the eagle strategy.,true_but_not_asked,A different call precedes each of the three strategies.,true_but_not_asked,Climbing high in trees is the leopard strategy.
psy_autumn_2023,1,1,17,5,reference_word,False,line 20,2,"In line 20, ""the result"" refers to -",a vervet hiding in the trees,a leopard catching a vervet,a vervet being unable to sound an alarm,an eagle attacking a vervet,line_number,p3,2,yes_local,The conditional sentence containing line 20 states the wrong-hiding-place scenario itself.,inference_one_step,False,False,,ok,right_words_wrong_relation,"Trees are the correct response, not the disastrous outcome.",,,not_stated,"The scenario is a wrong call, not an absent one.",wrong_entity,"The sentence is about a leopard, not an eagle."
psy_autumn_2023,1,2,18,1,main_idea,False,,3,The main purpose of the text is to -,explain how to judge the authenticity of a painting,explain why van Gogh's work was imitated by so many artists,discuss the claim that there are many fake van Goghs,discuss a great artist who suffered from severe mental illness,none,whole,99,no_locator,Six paragraphs each feed the fakes claim; no single place carries the answer.,generalization,True,False,,ok,too_narrow,Authenticity method occupies only the fourth paragraph.,not_stated,The text never explains why imitation was widespread.,,,too_narrow,Mental illness is a supporting detail in two sentences.
psy_autumn_2023,1,2,19,2,paragraph_purpose,False,,1,The main purpose of the third paragraph is to -,discuss different types of fake van Goghs,explain how to recognize a real van Gogh,explain how fake van Goghs differ from genuine ones,discuss other artists who admired van Gogh's style,paragraph_number,p3,5,needs_paragraph,Three separate kinds of fake are listed; reading one sentence yields one kind only.,generalization,True,False,,ok,,,wrong_location,Recognition method is the following paragraph's subject.,not_stated,Differences between fake and genuine are never spelled out here.,too_narrow,Admiring imitators are one of the three listed categories.
psy_autumn_2023,1,2,20,3,inference,False,line 18,2,"It can be inferred that the ""theory"" mentioned in line 18 -",was first proposed by van Gogh,may not apply to van Gogh,is accepted only by handwriting experts,is highly individual,line_number,p4-p5,4,needs_paragraph,Line 18 flags a doubt; only the next paragraph supplies the reasons for it.,inference_one_step,False,False,,ok,not_stated,Nobody is credited with proposing the connoisseurship theory.,,,right_words_wrong_relation,"Handwriting experts were an analogy, not the theory's adherents.",right_words_wrong_relation,"'Highly individual' describes the artist's hand, not the theory."
psy_autumn_2023,1,2,21,4,paragraph_purpose,False,,1,The main purpose of the fifth paragraph is to -,explain why it is very difficult to recognize a genuine van Gogh,discuss the effect of van Gogh's mental illness on his work,explain why van Gogh made so many copies of his work,discuss the painting styles with which van Gogh experimented,paragraph_number,p4-p5,5,needs_paragraph,The paragraph's point exists only against the previous paragraph's 'At least this is the theory'.,synthesis,False,False,,ok,,,too_narrow,Mental illness is one of three listed complications.,not_stated,That he made copies is stated; why is not.,too_narrow,Experimentation is another single item on the list.
psy_autumn_2023,1,2,22,5,explicit_detail,False,,3,"According to the last paragraph, Emile Schuffenecker and Dr. Paul Gachet -",are the owners of suspect van Goghs,are the leading experts on van Gogh's work,may have produced fake van Goghs,may have influenced van Gogh's work,ordinal_position,p6,1,yes_local,Scan the two names; the sentence introducing them states 'may have been created by'.,paraphrase,True,False,,ok,right_words_wrong_relation,'Suspect van Goghs' is passage wording; the owner is a company.,right_words_wrong_relation,"Experts appear in the paragraph's first sentence, arguing about fakes.",,,not_stated,Gachet treated him; influence on his work is never claimed.
psy_autumn_2023,2,1,13,1,main_idea,False,,3,The main purpose of the text is to -,discuss why the Norse moved to Greenland,describe the first Norse colonies,explain why the Norse colony in Greenland failed,present the history of the Norse people,none,whole,99,no_locator,The failure arc runs across all four paragraphs; the opening alone suggests the wrong answer.,generalization,True,False,,ok,too_narrow,Motivation for sailing is two sentences of paragraph one.,not_stated,Only one colony is described; 'first colonies' is never discussed.,,,overreach,Far broader than one Greenland settlement over five hundred years.
psy_autumn_2023,2,1,14,2,paragraph_purpose,False,,3,The first paragraph mainly discusses -,why the Norsemen sailed to Greenland,what the Norse found when they arrived in Greenland,the beginning of the Norse settlement in Greenland,the Norse peoples of Scandinavia,ordinal_position,p1,6,needs_paragraph,All three distractors are genuine sub-parts of this paragraph; only the sweep separates them.,generalization,True,False,,ok,too_narrow,Their expectations cover only the middle sentences.,too_narrow,The misnomer discovery is one sentence of the paragraph.,,,too_narrow,Scandinavia appears in the first sentence only.
psy_autumn_2023,2,1,15,3,vocab_in_context,False,line 6,1,It can be inferred from the first paragraph that a misnomer (line 6) is -,an unsuitable name,"a place with fields, pasturelands, and forests",the Norse word for Greenland,a pleasant discovery,line_number,p1,2,yes_local,The colon after 'misnomer' supplies the contradiction with the name Greenland.,inference_one_step,False,False,,ok,,,right_words_wrong_relation,"Lists exactly what the land lacked, not what misnomer means.",not_stated,No Norse vocabulary is discussed anywhere.,contradiction,"The discovery was a disappointment, signalled by 'However'."
psy_autumn_2023,2,1,16,4,paragraph_purpose,False,,3,The main purpose of the second paragraph is to -,discuss the farming methods of the Greenland Norse,explain why the Norse settlement in Greenland was successful at first,show how the Norse way of life was not suited to Greenland,describe how the Greenland Norse overcame harsh living conditions,paragraph_number,p2,5,needs_paragraph,"The topic sentence says 'unsustainable'; the rest lists grazing, cultivation and logging damage.",generalization,True,False,,ok,too_narrow,Overcultivation is one item among several.,wrong_location,Early prosperity belongs to the first paragraph.,,,contradiction,They did not overcome conditions; conditions defeated them.
psy_autumn_2023,2,1,17,5,reference_word,False,lines 15-16,2,"In lines 15-16, ""a factor completely beyond their control"" refers to -",the availability of wood,the weather,fishing conditions,rough seas,line_number,p3,2,yes_local,The very next sentence names clement weather reverting to harshness; that is the factor.,inference_one_step,True,False,,ok,wrong_location,Wood shortage is paragraph two and was self-inflicted.,,,right_words_wrong_relation,"Fishing difficulty is a consequence of the factor, not the factor.",not_stated,"The obstacle described is sea ice, not rough seas."
psy_autumn_2023,2,2,18,1,main_idea,False,,2,The main purpose of the text is to -,discuss changes in the Bonneville Salt Flats from the last ice age to the present,discuss an important national landmark in the U.S.,describe efforts to save a striking landscape in danger of disappearing,discuss the people who are drawn to the Bonneville Salt Flats,none,whole,99,no_locator,"Only the broadest option covers formation, visitors, racing and decline together.",generalization,True,False,,ok,too_narrow,Geological formation is the first paragraph only.,,,too_narrow,Conservation is the closing paragraph only.,too_narrow,Visitors and racers cover two of four paragraphs.
psy_autumn_2023,2,2,19,2,paragraph_purpose,False,,2,The main purpose of the first paragraph is to describe the the Bonneville Salt Flats.,"minerals, lake bed, and crust of",formation and characteristics of,plants and animals found in,seasonal changes that occur in,ordinal_position,p1,6,needs_paragraph,Each distractor names a real sentence of the paragraph; only the umbrella term fits.,generalization,True,False,,ok,too_narrow,Those three nouns come from the formation sentence alone.,,,too_narrow,Habitat is the paragraph's closing clause.,too_narrow,Winter and summer occupy two of the six sentences.
psy_autumn_2023,2,2,20,3,vocab_in_context,False,line 14,1,"A view that is ""unobstructed"" (line 14) is -",clear,dark,uneasy,inactive,line_number,p2,1,yes_local,The phrase 'unobstructed by light pollution' in one sentence settles the meaning.,paraphrase,False,False,,ok,,,right_words_wrong_relation,Borrows 'light pollution' to suggest darkness instead of clarity.,other:morphological_decoy,A negative-prefix adjective with no contextual support.,other:morphological_decoy,Another negative-prefix adjective unrelated to viewing.
psy_autumn_2023,2,2,21,4,explicit_detail,False,,3,"According to the third paragraph, because of the salt, the speedway is -",not stable,thin,not slippery,massive,paragraph_number,p3,1,yes_local,"The traction-and-skidding sentence gives it, but the answer is worded as a negation.",paraphrase,False,False,,ok,contradiction,The pan is described as hardened and smooth.,wrong_location,"The thin salt layer is at the edges, paragraph one.",,,wrong_location,'Massive' described the ancient lake in paragraph one.
psy_autumn_2023,2,2,22,5,explicit_detail,False,,4,"According to the last paragraph, racing -",no longer takes place on the Salt Flats,"is the main cause of ""bad salt""",has become more dangerous because of mineral mining,may be damaging the Salt Flats,ordinal_position,p4,2,yes_local,One sentence lists three possible causes with 'may'; the hedge is the whole answer.,inference_one_step,False,False,,ok,overreach,Many events cancelled is not racing having ceased.,overreach,"Driving is one of three suspects, not the main cause.",right_words_wrong_relation,"Mining threatens the salt, not the racers' safety.",,
psy_autumn_2024,1,1,13,1,title,False,,2,An appropriate title for this text would be -,The Prettiest Lace Ever Made,Queen Anne's Lace: A Wildflower,Making Lace: A Short History,The Life of Queen Anne,none,whole,99,no_locator,Nothing to scan; three options exploit the word 'lace' in the plant's name.,generalization,True,False,,ok,right_words_wrong_relation,Treats the subject as fabric; the text is about a plant.,,,right_words_wrong_relation,Lace-making appears only inside the naming legend.,too_narrow,The queen appears only in the third paragraph's story.
psy_autumn_2024,1,1,14,2,explicit_detail,False,,4,According to the first paragraph Queen Anne's lace -,has a very unpleasant smell,cannot be eaten,is found in very few places,is from the same family as the carrot,paragraph_number,p1,1,yes_local,'Related to the vegetable that we eat' is a single-sentence match.,paraphrase,True,False,,ok,contradiction,"Text says the leaves smell like carrots, neutrally.",not_stated,Edibility of the wildflower itself is never addressed.,contradiction,Text says found in many parts of the world.,,
psy_autumn_2024,1,1,15,3,paragraph_purpose,False,,4,The second paragraph is mainly about -,how to make Queen Anne's lace,flowers and beetles,different wild plants,what Queen Anne's lace looks like,paragraph_number,p2,3,needs_paragraph,Three short descriptive sentences; the beetle simile baits a narrow option.,generalization,True,False,,ok,right_words_wrong_relation,Confuses the plant with the fabric it resembles.,too_narrow,The beetle is one simile in one clause.,not_stated,Only one plant is described anywhere in the text.,,
psy_autumn_2024,1,1,16,4,reference_word,False,line 12,3,"In line 12, ""it"" refers to -",England,lace,wild carrot,one story,line_number,p3,2,yes_local,Previous sentence: Anne saw wild carrot; 'she thought it so pretty' follows.,inference_one_step,True,False,,ok,wrong_entity,"England is the place she travelled to, not what she admired.",wrong_entity,"Lace is what she made afterwards, mentioned later.",,,wrong_entity,"Far antecedent from line 9, and not something pretty."
psy_autumn_2024,1,1,17,5,inference,False,,1,It can be inferred from the text that Queen Anne's lace is -,not really lace,different from wild carrot,difficult to make,usually purple,none,whole,4,no_locator,"Nothing to scan; must hold that the plant only resembles lace, not is it.",inference_one_step,True,False,,ok,,,contradiction,Text says it is often called wild carrot; same plant.,right_words_wrong_relation,"Applies making, which belongs to fabric, to a wildflower.",right_words_wrong_relation,One central flower is purple; the cluster is white.
psy_autumn_2024,1,2,18,1,title,False,,2,An appropriate title for this text would be -,The Fascinating Phenomenon of Prophecy,Cryptic Quatrains: The Nostradamus Debate,The Prophecies: A Window into the Future,The Life and Works of Nostradamus,none,whole,99,no_locator,Nothing to scan; only the hailed-versus-condemned frame across all three paragraphs decides.,generalization,True,False,,ok,overreach,"Takes the opening sentence's frame, far wider than the text.",,,half_true,Endorses the believers' side of a debate the text keeps open.,overreach,Biography is one clause: sixteenth-century physician.
psy_autumn_2024,1,2,19,2,vocab_in_context,False,line 4,2,"In line 4, ""veritable"" is closest in meaning to -",experienced,genuine,strict,imprecise,line_number,p1,1,yes_local,Same clause contrasts 'veritable prophet' with 'condemned as a fraud'.,inference_one_step,False,False,,ok,other:wrong_sense,"Plausible praise word, but the contrast is truth versus fraud.",,,other:wrong_sense,Unrelated sense; nothing about strictness here.,wrong_location,"'Imprecise' is lifted from line 17, about the quatrains."
psy_autumn_2024,1,2,20,3,explicit_detail,True,,3,Which of the following is not mentioned in the second paragraph as a characteristic of Nostradamus's quatrains?,Their meaning is unclear.,They consist of four lines.,They contain detailed predictions.,They are not arranged in chronological order.,paragraph_number,p2,4,needs_paragraph,Four characteristics are spread over four sentences; all must be checked.,elimination_only,True,False,,ok,true_but_not_asked,"'Vague, even cryptic' is stated in line 9.",true_but_not_asked,"'Rhymed four-line verses called quatrains', line 7.",,,true_but_not_asked,"'Not arranged in chronological order', line 10."
psy_autumn_2024,1,2,21,4,explicit_detail,False,,1,"According to the last paragraph, Nostradamus -",predicted things that were sure to occur,has more supporters than critics,made predictions that were incorrect,was not a particularly good writer,ordinal_position,p3,1,yes_local,'All of which inevitably occur over the course of history' is decisive alone.,paraphrase,True,False,,ok,,,not_stated,No tally of supporters against critics is given.,right_words_wrong_relation,"Critics call them untestably vague, not wrong.",right_words_wrong_relation,Recasts deliberate imprecision as poor writing skill.
psy_autumn_2024,1,2,22,5,inference,False,line 16,1,It can be inferred that the sources mentioned in line 16 -,believe Nostradamus was a fraud,cannot explain why Nostradamus was able to predict certain events,have devoted themselves to interpreting Nostradamus's work,do not think Nostradamus wrote The Prophecies,line_number,p3,2,yes_local,'Deliberately wrote ... imprecise language' at the cited line implies intentional deception.,inference_one_step,True,False,,ok,,,contradiction,"They do explain the hits away, as vagueness plus hindsight.",wrong_entity,Interpreting is what the enthusiasts of line 13 do.,right_words_wrong_relation,"They say he wrote them deliberately, not that he did not."
psy_autumn_2025,1,1,13,1,title,False,,4,An appropriate title for this text would be -,Eighty Eight's Special Post Office,Eighty Eight: Life in a Kentucky Community,What Happened in Eighty Eight in 1988?,Eighty Eight: An Unusual Town Name,none,whole,99,no_locator,Nothing to scan for; must weigh what every paragraph is ultimately about.,generalization,True,False,,ok,too_narrow,"Post office is a vehicle, covered only in paragraphs 2 and 4.",not_stated,Text never describes daily life in the community.,too_narrow,1988 is only the final paragraph.,,
psy_autumn_2025,1,1,14,2,paragraph_purpose,False,,2,The main purpose of the second paragraph is to -,explain why 88 was officially changed to Eighty Eight,explain how the town got its name,discuss Dabnie Nunnally's duties,introduce the town's first postmaster,paragraph_number,p2,5,needs_paragraph,Landing on the postmaster sentence alone points straight at wrong options 3 and 4.,generalization,True,False,,ok,too_narrow,Name change is one clause; paragraph never explains why.,,,too_narrow,"His mail duties are background, not the paragraph's point.",too_narrow,Nunnally is introduced only to explain the naming.
psy_autumn_2025,1,1,15,3,paragraph_purpose,False,,1,The main purpose of the third paragraph is to discuss -,an event that brought Eighty Eight to the public's attention,stories about small towns that appeared in Ripley's Believe It or Not!,voting patterns among Eighty Eight's residents,changes that occurred in Eighty Eight between the 1860s and 1948,paragraph_number,p3,4,needs_paragraph,Must read whole paragraph; the vote detail alone invites the voting-patterns option.,generalization,False,False,,ok,,,not_stated,"Only one Ripley's item is mentioned, not stories about small towns.",right_words_wrong_relation,Turns a one-off vote coincidence into a residents' voting pattern.,not_stated,Dates are real but no changes over that period are discussed.
psy_autumn_2025,1,1,16,4,inference,False,,1,"The ""surge of interest"" described in the last paragraph was not surprising because -","it took place in a year that ended in ""88""",many envelopes were mailed on 8/8/88,the postmistress was replaced in 1988,it was difficult to get a postmark from Eighty Eight,quoted_phrase,p4,2,yes_local,"Scan 'surge of interest'; the same sentence names 1988, town is called Eighty Eight.",inference_one_step,True,False,,ok,,,right_words_wrong_relation,A consequence of the surge offered as its cause.,right_words_wrong_relation,Misreads 'retire her old inkpad' as the postmistress being replaced.,not_stated,"Text implies postmarks were easy to obtain, never difficult."
psy_autumn_2025,1,1,17,5,vocab_in_context,False,line 23,3,"In line 23, ""volume"" could best be replaced by -",type,value,amount,appearance,line_number,p4,1,yes_local,Find line 23; 'such was the volume ... that she had to' fixes quantity.,paraphrase,False,False,,ok,other:wrong_sense,"Kind of mail, not how much; sentence measures quantity.",other:wrong_sense,"Common alternate sense of volume, unsupported here.",,,other:wrong_sense,No discussion of how the mail looked.
psy_autumn_2025,1,2,18,1,vocab_in_context,False,,3,Which of the following words or phrases in the first paragraph means something different from the others?,thoughts,silent speech,output-input,internal monologue,paragraph_number,p1,4,needs_paragraph,Must compare all four terms in context; no single sentence decides.,elimination_only,True,False,,ok,other:same_meaning_group,Belongs to the inner-speech synonym set with 2 and 4.,other:same_meaning_group,Belongs to the inner-speech synonym set with 1 and 4.,,,other:same_meaning_group,Belongs to the inner-speech synonym set with 1 and 2.
psy_autumn_2025,1,2,19,2,vocab_in_context,False,line 10,1,"In line 10, ""all but undetectable"" is closest in meaning to -",not easy to see,always present,unpredictable,immeasurable,line_number,p2,1,yes_local,Line 10 'movements are so subtle that' supplies the meaning directly.,paraphrase,False,False,,ok,,,other:idiom_misread,"Reads 'all but' as 'all', flipping the idiom's meaning.",not_stated,Nothing about unpredictability of the muscle movements.,overreach,"Absolute; text says subtle, and sensors do measure them."
psy_autumn_2025,1,2,20,3,text_structure,False,,4,Which of the following best summarizes the process by which AlterEgo works?,the user silently addresses AlterEgo → algorithms analyze electrical signals to recreate words → AI selects an appropriate response → AlterEgo sends the response to the user,"a question occurs to the user → sensors in AlterEgo ""hear"" the question → EEG and EMG answer the question → AlterEgo sends the answer back to the user",the user wants to perform a task → AlterEgo transmits the request → EEG sensors transmit information to EMG sensors → AI determines the response,the user forms words silently → sensors in AlterEgo detect signals reaching facial muscles → algorithms analyze data to identify the user's words → AlterEgo converts thoughts into actions,named_entity_or_term,p2,6,needs_paragraph,Must read the whole 'So how does AlterEgo work?' sequence to check step order.,synthesis,True,False,,ok,right_words_wrong_relation,"Adds AI choosing a response; device relays words, not answers.",right_words_wrong_relation,Sensors 'hear'; EEG and EMG made to answer questions.,right_words_wrong_relation,Invents EEG feeding EMG; both feed the AI in parallel.,,
psy_autumn_2025,1,2,21,4,inference,False,line 22,2,"It can be inferred that ""auditory feedback"" (line 22) -",is AlterEgo's main feature,can be heard by the user,is what enables a computer to read thoughts,improves AlterEgo's speed,line_number,p3,1,yes_local,Line 22 names bone-conduction headphones; hearing follows immediately.,inference_one_step,False,False,,ok,overreach,Text ranks nothing as AlterEgo's main feature.,,,right_words_wrong_relation,"Reverses direction: feedback is output, thought-reading is input.",not_stated,Speed is never discussed anywhere in the text.
psy_autumn_2025,1,2,22,5,explicit_detail,True,,2,Which of the following is not a reason that a person might use AlterEgo?,to access information without outward action,to conduct an internal monologue,to ask questions without disturbing people,to articulate thoughts out loud,named_entity_or_term,whole,99,needs_whole_text,Negative stem: each of four options must be hunted separately across the text.,elimination_only,True,False,,ok,true_but_not_asked,"Stated in paragraph 3; a genuine reason, so not the answer.",,,true_but_not_asked,Silent operation is the device's premise; a genuine reason.,true_but_not_asked,Stated for speech-impaired users; a genuine reason.
psy_autumn_2025,2,1,13,1,explicit_detail,True,,4,Which of the following statements about Burushaski is not made in the text?,No other known language is similar to it.,There are no records of Burusho longevity written in it.,Its written form is relatively new.,It does not have words for health problems.,named_entity_or_term,p1-p2,4,needs_paragraph,Burushaski appears in two paragraphs; all three true options must be located.,elimination_only,False,False,,ok,true_but_not_asked,Paraphrases line 4-5 on the language being unrelated.,true_but_not_asked,Paraphrases line 8-9 on absent documents.,true_but_not_asked,Paraphrases line 8 on the recent written form.,,
psy_autumn_2025,2,1,14,2,inference,False,,2,Which of the following statements about the Burusho can be inferred from the first paragraph?,They are one of many small ethnic groups that live in the Hunza Valley.,Not many people came into contact with them before 1978.,Their language is one of the oldest in the world.,They helped build the Karakoram Highway.,paragraph_number,p1,2,yes_local,'One of the most remote regions until 1978' settles it in one sentence.,inference_one_step,True,False,,ok,right_words_wrong_relation,"Text says 'a small ethnic group', not one of many groups.",,,not_stated,Unrelated to other languages does not mean oldest.,not_stated,Highway is real; Burusho involvement in building it is invented.
psy_autumn_2025,2,1,15,3,explicit_detail,False,,3,"According to the third paragraph, apricots -",can not be grown in hilly terrain,are difficult to grow in the Hunza Valley,are believed to play an important role in the Burusho people's health,are eaten by the Burusho more in the summer than in the winter,paragraph_number,p3,2,yes_local,'Highlighted as a major contributor to the robust health' is decisive alone.,paraphrase,True,False,,ok,right_words_wrong_relation,"Borrows 'hilly terrain' from the walking sentence, not growing.",contradiction,Text says many crops flourish in the valley's fertile soil.,,,right_words_wrong_relation,Text says eaten year round; invents a summer-winter quantity comparison.
psy_autumn_2025,2,1,16,4,paragraph_purpose,False,,1,The last paragraph mainly -,explains how apricot soup is made,explains why soup is a Burusho delicacy,describes the frigid winters in the Hunza Valley,discusses the nutritional value of bataring daudo,ordinal_position,p4,6,needs_paragraph,Purpose question; must weigh the recipe sentences against the framing sentences.,generalization,True,False,,ok,,,contradiction,"Text says less of a delicacy, more of a survival strategy.",too_narrow,"Frigid winter is one passing clause, not the point.",wrong_location,Nutritional value is discussed for apricots in paragraph 3.
psy_autumn_2025,2,1,17,5,inference,False,,2,It can be inferred from the last paragraph that during the winter -,the Burusho leave the Hunza Valley,few kinds of food are available in the Hunza Valley,fuel for cooking must be brought in through the Karakoram Highway,the Burusho have no access to water,ordinal_position,p4,2,needs_paragraph,"'Lean seasons with scant resources' is at the paragraph's end, far from 'winter'.",inference_one_step,False,False,,ok,not_stated,No migration is mentioned anywhere in the text.,,,not_stated,Cooking fuel never discussed; borrows the highway from paragraph 1.,contradiction,The recipe itself boils apricots and mixes flour with water.
psy_autumn_2025,2,2,18,1,paragraph_purpose,False,,1,The main purpose of the first paragraph is to -,describe the first European encounter with cochineal,explain how cochineal is produced,describe the purpose of Cortés's expedition to the New World,discuss the uses of red dye,paragraph_number,p1,3,needs_paragraph,Must see the paragraph as one scene: Spaniards first glimpsing the red cloth.,generalization,True,False,,ok,,,wrong_location,"Extraction technique appears in paragraph 2, not here.",not_stated,The expedition's purpose is never given in the text.,too_narrow,Uses of the dye are one closing clause of the paragraph.
psy_autumn_2025,2,2,19,2,explicit_detail,False,,1,"According to the second paragraph, cochineal dye became a sensation in Europe because -",of its vibrant color,of its limited availability,it was inexpensive,it was a natural substance,paragraph_number,p2,3,yes_local,Scan 'sensation'; same sentence says the shade was deemed the perfect red.,paraphrase,True,False,,ok,,,right_words_wrong_relation,"Scarcity described European reds generally, not cochineal's appeal.",contradiction,Text calls it a lucrative luxury commodity.,true_but_not_asked,Lifts 'natural substances' from the sentence about rival dyes.
psy_autumn_2025,2,2,20,3,reference_word,False,line 12,2,"In line 12, ""they"" refers to the -",Aztecs,insects,artists,techniques,line_number,p2,2,yes_local,Only the preceding sentence is needed; dried insects are what yield the shade.,inference_one_step,True,False,,ok,wrong_entity,Aztecs owned the technique; they do not yield a shade.,,,wrong_entity,"Artists appear only after the pronoun, and they buy it.",wrong_entity,"Technique is the method, not the source of the pigment."
psy_autumn_2025,2,2,21,4,paragraph_purpose,False,,3,The main purpose of the third paragraph is to -,discuss why Spain wanted to keep cochineal extraction a secret,explain why Thiéry's plan failed,describe efforts to control the production of cochineal,describe the spread of cochineal production to other European countries,paragraph_number,p3,6,needs_paragraph,Both halves needed: Spain guarding the monopoly and others trying to break it.,generalization,False,False,,ok,too_narrow,"Covers only the paragraph's first half; motive is stated, not discussed.",too_narrow,"Thiery is the closing example, not the paragraph's business.",,,wrong_location,Spread to other countries happens in paragraph 4.
psy_autumn_2025,2,2,22,5,inference,False,line 27,1,"It can be inferred that ""synthetic dyes"" (line 27) -",fade more easily than cochineal,were developed by Spain,are brighter than cochineal,are produced mainly in Peru,line_number,p2-p4,2,needs_whole_text,Must link line 27 'more affected by heat and light' to line 8 'tended to fade'.,synthesis,True,False,,ok,,,wrong_entity,Spain is losing control here; it did not develop synthetics.,not_stated,Brightness of synthetics is never compared to cochineal.,wrong_entity,"Peru farms the insect, not the synthetic dyes."
psy_spring_2023,1,1,13,1,title,False,,4,An appropriate title for this text would be -,"Great Chefs, Great Discoveries",From Veal Stock to Dashi: A World of Extraordinary Cooking,Umami: The Four Categories of Taste,In Search of the Fifth Flavor,none,whole,99,no_locator,Both Escoffier and Ikeda plus the modern confirmation must be seen as one search.,generalization,True,False,,ok,half_true,"Ikeda is a chemist, and only one chef appears.",too_narrow,Two food details promoted into a title about cooking.,contradiction,"Umami is the fifth taste, not one of four.",,
psy_spring_2023,1,1,14,2,paragraph_purpose,False,,2,The main purpose of the first paragraph is to discuss -,Escoffier's career as a chef,what made Escoffier's cooking special,the most glamorous restaurant in Paris,the four main categories of taste,ordinal_position,p1,5,needs_paragraph,"Veal stock, the four flavors and the new category all serve one point about his cooking.",generalization,False,False,,ok,overreach,No career is traced; only one restaurant and one method.,,,too_narrow,The restaurant is the opening clause only.,too_narrow,"The four flavors are the foil, not the subject."
psy_spring_2023,1,1,15,3,explicit_detail,False,,4,"According to the second paragraph, dashi -",is the fifth category of taste,does not contain glutamic acid,was discovered by Ikeda,is a traditional Japanese food,paragraph_number,p2,1,yes_local,Scan 'dashi'; the appositive 'a classic Japanese soup' answers immediately.,paraphrase,True,False,,ok,right_words_wrong_relation,Umami is the fifth taste; dashi is only the soup.,contradiction,Its flavor is attributed precisely to glutamic acid.,right_words_wrong_relation,"Ikeda discovered the flavor, not the traditional soup.",,
psy_spring_2023,1,1,16,4,paragraph_purpose,False,,4,The main purpose of the last paragraph is to -,show why it took a hundred years for umami to be recognized,compare umami with the other four tastes,explain how human taste receptors function,present confirmation of umami,ordinal_position,p3,4,needs_paragraph,'Their findings confirmed' is the hinge; the receptor detail is only support.,generalization,True,False,,ok,right_words_wrong_relation,"The century gap is stated, never explained.",too_narrow,"The four tastes appear once, as a contrast clause.",not_stated,"Receptor function is named, not explained.",,
psy_spring_2023,1,1,17,5,inference,False,,1,It can be inferred from the last paragraph that the human tongue.,taste receptors are found on,L-glutamate is part of,umami is not always recognized by,identifying taste is the main function of,ordinal_position,p3,2,yes_local,The tongue sentence plus the receptor sentence give the inference directly.,inference_one_step,True,False,,ok,,,right_words_wrong_relation,L-glutamate is in food; the tongue only has receptors for it.,right_words_wrong_relation,Misreads 'not identifiable as the four tastes' as non-recognition.,overreach,'Main function' is a claim the paragraph never makes.
psy_spring_2023,1,2,18,1,explicit_detail,False,,2,"According to the first paragraph, malaria kills -",ten percent of the world's population,at least one million people each year,most children under five in Africa,everyone who gets the disease,ordinal_position,p1,1,yes_local,One sentence gives the fatality figure; the trap is the neighbouring ten-percent figure.,paraphrase,True,False,,ok,right_words_wrong_relation,"Ten percent are affected by malaria, not killed.",,,right_words_wrong_relation,"Most victims are young children, not most children.",overreach,Absolute claim; the text gives a partial fatality rate.
psy_spring_2023,1,2,19,2,inference,False,,2,It can be inferred from the text that pharmaceutical companies are -,associated with the World Health Organization and the United Nations,more concerned with financial issues than humanitarian ones,investing heavily in the development of new treatments for malaria,pursuing cost-effective means of reducing the incidence of malaria,named_entity_or_term,p2,2,yes_local,Scan 'pharmaceutical companies'; their sentence names inability to pay as the reason.,inference_one_step,False,False,,ok,right_words_wrong_relation,'On the other hand' separates them from those bodies.,,,contradiction,They are described as reluctant to fund research.,right_words_wrong_relation,"'Cost-effective' belongs to the argument, not to the companies."
psy_spring_2023,1,2,20,3,vocab_in_context,False,line 10,4,"In line 10, ""reluctant"" is closest in meaning to -",forced,allowed,enthusiastic,unwilling,line_number,p2,1,yes_local,The clause about unpayable treatment fixes the word's negative sense at once.,paraphrase,False,False,,ok,not_stated,No compulsion of the companies is described.,not_stated,Permission is irrelevant to the sentence's logic.,contradiction,Reverses the polarity the following clause requires.,,
psy_spring_2023,1,2,21,4,paragraph_purpose,False,,2,The main purpose of the last paragraph is to -,suggest ways in which funds for combating malaria might be raised,argue that extensive funding is needed in order to save both money and lives,compare the cost of preventing malaria with that of treating it,describe the program needed to eliminate malaria in Africa,ordinal_position,p3,5,needs_paragraph,The two-billion and twelve-billion figures only make an argument when read together.,generalization,True,False,,ok,not_stated,No fundraising method is proposed anywhere.,,,right_words_wrong_relation,"The comparison is cost against savings, not prevention against treatment.",not_stated,"The program is priced, never described."
psy_spring_2023,1,2,22,5,title,False,,2,An appropriate title for this text would be -,Winning the Fight Against Malaria: International Initiatives Against Disease,Saving Lives and Money: The Battle Against Malaria,World Health Organization Programs: Rolling Back Malaria,Controlling Parasitic Diseases in Sub-Saharan Africa,none,whole,99,no_locator,Must combine the economic argument with the human toll across all three paragraphs.,generalization,True,False,,ok,contradiction,The text says current efforts will not make headway.,,,too_narrow,Roll Back Malaria is one example sentence.,overreach,Widens to all parasitic diseases; only malaria is treated.
psy_spring_2023,2,1,13,1,paragraph_purpose,False,,1,The main purpose of the first paragraph is to discuss -,what sign language is and who uses it,several different sign languages,the movements and signs in sign language,how meaning is conveyed in sign language,ordinal_position,p1,3,needs_paragraph,Definition plus two user groups; one sentence gives only half the purpose.,generalization,True,False,,ok,,,wrong_location,Different sign languages appear in later paragraphs.,too_narrow,Hand and face movement is the definition's first clause.,wrong_location,How meaning is conveyed is the third paragraph's subject.
psy_spring_2023,2,1,14,2,paragraph_purpose,False,,4,The main purpose of the second paragraph is to -,discuss l'Epée's work with deaf children,introduce French Sign Language,discuss the sign languages that existed in the mid-eighteenth century,present the early history of sign language,paragraph_number,p2,4,needs_paragraph,The arc runs l'Epee to French Sign Language to ASL; any one sentence is a distractor.,generalization,True,False,,ok,too_narrow,L'Epee's teaching is the paragraph's starting point only.,too_narrow,French Sign Language occupies one later sentence.,not_stated,"Only one system is said to exist then, not several.",,
psy_spring_2023,2,1,15,3,explicit_detail,True,,4,Which of the following is not mentioned in the third paragraph as a way in which a person using ASL conveys meaning?,raising eyebrows,leaning forward,fingerspelling,changing word order,paragraph_number,p3,5,needs_paragraph,"NOT item, and the false option is verbatim passage wording assigned to English speakers.",elimination_only,True,False,,ok,true_but_not_asked,Raised eyebrows are listed as an ASL question marker.,true_but_not_asked,Tilting the body forward is listed too.,true_but_not_asked,Fingerspelling is used for names of people and places.,,
psy_spring_2023,2,1,16,4,inference,False,line 14,1,It can be inferred from the third paragraph that a non-manual signal (line 14) is one that -,does not involve the use of hands,has only one meaning,must be spelled out one letter at a time,follows the rules of syntax and grammar,line_number,p3,2,yes_local,The 'handshape ... and non-manual' contrast in one sentence supplies the whole answer.,inference_one_step,False,False,,ok,,,not_stated,Nothing about how many meanings a signal carries.,right_words_wrong_relation,Borrows fingerspelling from the neighbouring sentence.,right_words_wrong_relation,"Syntax and grammar describe ASL as a whole, not this term."
psy_spring_2023,2,1,17,5,explicit_detail,True,,1,"According to the last paragraph, ASL is influenced by all of the following except -",the rhythm of other languages,local idioms,cultural factors,personality and gender,ordinal_position,p4,5,needs_paragraph,"EXCEPT item; 'rhythm' is present but as rhythm of signing, not of other languages.",elimination_only,True,False,,ok,,,true_but_not_asked,Idiomatic expressions are named as a source of variation.,true_but_not_asked,Cultural background is listed explicitly.,true_but_not_asked,Gender and character traits are both listed.
psy_spring_2023,2,2,18,1,main_idea,False,,2,The main purpose of the text is to discuss -,a theory of trigonometry and its origins,an archaeological find and its significance,the ancient Babylonians and their number system,Mansfield and Wildberger's mathematical works,none,whole,99,no_locator,"Only the broadest framing covers discovery, hypothesis and the superiority claim.",generalization,True,False,,ok,overreach,Trigonometry's own origins are not the subject.,,,too_narrow,Base-60 is one argument in the closing paragraph.,not_stated,Their wider mathematical work is never described.
psy_spring_2023,2,2,19,2,explicit_detail,False,,1,"According to the second paragraph, allowed Mansfield and Wildberger to determine what P322 was.",the missing part of the fourth column,the measurements of right triangles,the Greek trigonometric table,the picture of P322,paragraph_number,p1-p2,3,needs_paragraph,Paragraph two says 'reconstruction'; only paragraph one identifies it as the fourth column.,synthesis,True,False,,ok,,,true_but_not_asked,Scholars saw this in the 1940s without understanding the tablet.,wrong_location,"The Greek tables serve the later comparison, not the identification.",right_words_wrong_relation,The picture only raised suspicion; the reconstruction convinced them.
psy_spring_2023,2,2,20,3,paragraph_purpose,False,,1,The main purpose of the last paragraph is to -,present a distinguishing feature of P322,compare the base-60 number system with the base-10 system,explain why the Greeks did not use the P322 trigonometric table,explain why the base-60 number system enables more precise calculations,ordinal_position,p4,4,needs_paragraph,"Base-60 is the reason offered for the superiority claim, not the paragraph's own topic.",generalization,False,False,,ok,,,too_narrow,"The base comparison is the supporting step, not the aim.",not_stated,Greek non-use of P322 is never raised.,not_stated,"Greater precision is asserted, never explained."
psy_spring_2023,2,2,21,4,explicit_detail,False,line 25,1,"The last paragraph mentions ""measuring time"" (line 25) in order to -",illustrate the number system used by the Babylonians,explain the relationship between the measurement of time and trigonometry,argue that our system for measuring time was developed by the Babylonians,describe how the Greeks measured time,line_number,p4,2,yes_local,The clock example sits inside the base-60 sentence; its illustrative role is local.,inference_one_step,True,False,,ok,,,not_stated,No link between timekeeping and trigonometry is drawn.,overreach,"The text says base-60 survives, not that Babylonians invented our clock.",wrong_entity,Greek timekeeping is never mentioned at all.
psy_spring_2023,2,2,22,5,inference,False,,2,"According to the text, which of the following statements do Mansfield and Wildberger disagree with?",Trigonometry is concerned with the sides of right triangles.,Trigonometric tables must include information about the angles of right triangles.,The Greeks were not the first to develop trigonometric tables.,Babylonian mathematicians were not familiar with the base-10 system.,named_entity_or_term,p2-p3,5,needs_whole_text,Each option tests a different part of their position; all must be checked to find the denial.,inference_one_step,True,False,,ok,true_but_not_asked,"This is exactly what they assume, not what they deny.",,,contradiction,They actively argue the Babylonians came first.,not_stated,Babylonian awareness of base-10 is never discussed.
psy_spring_2024,1,1,13,1,title,False,,4,An appropriate title for the text would be -,From Shakespeare to Facebook: The History of the English Language,The Plays of William Shakespeare: Language Perfected,Evidence of Greatness: Shakespeare's Language Reinterpreted,Lessons from Shakespeare: Helping the English Language to Evolve,none,whole,99,no_locator,Nothing to scan; the 'teaches us' and 'continues to evolve' frame is the last paragraph.,generalization,True,False,,ok,overreach,Facebook is one aside; the text is no history of English.,right_words_wrong_relation,Plays are only sources of phrases; nothing is 'perfected'.,not_stated,No reinterpretation of Shakespeare's language occurs.,,
psy_spring_2024,1,1,14,2,explicit_detail,True,,2,Which of the following strategies for creating new words is not mentioned in the second paragraph?,creating English versions of words from other languages,replacing prefixes with suffixes,connecting two words that already exist,using words in new ways,paragraph_number,p2,8,needs_paragraph,Four methods across a long paragraph; the trap flips 'adding' into 'replacing'.,elimination_only,True,False,,ok,true_but_not_asked,Anglicizing 'critic' from Greek is stated in line 11.,,,true_but_not_asked,"Combining two words, the 'watchdog' example.",true_but_not_asked,"Using nouns as verbs, the 'friend' example."
psy_spring_2024,1,1,15,3,inference,False,,1,It can be inferred from the second paragraph that Shakespeare used suffixes -,to alter the meaning of existing words,more extensively than other methods of inventing new words,instead of prefixes whenever possible,to anglicize words,paragraph_number,p2,3,needs_paragraph,"The 'altering existing words' framing opens the paragraph, far from the suffix sentence.",inference_one_step,True,False,,ok,,,not_stated,No method is ever ranked by frequency.,contradiction,Text says he added prefixes and suffixes both.,wrong_location,"Anglicizing is a separate method, the 'critic' sentence."
psy_spring_2024,1,1,16,4,paragraph_purpose,False,,4,The main purpose of the last paragraph is to -,introduce a new English word,describe a Shakespearean scholar's work,present David Crystal's criticism of the Oxford English Dictionary,show that today's English speakers continue to follow Shakespeare's example,ordinal_position,p3,4,needs_paragraph,"Quote plus 'selfie' must be read as one argument, not two separate facts.",generalization,True,False,,ok,too_narrow,"'Selfie' is the example, not the paragraph's business.",too_narrow,Crystal is quoted; his work is never described.,not_stated,No criticism of the dictionary appears; the choice is approved.,,
psy_spring_2024,1,1,17,5,inference,False,,4,It can be inferred from the last paragraph that David Crystal -,is one of the editors of the Oxford English Dictionary,believes that breaking the rules of language is irresponsible,thinks Shakespeare invented too many words,"approves of the word ""selfie""",named_entity_or_term,p3,4,needs_paragraph,Must carry Crystal's 'make one up' quote forward to the 'selfie' sentence two later.,inference_one_step,True,False,,ok,wrong_entity,He is a Shakespearean scholar; the OED editors are a separate group.,contradiction,He urges daring to push the rules.,contradiction,He praises invention rather than deploring it.,,
psy_spring_2024,1,2,18,1,title,False,,2,An appropriate title for this text would be -,Pain Relievers: Advantages and Disadvantages,Feeling Pain and Dealing With It,The Nature of Chronic Pain,Pain: A Complex Chemical Reaction,none,whole,99,no_locator,"Nothing to scan; must see the two-part build, mechanism then medication.",generalization,True,False,,ok,half_true,Advantages are covered; no disadvantages are given.,,,too_narrow,'Chronic illnesses' is one clause of paragraph 3.,too_narrow,"Covers paragraph 1 only, dropping the medications."
psy_spring_2024,1,2,19,2,paragraph_purpose,False,,2,The main purpose of the first paragraph is to -,describe different kinds of pain,explain what causes the sensation of pain,describe the role of prostaglandins in the body,explain how the brain responds to pain,paragraph_number,p1,4,needs_paragraph,The paragraph is one causal chain; any single link baits a narrower option.,generalization,True,False,,ok,not_stated,No kinds of pain are distinguished in this paragraph.,,,too_narrow,Prostaglandins are one link in the chain.,right_words_wrong_relation,The brain receiving the signal is the pain; no response is described.
psy_spring_2024,1,2,20,3,explicit_detail,False,,4,"According to the second paragraph, pain relievers -",should not be taken too often,are more effective against disease than injury,send healing signals to the brain,do not remove the source of the pain,paragraph_number,p2,1,yes_local,'Cannot cure disease or heal an injury' in one sentence settles it.,paraphrase,False,False,,ok,not_stated,Dosage or frequency is never discussed.,right_words_wrong_relation,Disease and injury are lifted; the sentence denies both equally.,right_words_wrong_relation,They disrupt signals; 'healing' is borrowed from 'heal an injury'.,,
psy_spring_2024,1,2,21,4,reference_word,False,line 15,1,"""They"" (line 15) refers, among other things, to -",codeine,anti-inflammatory drugs,aspirin,damaged cells,line_number,p2-p3,2,needs_whole_text,Local reading yields 'narcotics'; only paragraph 2 names codeine as one.,synthesis,True,False,,ok,,,right_words_wrong_relation,"NSAIDs are the class explicitly contrasted, acting 'in a different way'.",wrong_entity,"Aspirin is listed as an NSAID, not a narcotic.",wrong_entity,Damaged cells belong to the NSAID mechanism.
psy_spring_2024,1,2,22,5,inference,False,,1,It can be inferred from the text that ibuprofen -,reduces the production of prostaglandins,remains in the body long after it is taken,is the best pain reliever,should not be used together with morphine,named_entity_or_term,p2-p3,2,needs_whole_text,Scanning 'ibuprofen' finds only the class list; the mechanism is a paragraph away.,synthesis,True,False,,ok,,,right_words_wrong_relation,'As long as they remain active' says nothing about a long time.,overreach,No medication is ranked best anywhere.,contradiction,Text says a combination can work better than either alone.
psy_spring_2024,2,1,13,1,main_idea,False,,4,The main purpose of the text is to -,compare the characteristics of beneficial and harmful habits,"explain the brain's role in establishing cues, routines and rewards",present an example of a habit loop that is difficult to change,discuss how habits are formed and how to change them,none,whole,99,no_locator,Nothing to scan; formation and change are the first and last paragraphs together.,generalization,True,False,,ok,right_words_wrong_relation,Beneficial and harmful appear in line 2; no comparison follows.,too_narrow,The brain's anticipation is one sentence of paragraph 3.,right_words_wrong_relation,"The toothpaste case shows a habit formed, not one hard to change.",,
psy_spring_2024,2,1,14,2,paragraph_purpose,False,,2,The main purpose of the second paragraph is to -,explain why teeth brushing is a beneficial habit,give an example of a habit loop,"discuss the differences between cues, routines and rewards",present Charles Duhigg's book The Power of Habit,paragraph_number,p2,6,needs_paragraph,"Teeth, toothpaste and Duhigg all appear; only the whole shows they serve one example.",generalization,True,False,,ok,right_words_wrong_relation,Teeth brushing is the vehicle; its benefit is never argued.,,,right_words_wrong_relation,"The three terms are illustrated in sequence, not contrasted.",too_narrow,The book is cited as the source of the example.
psy_spring_2024,2,1,15,3,vocab_in_context,False,line 17,3,"In line 17, ""an old one"" could best be replaced by -",an essential routine,a repeated reward,a bad habit,a failed attempt,line_number,p3,1,yes_local,'Create a new habit or get rid of an old one' fixes both the noun and the valence.,inference_one_step,True,False,,ok,right_words_wrong_relation,"Routine is a component of a habit, not the antecedent here.",wrong_entity,Reward is a different element of the loop.,,,wrong_location,Borrows 'fail in their attempt' from two lines later.
psy_spring_2024,2,1,16,4,inference,False,,4,Which of the following is an example of a habit loop?,paying your rent → buying a new sofa → saving money,waking up in the morning → eating a healthy breakfast → going to bed early,coming home from work → watching your favorite TV show → taking the dog for a walk,seeing your phone battery is low → charging the phone battery → being able to use your phone,named_entity_or_term,p2,2,yes_local,The definition sentence alone is enough to test all four scenarios.,inference_one_step,False,False,,ok,right_words_wrong_relation,"Three-step shape, but saving is no reward for buying a sofa.",right_words_wrong_relation,Going to bed early is not a reward for eating breakfast.,right_words_wrong_relation,"Walking the dog is a further chore, not a reward.",,
psy_spring_2024,2,1,17,5,explicit_detail,False,,2,"According to the text, a habit is -",a routine that cannot be changed,an automatic behavior,a craving with a one-time reward,a reward in itself,none,p3,1,no_locator,Stem gives no anchor; the defining sentence is the text's very last one.,paraphrase,True,False,,ok,contradiction,The whole text is about changing habits.,,,right_words_wrong_relation,Craving and one-time reward are lifted; a one-time reward fails.,wrong_entity,"Reward is a component of the loop, not the habit."
psy_spring_2024,2,2,18,1,explicit_detail,False,,2,"According to the text, the Hindu-Arabic number system -",is related to the Roman number system,uses ten different digits,was actually developed by Europeans,is no longer in use,named_entity_or_term,p1,1,yes_local,'Based on the digits zero to nine' is one sentence; only counting is added.,inference_one_step,True,False,,ok,right_words_wrong_relation,"The Roman system is the rival it displaced, not a relative.",,,contradiction,Fibonacci introduced it to Europe from elsewhere.,contradiction,Text says it is used all over the world today.
psy_spring_2024,2,2,19,2,explicit_detail,False,,2,"According to the second paragraph, Fibonacci -",dreamed of becoming a mathematician as a young boy,learned of the Hindu-Arabic numeral system in North Africa,was the first European scholar to write about practical and theoretical mathematics,became familiar with the Roman numeral system during his travels,paragraph_number,p2,1,yes_local,First sentence of the paragraph names both the encounter and North Africa.,paraphrase,True,False,,ok,not_stated,His childhood is mentioned; the ambition is invented.,,,overreach,"He was first to introduce the numerals, a narrower claim.",right_words_wrong_relation,Travels taught him Hindu-Arabic; Roman was already used at home.
psy_spring_2024,2,2,20,3,inference,False,,1,It can be inferred from the second paragraph that the Liber abaci -,is based on what Fibonacci learned in his travels,demonstrates how to combine the Hindu-Arabic number system with the Roman number system,is devoted entirely to practical arithmetic,presents the advantages and disadvantages of the Hindu-Arabic number system,named_entity_or_term,p2,3,needs_paragraph,Must chain the travel-and-study sentence to the publication sentence after it.,inference_one_step,True,False,,ok,,,right_words_wrong_relation,Both systems are named; the book replaced rather than merged them.,contradiction,"It also discusses geometry, algebra and theory.",half_true,Advantages are stated; disadvantages never are.
psy_spring_2024,2,2,21,4,explicit_detail,False,,2,"According to the last paragraph, the Liber quadratorum -",was Fibonacci's most famous work,covers fewer subjects than the Liber abaci,took a long time to write,was not only about mathematics,named_entity_or_term,p3,1,yes_local,The closing sentence says the Liber abaci is broader in scope.,inference_one_step,False,False,,ok,right_words_wrong_relation,It was most sophisticated; the other was more influential.,,,not_stated,Writing time is never mentioned.,wrong_entity,The multi-subject description belongs to the Liber abaci.
psy_spring_2024,2,2,22,5,explicit_detail,True,,4,The last paragraph does not mention -,Fibonacci's most innovative work,Frederick II's intellectual interests,Fibonacci's relationship with other scholars,Frederick II's response to the Liber quadratorum,ordinal_position,p3,5,needs_paragraph,The emperor's reaction to the Liber abaci is given; the trap swaps in the other book.,elimination_only,True,False,,ok,true_but_not_asked,"'His most innovative work' appears verbatim, line 18.",true_but_not_asked,"'Deeply interested in the arts and sciences', line 15.",true_but_not_asked,He corresponded with the emperor and court scholars.,,
psy_spring_2025,1,1,13,1,main_idea,False,,1,The main purpose of the text is to -,describe the history and characteristics of the Shaker community,discuss the most famous Shaker inventions,compare the Shaker and Quaker religions,explain Shaker beliefs and forms of worship,none,whole,99,no_locator,Nothing to scan; each wrong option owns one real paragraph of the text.,generalization,True,False,,ok,,,too_narrow,Inventions are paragraph 3 only.,not_stated,Quakers appear once as origin; no comparison is drawn.,too_narrow,Worship is one clause in paragraph 1.
psy_spring_2025,1,1,14,2,explicit_detail,False,,1,"According to the first paragraph, the Shakers got their name from the fact that they -",shook while they prayed,wanted to become Quakers,moved to the New World in search of religious freedom,formed a community of their own,paragraph_number,p1,1,yes_local,Scan 'earned the name'; the same sentence gives the because-clause.,paraphrase,True,False,,ok,,,contradiction,"They broke away from the Quakers, not toward them.",true_but_not_asked,True of the group but unrelated to the name.,true_but_not_asked,True of the group but unrelated to the name.
psy_spring_2025,1,1,15,3,explicit_detail,False,,2,"According to the second paragraph, the Shakers' distinctive style was a result of their -",desire to make their community different from others,belief that doing everyday things well was a way of serving God,desire to improve their living conditions,inability to buy what they needed from other people,paragraph_number,p2,2,yes_local,'This attitude gave rise to a distinctive style' points back one sentence.,paraphrase,True,False,,ok,right_words_wrong_relation,Reuses 'distinctive' but invents a motive of being different.,,,wrong_location,Echoes the labor-saving theme of paragraph 3.,not_stated,Text never mentions buying or trade constraints.
psy_spring_2025,1,1,16,4,explicit_detail,False,,4,"According to the second paragraph, Shaker furniture is -",difficult to find today,influenced by the work of Ruskin and Sullivan,expensive and highly ornamented,simple and useful,paragraph_number,p2,2,yes_local,"The 'simplicity, utility' sentence answers it; nearby name-drop is the trap.",paraphrase,True,False,,ok,not_stated,Availability of Shaker furniture today is never discussed.,right_words_wrong_relation,"Reverses influence: Shakers pioneered, Ruskin and Sullivan followed.",contradiction,Text stresses lack of ornamentation.,,
psy_spring_2025,1,1,17,5,explicit_detail,False,,1,"According to the last paragraph, there are very few Shakers today because -",Shakers do not have children,the Shaker way of life is very difficult,the Shakers could not adapt to the modern world,Shaker communities were too far away from one another,ordinal_position,p4,1,yes_local,The word 'because' in line 22 marks the answer explicitly.,paraphrase,True,False,,ok,,,not_stated,Difficulty of Shaker life is never claimed.,contradiction,Paragraph 3 says they embraced technology.,right_words_wrong_relation,Maine-to-Florida spread is real; distance as a cause is invented.
psy_spring_2025,1,2,18,1,explicit_detail,False,,4,"According to the second paragraph, lamellae -",have multiple functions,are paired rows of ribs,are equipped with suction discs,enable the remora to latch on to its host,named_entity_or_term,p2,2,yes_local,Scan 'lamellae'; the next sentence states flexibility creates a tight seal.,paraphrase,True,False,,ok,not_stated,Only one function is given for the lamellae.,right_words_wrong_relation,"They are laid out like ribs, they are not ribs.",right_words_wrong_relation,Reverses containment: lamellae sit inside the disc.,,
psy_spring_2025,1,2,19,2,paragraph_purpose,False,,1,The main purpose of the third paragraph is to -,present different interpretations of the relationship between remoras and their hosts,discuss the disagreement among scientists about the benefits remoras derive from symbiosis,discuss the advantages and disadvantages of being a host,"compare commensalism, parasitism, and mutualism",paragraph_number,p3,12,needs_paragraph,Long paragraph; the claim-counterclaim structure only shows after all of it.,generalization,True,False,,ok,,,half_true,"Scientists do disagree, but not about the remora's own benefits.",too_narrow,"Host costs and gains are the material, not the paragraph's aim.",too_narrow,The three definitions are one setup sentence.
psy_spring_2025,1,2,20,3,inference,False,lines 21-22,2,"In lines 21-22, ""a passenger slows down the host's movement and increases its energy expenditure"" is an argument that the relationship is -",commensal,parasitic,mutualistic,none of the above,line_number,p3,3,needs_paragraph,Quoted lines give the harm; the definition of parasitism sits six lines earlier.,synthesis,True,False,,ok,right_words_wrong_relation,Commensalism requires the host be unharmed; here it is harmed.,,,contradiction,Mutualism requires both to benefit; the host loses.,other:catch_all,Blanket rejection option; parasitism fits exactly.
psy_spring_2025,1,2,21,4,reference_word,False,line 32,1,"In line 32, ""them"" refers to -",remoras,other fish,fishermen,nets,line_number,p4,1,yes_local,One sentence; only remoras are kept until old enough to be sent out.,inference_one_step,True,False,,ok,,,wrong_entity,"Nearest noun phrase, but the bycatch is not kept.",wrong_entity,Fishermen are the subject doing the keeping.,wrong_entity,"Nets are the instrument, not what is kept."
psy_spring_2025,1,2,22,5,explicit_detail,True,,4,Which of the following does not refer to the remora's appendage?,elongated mechanism,suction disc,a highly modified skeletal structure,uneven surface,named_entity_or_term,p1-p2,4,needs_paragraph,All four phrases sit near the disc description; only reading shows which belongs to the host.,elimination_only,True,False,,ok,true_but_not_asked,"'Elongated suction mechanism on top of its head', line 1.",true_but_not_asked,The disc is the appendage itself.,true_but_not_asked,"Johnson's quoted description of the disc, line 9.",,
psy_spring_2025,2,1,13,1,vocab_in_context,False,line 3,1,"""Indeed"" (line 3) can best be replaced by -",So much so that,Nevertheless,It is therefore surprising that,Though they are not expensive,line_number,p1,2,yes_local,"Only the previous clause is needed: sought-after, therefore millions spent.",inference_one_step,False,False,,ok,,,right_words_wrong_relation,Contrast connector where the text reinforces.,right_words_wrong_relation,Adds surprise; the spending confirms rather than surprises.,not_stated,Balloon prices are never mentioned in the text.
psy_spring_2025,2,1,14,2,explicit_detail,True,,2,Which of the following statements is not made in the second paragraph?,Balloons move in a way that makes them seem alive.,Balloons remind people of storybooks from their childhood.,Balloons make people feel cheerful.,Balloons come in different colors.,paragraph_number,p2,5,needs_paragraph,'Storybook' appears verbatim in the Pooh attribution; only full reading exposes the gap.,elimination_only,True,False,,ok,true_but_not_asked,'Appear almost alive' is stated in line 8.,,,true_but_not_asked,'Guaranteed to make people smile' is stated.,true_but_not_asked,"'Different shapes, sizes, and colors' is stated."
psy_spring_2025,2,1,15,3,paragraph_purpose,False,,1,The main purpose of the last paragraph is to ___ balloons.,present an alternative view of,compare two interpretations of,explain why freedom is often associated with,argue that childhood innocence is symbolized by,ordinal_position,p3,6,needs_paragraph,"'And yet, not everyone would agree' opens it; later sentences bait two narrow options.",generalization,False,False,,ok,,,half_true,The contrast is with paragraph 2; this paragraph gives only one side.,too_narrow,Freedom constrained is the paragraph's closing clause.,too_narrow,Innocence is one item in a list of abstract losses.
psy_spring_2025,2,1,16,4,inference,False,line 19,3,"The idea of ""freedom constrained"" (line 19) is exemplified by a balloon ___.",losing its beauty,escaping one's grasp,being tied to a string,suddenly bursting,line_number,p3,1,yes_local,The quoted phrase's own sentence names the string; but the same sentence baits option 2.,paraphrase,True,False,,ok,wrong_location,Loss of beauty belongs to the earlier loss discussion.,right_words_wrong_relation,"Same sentence, opposite idea: escape is freedom achieved.",,,wrong_location,"Bursting belongs to the loss idea, not constraint."
psy_spring_2025,2,1,17,5,explicit_detail,False,,3,"According to the text, balloons -",make us think about the future,represent love,do not last forever,can never really be lost,none,p3,2,no_locator,Stem gives no anchor; must recall the transience sentence buried in paragraph 3.,paraphrase,False,False,,ok,not_stated,"Transience is about impermanence, not thinking about the future.",not_stated,"Text says balloons represent loss, never love.",,,contradiction,Text says they can be carried away and lost.
psy_spring_2025,2,2,18,1,main_idea,False,,4,The main purpose of the text is to -,describe how women won the right to vote,explain why Elizabeth Cady Stanton created the women's movement,show how women were discriminated against in the 1800s,present the background to the first women's rights convention in America,none,whole,99,no_locator,Nothing to scan; all four paragraphs converge on the 1848 convention.,generalization,True,False,,ok,overreach,The vote is one resolution; the text stops in 1848.,half_true,"Stanton is central, but Mott shares it and no 'why' is explained.",too_narrow,The London seating refusal is one triggering incident.,,
psy_spring_2025,2,2,19,2,vocab_in_context,False,line 5,2,"In line 5, ""on the grounds of"" means -",despite,because of,notwithstanding,in terms of,line_number,p1,1,yes_local,Denied seating for their sex; the causal reading is settled in the clause itself.,paraphrase,False,False,,ok,right_words_wrong_relation,Reverses cause into concession.,,,right_words_wrong_relation,"Same concessive reversal, in formal dress.",other:wrong_sense,Frames the phrase as a measure rather than a cause.
psy_spring_2025,2,2,20,3,explicit_detail,False,,4,"According to the second paragraph, Mott and Stanton met for the second time -",as they had planned to eight years earlier,to discuss women's rights,at a women's convention,in a social rather than political setting,paragraph_number,p2,2,needs_paragraph,'As discussion turned to' must be weighed against 'social gathering' one sentence back.,inference_one_step,True,False,,ok,right_words_wrong_relation,"Eight years is real; the reunion was chance, not planned.",right_words_wrong_relation,Talk turned to rights; it was not the reason they met.,contradiction,"The convention was the outcome, held later, not the venue.",,
psy_spring_2025,2,2,21,4,inference,False,,1,It can be inferred from the third paragraph that Lucretia Mott was shocked because she -,thought the right to vote was not a realistic goal,felt that important issues were not being addressed,did not want to attend a radical convention,thought Stanton's Declaration was badly written,paragraph_number,p3,2,yes_local,Scan 'shocked'; her quoted 'you will make us ridiculous' is the whole basis.,inference_one_step,True,False,,ok,,,contradiction,"She thought the resolution went too far, not too little.",right_words_wrong_relation,"Lifts 'radical' but attaches it to attending, not the resolution.",not_stated,No comment on the Declaration's quality appears.
psy_spring_2025,2,2,22,5,explicit_detail,False,,1,"According to the last paragraph, the Seneca Falls Convention was -",attended by more people than Mott had expected,attended by more men than women,presided over by Lucretia Mott,described in detail in the Seneca County Courier,ordinal_position,p4,3,needs_paragraph,Must pair Mott's low expectation with the actual crowd three sentences later.,synthesis,False,False,,ok,,,contradiction,Three hundred including forty men means women were the majority.,wrong_entity,Her husband presided; no woman would.,right_words_wrong_relation,"The Courier carried a small advance notice, not a description."
psy_summer_2022,1,1,13,1,main_idea,False,,3,The main purpose of this text is to -,discuss some of World War II's most famous battles,explain the role of the Enigma in World War II,present an important part of the British war effort,describe how military information is gathered,none,whole,99,no_locator,No pointer; the Bletchley contribution is only visible across all three paragraphs.,generalization,True,False,,ok,right_words_wrong_relation,"'Battles' comes from the opening metaphor, not the content.",half_true,"Enigma is present but the subject is breaking it, not it.",,,overreach,Generalizes to military intelligence beyond this one operation.
psy_summer_2022,1,1,14,2,explicit_detail,False,,2,"According to the first paragraph, what grave mistake did the Germans make?",They thought Britain would not fight against them.,They thought their codes could not be cracked.,They did not gather enough information about Britain.,They used a code-making machine that was too complex.,ordinal_position,p1,2,yes_local,Scan 'gravely mistaken'; the preceding sentence states the belief that was wrong.,paraphrase,True,False,,ok,not_stated,German expectations about Britain fighting are never mentioned.,,,right_words_wrong_relation,"'Gather information' is what the British did, in paragraph two.",right_words_wrong_relation,"The machine's complexity is real, but not the mistake."
psy_summer_2022,1,1,15,3,paragraph_purpose,False,,4,The main purpose of the second paragraph is to -,describe how the Enigma codes were created,explain how to crack a code,discuss the importance of the Bletchley team,present the main challenge faced by the code breakers,paragraph_number,p2,3,needs_paragraph,The daily reset and the nightly race are one point spread over three sentences.,generalization,False,False,,ok,wrong_location,The Enigma machine is introduced in paragraph one.,not_stated,The text never explains any code-breaking technique.,wrong_location,The team's importance is the last paragraph's claim.,,
psy_summer_2022,1,1,16,4,explicit_detail,False,,3,"According to the second paragraph, the cryptologists were in a race against time because -",they did not know how to crack the code,they expected the Germans to attack at any moment,the code was being changed on a regular basis,they did not know how to reset the Enigma machine,paragraph_number,p2,1,yes_local,The 'because' clause about the twenty-four-hour reset answers on its own.,paraphrase,True,False,,ok,contradiction,Britain had already cracked the code early in the war.,not_stated,No imminent attack is mentioned anywhere.,,,right_words_wrong_relation,"Resetting was the Germans' action, not a British problem."
psy_summer_2022,1,1,17,5,explicit_detail,False,,4,"According to the last paragraph, historians think that the code breakers at Bletchley Park -",were outstanding mathematicians,developed strategies for the British army,designed a new method for decrypting codes,helped to end World War II sooner,ordinal_position,p3,1,yes_local,The final sentence attributes the two-year shortening explicitly to historians.,paraphrase,False,False,,ok,true_but_not_asked,"True of some staff, but not what historians maintain.",not_stated,Army strategy is never mentioned in the text.,not_stated,No new decryption method is described.,,
psy_summer_2022,1,2,18,1,title,False,,1,An appropriate title for this text would be -,Sunstones: The Key to Viking Navigation?,Viking Voyages: From Scandinavia to Greenland,The Icelandic Sagas: A Record of Viking Voyages,Iceland Spar: The Vikings' Greatest Discovery,none,whole,99,no_locator,The question mark matters: only the last paragraph shows the claim is unproven.,generalization,True,False,,ok,,,too_narrow,The voyages are the first paragraph's setup.,too_narrow,The sagas are one source cited in one paragraph.,overreach,Drops the hedge the whole text is built on.
psy_summer_2022,1,2,19,2,explicit_detail,True,,3,Which of the following statements about the Vikings is not made in the first paragraph?,They sailed very long distances.,They often sailed during bad weather.,They did not know how to navigate by the sun and the stars.,They did not have access to magnetic compasses.,ordinal_position,p1,5,needs_paragraph,NOT item; the false statement reuses 'the sun and the stars' from the same sentence.,elimination_only,True,False,,ok,true_but_not_asked,Thousands of kilometers to Greenland is stated.,true_but_not_asked,Stormy weather is called typical of their regions.,,,true_but_not_asked,"They had none of today's tools, compasses included."
psy_summer_2022,1,2,20,3,explicit_detail,True,,4,Which of the following statements about Iceland spar is not made in the third paragraph?,A ray of light that passes through it is split into two.,The Vikings had access to it.,It is one type of natural crystal.,It was discovered in the second half of the twentieth century.,paragraph_number,p3,5,needs_paragraph,"NOT item; the date is verbatim but belongs to the researchers' suggestion, not a discovery.",elimination_only,True,False,,ok,true_but_not_asked,Birefringence splitting is described explicitly.,true_but_not_asked,It is called readily available to the Vikings.,true_but_not_asked,It is introduced as a natural crystal.,,
psy_summer_2022,1,2,21,4,explicit_detail,False,,3,"Based on the information in the third paragraph, which of the following describes how a Viking sailor might have used a sunstone?",The sailor looked through a sunstone → the sailor saw two beams of light → the sailor rotated the sunstone until the two beams became one,The sailor looked through a sunstone → the sailor rotated the sunstone until he saw a ray of light → the sailor waited until the light became brighter,The sailor held up a sunstone → the sailor saw two beams of light → the sailor turned the sunstone until one beam was as bright as the other,The sailor held up a sunstone → the sailor turned the sunstone until he saw two beams of light → the sailor continued to turn the sunstone until the two beams disappeared,paragraph_number,p3,4,needs_paragraph,A sequence item; the whole rotation-and-brightness mechanism must be tracked.,synthesis,True,False,,ok,right_words_wrong_relation,Beams equalize in brightness; they never merge into one.,right_words_wrong_relation,Two beams appear at once; waiting for brightness is invented.,,,contradiction,The beams never disappear in the described process.
psy_summer_2022,1,2,22,5,paragraph_purpose,False,,3,The main purpose of the last paragraph is to -,describe what archaeologists have found in Viking shipwrecks,discuss the research sparked by the sunstone theory,claim that there is no proof that Iceland spar was the sunstone used by the Vikings,suggest that the Vikings might have had other navigational tools at their disposal,ordinal_position,p4,3,needs_paragraph,The concessive opening must be read through to 'Therefore' for the paragraph's point.,generalization,False,False,,ok,contradiction,Archaeologists have found nothing; that is the point.,right_words_wrong_relation,"Borrows 'sparked' from imagination, not from research activity.",,,not_stated,No alternative Viking instruments are proposed.
psy_summer_2022,2,1,13,1,explicit_detail,True,,1,Which of the following statements about the opium poppy is not made in the first paragraph?,It is more common than any other species of poppy.,It is a delicate flower.,It is used to make several painkillers.,It is the source of heroin.,ordinal_position,p1,7,needs_paragraph,NOT item spanning a dense list paragraph; here the false option uses no passage wording.,elimination_only,False,False,,ok,,,true_but_not_asked,'A delicate flower' opens the paragraph verbatim.,true_but_not_asked,"Morphine, codeine and oxycodone are all listed.",true_but_not_asked,Heroin is named as opium-derived in the closing sentence.
psy_summer_2022,2,1,14,2,inference,False,,4,It can be inferred from the first paragraph that morphine is -,the most dangerous component of opium,less addictive than thebaine,not as strong as codeine,a highly effective pain reliever,ordinal_position,p1,2,yes_local,Scan 'morphine'; 'the standard against which new medications are measured' is decisive.,inference_one_step,False,False,,ok,contradiction,"Heroin is the dangerous, outlawed derivative.",not_stated,No addictiveness comparison with thebaine is made.,contradiction,"Morphine treats severe pain, codeine only moderate.",,
psy_summer_2022,2,1,15,3,explicit_detail,False,,3,Which of the following statements is true according to the text?,Heroin was outlawed in 1898.,Heroin is often prescribed by doctors.,Heroin is a highly addictive drug.,Heroin is the oldest known pain reliever.,named_entity_or_term,p1,1,yes_local,Scan 'heroin'; its one sentence in paragraph one settles all four options.,paraphrase,True,False,,ok,right_words_wrong_relation,1898 is the introduction date; outlawing came later.,wrong_entity,"Oxycodone is what doctors prescribe, not heroin.",,,overreach,"Opium's ancient use is not heroin's, which dates to 1898."
psy_summer_2022,2,1,16,4,paragraph_purpose,False,,3,The main purpose of the second paragraph is to discuss -,Facchini's research findings,how poppies are grown in a laboratory,safeguards for growing the opium poppy,the harmful effects of the opium poppy,paragraph_number,p2,8,needs_paragraph,"Money, restrictions, licence and locked chamber all serve one control theme.",generalization,True,False,,ok,not_stated,No findings of Facchini's research are reported.,too_narrow,The growth chamber is one sentence of the paragraph.,,,wrong_location,Heroin's dangers belong mostly to the first paragraph.
psy_summer_2022,2,1,17,5,vocab_in_context,False,line 17,2,"In line 17, ""a controlled substance"" means a substance that is -",extremely expensive,subject to laws,difficult to grow,of interest to researchers,line_number,p2,2,yes_local,The same sentence pairs the classification with a government licence and a plant quota.,inference_one_step,False,False,,ok,right_words_wrong_relation,The nearby price tag belongs to the growth chamber.,,,not_stated,Difficulty of cultivation is never mentioned.,true_but_not_asked,"Researchers are interested, but that is not the term's meaning."
psy_summer_2022,2,2,18,1,title,False,,4,An appropriate title for this text would be -,The Politics and Economics of Fast Food,Is the Big Mac Overpriced?,The Reliability of Currency Exchange Rates,The Big Mac: An Unusual Economic Indicator,none,whole,99,no_locator,Requires seeing the burger as a measuring device across all three paragraphs.,generalization,True,False,,ok,right_words_wrong_relation,"Political and economic factors govern exchange rates, not fast food.",right_words_wrong_relation,"It is currencies that are over- or undervalued, not the burger.",half_true,Exchange rates are the frame; the index is the subject.,,
psy_summer_2022,2,2,19,2,paragraph_purpose,False,,3,The main purpose of the first paragraph is to -,describe how currency rates of exchange are calculated,"explain why the Big Mac can be considered an ""identical product""",introduce Pam Woodall's innovative way of comparing currencies,argue that goods in different countries should be similarly priced,ordinal_position,p1,5,needs_paragraph,The paragraph only reveals its aim in the final Woodall sentence.,generalization,True,False,,ok,not_stated,"Rates are attributed to complex factors, never calculated.",wrong_location,"Identical size, taste and ingredients is paragraph two.",,,right_words_wrong_relation,"'Ideally ... should' is a premise, not the paragraph's argument."
psy_summer_2022,2,2,20,3,explicit_detail,False,,1,"According to the first paragraph, exchange rates -",do not always ensure that a product costs the same in different countries,are broadcast on television only in Israel,between the U.S. dollar and the euro are featured daily in the news in every country,are determined by Pam Woodall's Big Mac Index,ordinal_position,p1,1,yes_local,'But this is not always the case' answers it inside a single sentence.,paraphrase,True,False,,ok,,,overreach,Israel is an example; 'only' is the test-writer's addition.,overreach,Extends the Israeli example to every country.,right_words_wrong_relation,"Reverses it: the index measures rates, it does not set them."
psy_summer_2022,2,2,21,4,explicit_detail,True,,4,"According to the second paragraph, the Big Mac Index might include all of the following except -",the cost in U.S. dollars of a Big Mac in Italy,the rate of exchange between the U.S. dollar and the Israeli shekel,the countries where the Big Mac is sold,the cost of the Big Mac's ingredients in different countries,paragraph_number,p2,5,needs_paragraph,"EXCEPT item; 'ingredients' appears in the paragraph, but describing sameness, not cost.",elimination_only,True,False,,ok,true_but_not_asked,The index converts local prices into U.S. dollars.,true_but_not_asked,It shows each currency's exchange rate to the dollar.,true_but_not_asked,It lists the price in each country's currency.,,
psy_summer_2022,2,2,22,5,vocab_in_context,False,line 16,4,"In line 16, ""shortcomings"" is closest in meaning to -",elements,exceptions,supporters,weaknesses,line_number,p3,3,yes_local,'Of course ... does have its' plus the following limitation fixes the negative sense.,paraphrase,False,False,,ok,not_stated,A neutral word that ignores the concessive framing.,not_stated,Exceptions are never at issue in the paragraph.,contradiction,Reverses the polarity of the paragraph's criticism.,,
psy_summer_2023,1,1,13,1,main_idea,False,,1,The main purpose of the text is to discuss Mumbai.,a remarkable food delivery network in,the traditional food culture of,the complex transportation system of,business opportunities in,none,whole,99,no_locator,No pointer; the delivery-network frame only emerges from all four paragraphs.,generalization,True,False,,ok,,,not_stated,Meal contents are listed once; food culture is never discussed.,half_true,"Trains and traffic appear, but the subject is lunch delivery.",not_stated,No business opportunity in Mumbai is proposed anywhere.
psy_summer_2023,1,1,14,2,explicit_detail,False,,3,"According to the first paragraph, dabbas -",were invented in India,are used for three meals each day,keep parts of a meal separate,are difficult to carry,ordinal_position,p1,1,yes_local,Scan 'dabba'; the tiers sentence states each tier holds one meal element.,paraphrase,False,False,,ok,not_stated,Origin of the box itself is never claimed.,right_words_wrong_relation,"'Three' comes from tier count, not meals per day.",,,not_stated,Thirty boxes are carried; difficulty is never asserted.
psy_summer_2023,1,1,15,3,vocab_in_context,False,line 12,1,"In line 12, ""to keep up with demand'' could best be restated as -",to supply his growing number of customers,to find another job,to remain in Mumbai,to serve people lunch in their homes,line_number,p2,2,yes_local,"The preceding sentence shows co-workers joining, so demand means growing custom.",paraphrase,False,False,,ok,,,not_stated,Nothing about Bachche seeking other employment.,not_stated,Staying in Mumbai is never at issue.,contradiction,"Meals go from homes to workplaces, not to homes."
psy_summer_2023,1,1,16,4,explicit_detail,False,,2,"According to the third paragraph, which of the following best summarizes the process of delivering a dabba?",the dabba is picked up from the customer's home → the dabba is taken to a train station → the dabba is filled with food and marked → the dabba is delivered to the customer's workplace,the dabba is picked up from the customer's home → the dabba is taken to a train station → the dabba is sent by train to a different station → the dabba is delivered to the customer's workplace,the dabba is picked up from the customer's home → the dabba is taken to a train station → the dabba is collected by the customer → the customer takes the dabba to his workplace,the dabba is picked up from the customer's home → the dabba is transported by train → the dabba is unloaded and filled with freshly cooked food → the customer takes the dabba to his workplace,paragraph_number,p3,6,needs_paragraph,"A sequence item: every stage must be verified, so no single sentence suffices.",synthesis,True,False,,ok,right_words_wrong_relation,"Labeling is real but happens before, and filling never occurs.",,,contradiction,A second dabbawala delivers; customers never collect boxes.,contradiction,"Food is cooked at home, and dabbawalas deliver it."
psy_summer_2023,1,1,17,5,paragraph_purpose,False,,3,The main purpose of the last paragraph is to -,explain how the dabbawalas could improve their methods,present the results of a study on the dabbawalas,show how successful the dabbawala system is,compare the dabbawala system with those of industry giants,ordinal_position,p4,4,needs_paragraph,"Punctuality, error rate and Amazon all serve one point visible only across the paragraph.",generalization,True,False,,ok,contradiction,Others study them; no improvement for them is suggested.,too_narrow,The Harvard figure is one sentence of evidence.,,,half_true,"Giants appear as students, not as a compared system."
psy_summer_2023,1,2,18,1,vocab_in_context,False,line 5,1,"In line 5, the word ""allegedly"" is used to -",cast doubt on the suicidal nature of the lemmings' behavior,emphasize the similarity between lemmings and humans,differentiate between lemming behavior before and after population explosions,illustrate the long-term effects of lemming mass suicide,line_number,p1,2,yes_local,The hedging word itself carries the answer; the next paragraph merely confirms it.,inference_one_step,False,False,,ok,,,right_words_wrong_relation,"The human metaphor is the following clause's job, not this word's.",not_stated,No before-and-after behavioral contrast is drawn.,not_stated,Long-term effects are never discussed in the text.
psy_summer_2023,1,2,19,2,paragraph_purpose,False,,3,The main purpose of the second paragraph is to -,list the social factors governing lemming migration,discuss the periodic fluctuations in lemming populations,explain why lemmings fall to their deaths,describe the migration routes of lemmings,paragraph_number,p2,5,needs_paragraph,The causal chain runs to the paragraph's last clause; earlier sentences alone mislead.,generalization,True,False,,ok,right_words_wrong_relation,'Social friction' is borrowed; migration is driven by crowding and food.,wrong_location,Population cycles are the first paragraph's material.,,,too_narrow,"Mountain passes are one step, not described as routes."
psy_summer_2023,1,2,20,3,explicit_detail,False,,2,"According to the second paragraph, the geographic features of the Arctic -",compel lemmings to migrate in search of food,give rise to situations in which lemmings panic,make the lemming population prone to overcrowding,are responsible for drastic increases in the lemming population,paragraph_number,p2,3,needs_paragraph,"Passes, entrapment and panic sit in three sentences; the adjacent migration cause is a decoy.",synthesis,True,False,,ok,right_words_wrong_relation,"'Compel to migrate' is verbatim but belongs to crowding, not geography.",,,right_words_wrong_relation,Reverses the chain: crowding precedes the geographic bottleneck.,not_stated,"Population explosions are birthrate cycles, never tied to terrain."
psy_summer_2023,1,2,21,4,explicit_detail,False,,2,"According to the last paragraph, the makers of White Wilderness -","documented an actual ""lemming suicide plunge""",forced lemmings over a cliff,disproved a popular misconception,made several films about lemmings,ordinal_position,p3,1,yes_local,The staging sentence names herding lemmings over a cliff; that is the answer.,paraphrase,True,False,,ok,contradiction,"The sequence was staged, not documented.",,,contradiction,The film popularized the misconception rather than disproving it.,not_stated,Only one film is ever mentioned.
psy_summer_2023,1,2,22,5,title,False,,1,An appropriate title for this text would be -,Lemming Suicide: Fact or Fiction?,Lemming Migration Patterns,The Mundane Life of the Lemming,Suicidal Behavior in the Wild,none,whole,99,no_locator,Requires seeing the myth-then-correction shape spanning all three paragraphs.,generalization,True,False,,ok,,,too_narrow,Migration is one mechanism inside the second paragraph.,not_stated,Nothing about ordinary lemming life is described.,overreach,Generalizes to all wild animals; only lemmings are discussed.
psy_summer_2023,2,1,13,1,main_idea,False,,4,The main purpose of the text is to -,discuss the development of Australian English,"compare Australian, Cockney, and Irish rhyming slang",present the characteristics of informal language,discuss an unusual form of slang,none,whole,99,no_locator,"Nothing to scan; the correct option is also the vaguest, which resists local checking.",generalization,True,False,,ok,overreach,Australian English generally is far wider than rhyming slang.,too_narrow,"Cockney and Irish origins occupy one sentence, with no comparison.",overreach,Informal language in general is never characterized.,,
psy_summer_2023,2,1,14,2,explicit_detail,True,line 11,4,"Which of the following is not true of the word ""shocker"" (line 11)?",It is used to refer to something bad.,"It rhymes with ""Barry Crocker"".",It is a word used in Australia.,"It is Australian slang for ""entertainer"".",line_number,p1,2,yes_local,One sentence with its parenthesis supports all four checks; the false one borrows 'entertainer'.,elimination_only,True,False,,ok,true_but_not_asked,The gloss 'a really bad game' is given in brackets.,true_but_not_asked,The rhyme with Barry Crocker is the example's whole point.,true_but_not_asked,The example is explicitly what an Australian would say.,,
psy_summer_2023,2,1,15,3,paragraph_purpose,False,,2,The main purpose of the second paragraph is to -,discuss the effect of immigration on the development of language,present two views on the origins of Australian rhyming slang,describe the manner of speaking once heard in the East End of London,compare Australian rhyming slang in the past and today,paragraph_number,p2,4,needs_paragraph,"Must notice 'It is commonly believed' answered by 'However, some people think'.",generalization,False,False,,ok,overreach,"Immigration is one supporting sentence, not a general language claim.",,,too_narrow,London's East End is a dependent clause of one sentence.,half_true,"Present-day usage is the closing pair, not the paragraph's aim."
psy_summer_2023,2,1,16,4,reference_word,False,line 20,4,"The ""circles"" referred to in line 20 would most likely include -",young people,residents of large cities,immigrants to Australia,older Australians,line_number,p2,2,yes_local,The whole answer is the 'however'; a reader who skips it takes option one or two.,inference_one_step,False,False,,ok,contradiction,Young Australians are exactly who find it old-fashioned.,contradiction,Large-city residents belong to the same rejecting group.,wrong_entity,"Immigrants are the 1800s settlers, not today's speakers.",,
psy_summer_2023,2,1,17,5,inference,False,,2,"It can be inferred from the text that in Australian rhyming slang, ""Nice bag of fruit"" most likely means -",That's a great car you have!,You're wearing a lovely suit.,What a sweet dog!,You've done a good job.,none,p1,4,no_locator,The quoted phrase is absent from the passage; only the explained rhyme rule solves it.,inference_one_step,False,False,,ok,other:rhyme_mismatch,'Car' does not rhyme with fruit; no rule supports it.,,,right_words_wrong_relation,Borrows the dog from the passage's own example sentence.,other:rhyme_mismatch,'Job' does not rhyme with fruit either.
psy_summer_2023,2,2,18,1,title,False,,2,An appropriate title for this text would be -,The Hazards of Inventing Toys,Zubbles: A Classic Toy Reinvented,How Kehoe and Sabnis Revolutionized the Toy Market,Spontaneous Fading: Water-Soluble Dyes,none,whole,99,no_locator,Needs both halves: the classic toy from paragraph one and Zubbles from the end.,generalization,True,False,,ok,too_narrow,Stains and fires are two sentences of the middle paragraph.,,,overreach,'Revolutionized the toy market' goes beyond one product launch.,too_narrow,"The dye chemistry is a means, not the text's subject."
psy_summer_2023,2,2,19,2,paragraph_purpose,False,,4,The main purpose of the first paragraph is to -,claim that bubbles are the world's favorite toy,explain why new ideas for toys lose their charm quickly,describe toys that have been available since the 1940s,introduce a new form of a favorite toy,ordinal_position,p1,4,needs_paragraph,The paragraph only reveals its purpose in its final sentence about colored bubbles.,generalization,True,False,,ok,overreach,'Constant favorite' is not a claim to be world's favorite.,right_words_wrong_relation,"The quick-charm-loss clause is background, never explained.",too_narrow,The 1940s date is one detail about one toy.,,
psy_summer_2023,2,2,20,3,vocab_in_context,False,line 8,4,"""The realization . . . undertaking"" (line 8) could be restated as -",Kehoe realized he had wasted eleven years of his life.,The solution turned out to be simple.,Kehoe accomplished his goal very quickly.,It was extremely difficult to produce colored bubbles.,line_number,p2,2,yes_local,'Proved to be no simple undertaking' plus the next sentence's disasters settle it.,paraphrase,False,False,,ok,right_words_wrong_relation,Misreads 'realization' as realizing and imports the eleven years.,contradiction,Reverses the negation in 'no simple undertaking'.,contradiction,Eleven years and repeated failures say the opposite.,,
psy_summer_2023,2,2,21,4,inference,False,line 14,3,"It can be inferred that ""a water-soluble dye that faded spontaneously"" (line 14) would -",wash out easily,horrify parents,not leave stains,not be ready to market,line_number,p2,3,needs_paragraph,Local reading of 'water-soluble' yields the decoy; the parents' stain complaint is the key.,inference_one_step,True,False,,ok,right_words_wrong_relation,Washability was already achieved; fading is the missing property.,contradiction,Such a dye would remove the very cause of parental horror.,,,contradiction,It is what finally made the product marketable.
psy_summer_2023,2,2,22,5,explicit_detail,False,,4,"According to the last paragraph, experts on dye chemistry.",Sabnis trains,Kehoe consulted with several,Kehoe could not find any,there are very few,ordinal_position,p3,1,yes_local,'One of a handful of experts in the world' answers directly in the opening sentence.,paraphrase,False,False,,ok,not_stated,Sabnis solves the problem; training others is never mentioned.,right_words_wrong_relation,"'Handful' counts world experts, not people Kehoe consulted.",contradiction,He found Sabnis and the collaboration succeeded.,,
psy_summer_2024,1,1,13,1,paragraph_purpose,False,,4,The main purpose of the first paragraph is to -,compare Paris in the 20th Century to other novels by Jules Verne,explain why Paris in the 20th Century was not published until 1989,argue that Paris in the 20th Century is Jules Verne's greatest work,discuss the publication and content of Paris in the 20th Century,paragraph_number,p1,5,needs_paragraph,Publication history and content are two halves; only both together give the purpose.,generalization,True,False,,ok,right_words_wrong_relation,"Other novels appear as examples of foresight, not comparison.",not_stated,Dates are given; the reason for the delay never is.,overreach,No ranking of Verne's works appears anywhere.,,
psy_summer_2024,1,1,14,2,explicit_detail,False,,4,"According to the first paragraph, in Paris in the 20th Century Jules Verne -",described life in Paris as he experienced it toward the end of his lifetime,tried to show readers the importance of 20th-century technological advances,introduced subjects that had not been discussed in his other novels,accurately predicted what life would be like in the 20th century,paragraph_number,p1,2,yes_local,'19th-century vision of the future' plus the foresee sentence settle it together.,paraphrase,True,False,,ok,right_words_wrong_relation,"Written 1863 about the future, not lived experience.",half_true,He described the advances; no persuasive intent is claimed here.,contradiction,Text says the same gift shows 'as in many of the works'.,,
psy_summer_2024,1,1,15,3,paragraph_purpose,False,,4,The main idea of the second paragraph is that Paris in the 20th Century -,tells the story of a young man's struggle to find happiness,should have been published many years ago,was not understood at the time it was published,presents a grim view of technological progress,paragraph_number,p2,4,needs_paragraph,Plot summary sits mid-paragraph and baits option 1; the thesis is the last sentence.,paraphrase,True,False,,ok,too_narrow,"The plot sentence, offered where the paragraph's claim was asked.",not_stated,No view on when it should have appeared is expressed.,not_stated,It was never published in his lifetime at all.,,
psy_summer_2024,1,1,16,4,paragraph_purpose,False,,2,The main purpose of the last paragraph is to -,explain why Verne thought that science could be dangerous,correct a common misconception about Verne,compare Verne's work as a writer to his work as a scientist,emphasize the wealth of detail in Verne's fiction,ordinal_position,p3,5,needs_paragraph,"'Another common misconception' opens it, but three options quote later clauses.",generalization,True,False,,ok,too_narrow,"The danger clause is one item, and no 'why' is given.",,,contradiction,The paragraph states he was not a scientist.,too_narrow,'Wealth of detail' is lifted but serves the correction.
psy_summer_2024,1,1,17,5,vocab_in_context,False,line 21,1,"In line 21, ""he had no . . . virtuous"" means that Verne -",did not believe that science was necessarily good,tried to depict technology as negatively as possible,did not fully understand all the technical details he included in his books,did not believe that his vision of the future would prove to be accurate,line_number,p3,1,yes_local,'Though he found science fascinating' in the same sentence fixes the concession.,paraphrase,True,False,,ok,,,right_words_wrong_relation,Flips 'depict as persuasively as possible' into depicting negatively.,not_stated,His grasp of the technical detail is never questioned.,wrong_location,Borrows 'vision of the future' from paragraph 1.
psy_summer_2024,1,2,18,1,main_idea,False,,3,The main purpose of the text is to discuss the -,phenomenon of animal migration,life cycle of the wildebeest,endless journey of the wildebeest,struggle for survival in east Africa,none,whole,99,no_locator,Nothing to scan; each wrong option is one true theme at the wrong scope.,generalization,True,False,,ok,overreach,Only this one migration is ever discussed.,too_narrow,Mating and calves are one clause serving the travel point.,,,half_true,"Peril is real, but the subject is the herd's journey, not the region."
psy_summer_2024,1,2,19,2,explicit_detail,True,,4,Which of the following statements about the Great Wildebeest Migration is not made in the first paragraph?,It passes through more than one country.,Its route changes very little.,It covers a great distance.,It has been taking place since ancient times.,paragraph_number,p1,3,needs_paragraph,Three claims spread over three sentences; the absent one is only visible after all.,elimination_only,False,False,,ok,true_but_not_asked,"Tanzania to Kenya, stated in lines 3-4.",true_but_not_asked,"'Following almost the same path each year', line 5.",true_but_not_asked,"'A formidable 2,900-kilometer trek', line 5.",,
psy_summer_2024,1,2,20,3,vocab_in_context,False,line 8,3,"In line 8, ""lends itself to"" is closest in meaning to -",has an effect on,must be stopped in order to,is good for,can be substituted for,line_number,p2,2,yes_local,Preceding sentence says it is well equipped to travel; the idiom follows from it.,paraphrase,False,False,,ok,other:wrong_sense,Vague causal reading that loses the suitability meaning.,other:wrong_sense,Reverses the sentence into an obstacle to travel.,,,other:wrong_sense,Takes 'lends' literally as substitution.
psy_summer_2024,1,2,21,4,explicit_detail,False,,2,"According to the last paragraph, the wildebeest migration -",has attracted a great deal of attention in recent years,contributes to the balance of nature in east Africa,is gradually decreasing in size,has never been observed from beginning to end,ordinal_position,p3,2,yes_local,'A natural equilibrium is maintained' is a direct match in one sentence.,paraphrase,True,False,,ok,right_words_wrong_relation,"'Fortunate enough to witness' is awe, not growing attention.",,,contradiction,"Text says the migration goes on, a million and a half strong.",not_stated,Nothing about observing the loop end to end.
psy_summer_2024,1,2,22,5,explicit_detail,True,,4,Which of the following statements about wildebeest is not made in the text?,They need to keep up with the herd from a very young age.,They always travel together.,They migrate in search of water and food.,They change their route to avoid predators.,none,whole,6,needs_whole_text,Negative stem with no anchor; the three true claims sit in three different paragraphs.,elimination_only,True,False,,ok,true_but_not_asked,"'Newborn calves are up and running in minutes', line 9.",true_but_not_asked,"The herd moves constantly as one mass, lines 2-3.",true_but_not_asked,"'In search of water and greener pastures', line 6.",,
psy_summer_2024,2,1,13,1,inference,False,,4,It can be inferred from the first paragraph that endoscopy is ___ than the use of X-ray or ultrasound in diagnosing gastrointestinal disorders.,less painful,less complicated,more traditional,more effective,paragraph_number,p1,2,yes_local,The whole inference rides on the word 'Even' opening the endoscopy sentence.,inference_one_step,False,False,,ok,wrong_location,"Comfort is discussed in paragraph 3, about the capsule.",not_stated,Relative complexity of the procedures is never compared.,right_words_wrong_relation,"'Traditional' labels X-ray and ultrasound, not endoscopy.",,
psy_summer_2024,2,1,14,2,reference_word,False,line 6,3,"In line 6, ""its"" refers to the -",intestine,camera,tube,procedure,line_number,p1,1,yes_local,Within the appositive: a tube with a camera on its end.,inference_one_step,True,False,,ok,wrong_entity,"The intestine is where the tube goes, not what has an end.",wrong_entity,The camera sits on the end; it does not own it.,,,wrong_entity,A procedure has no physical end.
psy_summer_2024,2,1,15,3,paragraph_purpose,False,,4,The second paragraph mentions nanotechnology because it -,is the fastest means of diagnosing gastrointestinal disorders,has become a standard medical procedure,combines a number of scientific approaches,made possible the development of capsule endoscopy,named_entity_or_term,p2,2,yes_local,Scan 'nanotechnology'; the same sentence says he applied it to revolutionize endoscopy.,paraphrase,True,False,,ok,not_stated,Speed of diagnosis is never claimed.,right_words_wrong_relation,"'Standard medical technique' names endoscopy, not nanotechnology.",not_stated,Nanotechnology is defined only as miniaturization of components.,,
psy_summer_2024,2,1,16,4,vocab_in_context,False,line 23,2,"In line 23, ""affected"" is closest in meaning to -",additional,diseased,therapeutic,medical,line_number,p3,1,yes_local,Drugs delivered directly to the spot needing treatment; one clause decides.,inference_one_step,False,False,,ok,wrong_location,'Additional' is lifted from the previous sentence.,,,wrong_location,'Therapeutic' is lifted from the end of the same sentence.,wrong_location,'Medical' is lifted from the closing 'medical miracle'.
psy_summer_2024,2,1,17,5,title,False,,2,An appropriate title for this text would be -,A Medical Miracle: Curing Gastrointestinal Diseases,Engineering Meets Medicine: Capsule Endoscopy,New Applications for Nanotechnology,Endoscopy and Other Diagnostic Procedures,none,whole,99,no_locator,Nothing to scan; must see the engineer-solves-medical-problem arc across three paragraphs.,generalization,True,False,,ok,right_words_wrong_relation,"'Medical miracle' is verbatim, but the device diagnoses, not cures.",,,too_narrow,Nanotechnology is one enabling principle in one sentence.,too_narrow,That is the setup of paragraph 1 only.
psy_summer_2024,2,2,18,1,paragraph_purpose,False,,2,The main purpose of the first paragraph is to -,present the background to Britain's conquest of the Kingdom of Benin,introduce museum artifacts that were plundered from Benin,provide an overview of Benin's artistic tradition,explain how the Benin Bronzes got their name,paragraph_number,p1,4,needs_paragraph,The invasion narrative is the vehicle; the paragraph lands on where the objects are now.,generalization,True,False,,ok,not_stated,"The invasion is stated, its background never given.",,,right_words_wrong_relation,"The object list is an inventory of loot, not an artistic survey.",too_narrow,"The name is supplied in one clause, never explained."
psy_summer_2024,2,2,19,2,paragraph_purpose,False,,1,The main purpose of the second paragraph is to -,present voices calling for the return of the Benin Bronzes,describe the work of the Legacy Restoration Trust,introduce a leading Nigerian-American artist,explain why the Benin Bronzes are a painful reminder of colonialism,paragraph_number,p2,5,needs_paragraph,"Leaders, the Trust and the artist are three instances of one claim; each baits an option.",generalization,True,False,,ok,,,too_narrow,The Trust is named in a single clause.,too_narrow,Ehikhamenor is a vehicle for the quoted demand.,right_words_wrong_relation,Lifts the opening sentence; no explanation of the pain follows.
psy_summer_2024,2,2,20,3,vocab_in_context,False,line 21,4,"""Nevertheless"" (line 21) could best be restated as -",Despite securing the restoration of the Benin Bronzes,Even though German museums hold a large number of Benin Bronzes,Although many institutions will not discuss the Benin Bronzes in their collections,Although some museums have said they are willing to give up the Benin Bronzes,line_number,p3,3,needs_paragraph,"A connector: must summarise the two sentences before it, not the clause after it.",generalization,True,False,,ok,overreach,"Restoration was an announced intention, not secured.",right_words_wrong_relation,German museums are real; the concession is their transfer agreement.,right_words_wrong_relation,"States what follows 'Nevertheless', not what it concedes.",,
psy_summer_2024,2,2,21,4,paragraph_purpose,False,,1,The main purpose of the last paragraph is to -,discuss the British Museum's position on returning the Benin Bronzes that it holds,present the British Museum's acknowledgement that the Benin Bronzes were wrongfully taken,explain how so many Benin Bronzes ended up in the British Museum,describe the British Museum's collection of Benin Bronzes,ordinal_position,p4,3,needs_paragraph,"Three sentences, three baits; the paragraph's job is the museum's stance overall.",generalization,True,False,,ok,,,too_narrow,"The 2021 statement is the closing sentence, hedged as a glimmer.",not_stated,How they reached the museum is never explained here.,too_narrow,The 900-object figure is one clause of scene-setting.
psy_summer_2024,2,2,22,5,inference,False,,1,It can be inferred from the text that one reason many museums refuse to discuss returning the Bronzes is because the objects -,are so valuable,were legally purchased from Benin,might get damaged,represent colonialism,none,whole,99,needs_whole_text,"No anchor; must assemble 'valuable objects', 'contested treasures' and the largest-collection boast.",inference_one_step,True,False,,ok,,,contradiction,"Text says they were looted, not purchased.",not_stated,Damage in transit is never raised as an argument.,wrong_entity,"That is the Nigerian objection, not a museum's motive."
psy_summer_2025,1,1,13,1,explicit_detail,True,,3,Which of the following statements about the vanilla plant cannot be understood from the first paragraph?,It has beautiful flowers.,It is used in preparing food.,It has an unpleasant smell.,It is a well-known kind of orchid.,paragraph_number,p1,4,needs_paragraph,Vanilla sentence alone is not enough; two options come from the general orchid sentences.,elimination_only,True,False,,ok,true_but_not_asked,Follows from 'lovely to look at' plus vanilla being an orchid.,true_but_not_asked,"Seeds are used in flavoring food, stated verbatim.",,,true_but_not_asked,Called one of the best-known kinds of orchids.
psy_summer_2025,1,1,14,2,paragraph_purpose,False,,1,The main purpose of the second paragraph is to -,discuss the different places where orchids grow,explain what epiphytes and lithophytes are,discuss why orchids are considered exotic,explain how to grow orchids,paragraph_number,p2,5,needs_paragraph,Every sentence names a habitat; only the full list reveals the paragraph's point.,generalization,True,False,,ok,,,too_narrow,"Two of five sentences, and they are examples of habitats.",right_words_wrong_relation,Paragraph denies orchids are exotic; never explains the belief.,right_words_wrong_relation,"Reuses 'grow' but text is about where, not how."
psy_summer_2025,1,1,15,3,vocab_in_context,False,line 6,1,"In line 6, ""exotic"" is closest in meaning to -",unusual,difficult to grow,large,very colorful,line_number,p2,1,yes_local,"Same sentence contrasts exotic with 'actually very common', fixing the sense.",inference_one_step,False,False,,ok,,,other:wrong_sense,"A connotation of exotic, but the sentence contrasts with common.",other:wrong_sense,Size is never at issue in this sentence.,other:wrong_sense,"Colorfulness is a stereotype of exotic, not the contrast here."
psy_summer_2025,1,1,16,4,paragraph_purpose,False,,1,The last paragraph is mainly about -,orchids in Chinese culture,the orchid as a symbol,Taiwan's orchid exports,the medicinal uses of orchids,ordinal_position,p3,7,needs_paragraph,Paragraph opens on exports; the 'more than just a money maker' pivot is decisive.,generalization,True,False,,ok,,,too_narrow,Symbolism is one sentence inside the culture discussion.,too_narrow,Opening two sentences only; exactly what a local reader grabs.,too_narrow,Medicine is one sentence inside the culture discussion.
psy_summer_2025,1,1,17,5,explicit_detail,True,,3,"According to the text, orchids are used in making all of the following except -",perfume,food,bark,medicine,none,whole,4,needs_whole_text,Four candidate words sit in three different paragraphs; all must be located.,elimination_only,True,False,,ok,true_but_not_asked,"Vanilla seeds are used in making perfume, line 5.",true_but_not_asked,"Seeds flavor food, line 5.",,,true_but_not_asked,"Used in traditional Chinese medicines, line 15."
psy_summer_2025,1,2,18,1,paragraph_purpose,False,,3,The main purpose of the first paragraph is to -,introduce the life and work of Erno Rubik,describe the structure of the Rubik's Cube,discuss the origins of a popular puzzle,discuss the connection between geometry and puzzles,paragraph_number,p1,5,needs_paragraph,Rubik's biography dominates the surface; the arc is how the cube came to be.,generalization,True,False,,ok,overreach,"Only the cube's genesis is given, not his life and work.",wrong_location,Structure is described in paragraph 2.,,,not_stated,Geometry is his interest; no general link to puzzles is drawn.
psy_summer_2025,1,2,19,2,paragraph_purpose,False,,2,The second paragraph mainly discusses the ___ of a Rubik's Cube.,colors and materials,appearance and manipulations,size and shape,configurations and solution,paragraph_number,p2,7,needs_paragraph,Must see that the paragraph both describes the cube and explains how it moves.,generalization,True,False,,ok,half_true,Colors are covered; materials are never mentioned.,,,too_narrow,"First sentence only, and both are said to be fixed.",too_narrow,Both appear only in the paragraph's closing sentence.
psy_summer_2025,1,2,20,3,inference,False,,4,"Based on the information in the second paragraph, a correctly solved Rubik's Cube must have -",a red square on six faces,one white corner on each face,nine squares of different colors on one face,one face with nine blue squares,paragraph_number,p2,4,needs_paragraph,"Must combine nine squares per face, six colors, and one-color-per-face goal.",synthesis,True,False,,ok,right_words_wrong_relation,"Real color and face count, impossible distribution when solved.",not_stated,Corners are never mentioned in the paragraph.,contradiction,"A solved face is all one color, not nine colors.",,
psy_summer_2025,1,2,21,4,inference,False,,1,It can be inferred from the last paragraph that the Rubik's Cube -,did not sell well in the late 1980s,was less successful in Hungary than in other countries,is very different from the Magic Cube,was manufactured with new colors in the 1990s,ordinal_position,p3,3,needs_paragraph,"Dating the slump needs the chain: early-80s boom, fad fizzled, 1990s comeback.",inference_one_step,False,False,,ok,,,contradiction,Text calls it a smash hit in Hungary.,right_words_wrong_relation,"Magic Cube is the same puzzle's original name, not another product.",not_stated,No manufacturing or color change is mentioned.
psy_summer_2025,1,2,22,5,explicit_detail,False,,4,"According to the last paragraph, timed competitions -",inspired Rubik to design new puzzles,were responsible for Rubik becoming famous,were Rubik's idea,led to renewed interest in the Rubik's Cube,named_entity_or_term,p3,1,yes_local,Scan 'timed competitions'; the same sentence says the cube made a comeback.,paraphrase,False,False,,ok,right_words_wrong_relation,Reverses order: he opened the studio before speedcubing existed.,wrong_entity,"Fame came from the early-1980s craze, not the competitions.",not_stated,Text never says who originated speedcubing.,,
psy_summer_2025,2,1,13,1,paragraph_purpose,False,,2,The main purpose of the first paragraph is to discuss ___ the Industrial Revolution.,health problems that increased after,the decrease in physical activity caused by,technologies developed during,changes in the workplace following,paragraph_number,p1,5,needs_paragraph,Three of four options name something the paragraph really mentions; only the arc decides.,generalization,True,False,,ok,too_narrow,Health problems appear only in the closing clause.,,,not_stated,No specific technologies are named or discussed.,half_true,Text says work and home; the point is declining activity.
psy_summer_2025,2,1,14,2,paragraph_purpose,False,,2,The main purpose of the second paragraph is to -,discuss the origins of the physical culture movement,describe efforts to make fitness a part of everyday life,compare physical activity in the 19th and 20th centuries,explain why the fitness industry is so profitable,paragraph_number,p2,7,needs_paragraph,"Movement, Kennedy, industry and research are one thread; the first sentence alone misleads.",generalization,True,False,,ok,too_narrow,Origins are the opening sentences; the paragraph runs to today.,,,right_words_wrong_relation,"Both centuries appear, but the paragraph narrates rather than compares.",right_words_wrong_relation,Lifts 'profitable industry'; no explanation of profitability is given.
psy_summer_2025,2,1,15,3,explicit_detail,False,,1,"According to the second paragraph, the physical culture movement -",encouraged all people to exercise regularly,was launched by President Kennedy,was based on scientific research,succeeded in improving the fitness of all Americans,paragraph_number,p2,2,needs_paragraph,Kennedy sits two sentences later and is the trap; must keep the actors apart.,paraphrase,True,False,,ok,,,wrong_entity,Kennedy's campaign came decades after the movement emerged.,right_words_wrong_relation,Borrows the closing sentence's research and attaches it to the 19th century.,overreach,"Absolute success claim, contradicted by the last paragraph."
psy_summer_2025,2,1,16,4,inference,False,,1,Which of the following statements can be inferred from the second paragraph?,People are willing to spend money to stay fit.,Exercise studios have become less popular than they were in the 1960s.,People like playing organized sports more than going to a gym.,Many people want to exercise but cannot find something they enjoy.,paragraph_number,p2,2,needs_paragraph,"The paying-customer inference sits in the two industry sentences, mid-paragraph.",inference_one_step,False,False,,ok,,,contradiction,"Paragraph describes the fitness industry rising, not declining.",right_words_wrong_relation,Both gyms and organized sports appear; the preference is invented.,wrong_location,"Barriers are in paragraph 3, and are time, not enjoyment."
psy_summer_2025,2,1,17,5,explicit_detail,True,line 22,4,"Which of the following is not an answer to the question ""Why is this so?"" (line 22)?",Because people are too busy to exercise.,Because some people do not enjoy exercising.,Because people prefer to do other things in their free time.,Because exercise does not make people healthier.,line_number,p3,5,needs_paragraph,Line 22 is only the question; the three real answers follow across the paragraph.,elimination_only,False,False,,ok,true_but_not_asked,Text says those who want to exercise may lack time.,true_but_not_asked,Text says some are simply uninterested.,true_but_not_asked,Text says leisure time goes to screens.,,
psy_summer_2025,2,2,18,1,paragraph_purpose,False,,4,The main purpose of the first paragraph is to -,discuss the benefits of reading to children,present some world-famous book lovers,discuss the rewards of reading,introduce a book meant to encourage children to read,paragraph_number,p1,4,needs_paragraph,Must separate what the book is about from what this paragraph does.,generalization,True,False,,ok,right_words_wrong_relation,Confuses the book's subject with the paragraph's job.,too_narrow,"Contributors are one sentence, and 'world-famous' overstates 'accomplished'.",wrong_location,"Rewards of reading are Solnit's letter, paragraph 2.",,
psy_summer_2025,2,2,19,2,paragraph_purpose,False,,4,"In the second paragraph, Solnit -",suggests that books should be selected carefully,discusses the relationship between a book's architecture and its contents,describes her favorite books,describes the benefits that reading can provide,paragraph_number,p2,11,needs_paragraph,A list of metaphors; only the accumulated list shows they are all benefits.,generalization,False,False,,ok,not_stated,No advice about choosing books appears anywhere.,right_words_wrong_relation,Lifts 'architecture' from line 10; the point is the contrast.,not_stated,"'Some books' are kinds, not her personal favorites.",,
psy_summer_2025,2,2,20,3,explicit_detail,True,,3,"In the second paragraph, Solnit compares books to all of the following except -",toolkits,parties,friends,journeys,paragraph_number,p2,11,needs_paragraph,"'Friends' appears verbatim; only the full sentence shows books are the party, not the friends.",elimination_only,True,False,,ok,true_but_not_asked,"'Some books are toolkits', line 12.",true_but_not_asked,"'Some are parties to which you are invited', line 15.",,,true_but_not_asked,"'Some long books are journeys', line 18."
psy_summer_2025,2,2,21,4,paragraph_purpose,False,,1,The main purpose of the last paragraph is to -,discuss the role that books played in Solnit's childhood,explore a less positive aspect of reading,discuss Solnit's difficult experiences as a child,show how books teach children to love,ordinal_position,p3,6,needs_paragraph,Metaphor-dense paragraph; the unhappy-childhood clause invites the wrong option.,generalization,True,False,,ok,,,contradiction,Paragraph is uniformly positive about what books gave her.,too_narrow,"'Unhappy circumstances' is one clause, never elaborated.",right_words_wrong_relation,Reverses 'in love with books' into books teaching love.
psy_summer_2025,2,2,22,5,reference_word,False,line 23,4,"""There"" (line 23) refers to Solnit's -",humanity,childhood,childhood home,tower,line_number,p3,2,yes_local,Immediately preceding clause names the tower; nothing else is a place.,inference_one_step,True,False,,ok,wrong_entity,"Humanity is an abstraction from a later clause, not a place.",wrong_entity,Childhood is a time; 'There' demands a location.,not_stated,No childhood home is mentioned in the letter.,,
psy_winter_2021,1,1,13,1,title,False,,2,An appropriate title for this text would be -,How to Overcome Stereotypes in Education,Smart or Hardworking? How Girls View Themselves,"Trying Really, Really Hard: The Key to Success in Childhood",The Close Link between Gender and Ability,none,whole,99,no_locator,Nothing to scan for; must weigh whole text about girls' self-view of smartness,generalization,True,False,,ok,not_stated,Text never explains how to overcome stereotypes; only hopes interventions emerge,,,right_words_wrong_relation,Lifts quoted phrase from line 13; text never calls effort the key to success,right_words_wrong_relation,Turns a perceived belief about gender and ability into a real link
psy_winter_2021,1,1,14,2,explicit_detail,False,,2,"According to the first paragraph, many girls -",have more natural ability than boys,believe that their success in school is a result of effort,question the views of their parents and teachers,believe that brilliance is more important than hard work,paragraph_number,p1,2,yes_local,Find 'many girls also share this view'; must resolve 'this view' to previous sentence,paraphrase,True,False,,ok,contradiction,"Text attributes natural ability to boys in the stereotype, not girls",,,contradiction,Girls share the adults' view rather than questioning it,right_words_wrong_relation,Reuses brilliance/hard work; no claim about which matters more
psy_winter_2021,1,1,15,3,explicit_detail,False,,1,"According to the second paragraph, at the age of five, most boys and girls -",associate intelligence with people of their own gender,believe that boys are smarter than girls,accept gender stereotypes,are not sure that they will be successful in school,paragraph_number,p2,1,yes_local,Scan 'five-year-old'; the 70-percent sentence alone settles it,paraphrase,True,False,,ok,,,wrong_entity,"That pattern belongs to six-year-olds, not five-year-olds",wrong_location,"Taken from the paragraph's general opening sentence, not the age-five data",not_stated,Text says nothing about children's expectations of school success
psy_winter_2021,1,1,16,4,explicit_detail,False,,3,The study presented in the second paragraph found that -,"girls were better than boys at playing the game for children who ""try really, really hard""","girls and boys were both very interested in the game for children who ""are really, really smart""",six-year-old girls were less likely to think of girls as smart than five-year-old girls were,most boys and girls thought that six-year-olds are more intelligent than five-year-olds,paragraph_number,p2,2,needs_paragraph,Stem names no detail; must compare 70% and 48% figures sitting in different sentences,synthesis,True,False,,ok,right_words_wrong_relation,Swaps equal interest in the game for superior performance at it,contradiction,Girls were less interested than boys in the 'really smart' game,,,right_words_wrong_relation,Recombines the two ages into a comparison the study never made
psy_winter_2021,1,1,17,5,paragraph_purpose,False,,1,The main purpose of the last paragraph is to claim that -,women's academic studies and their careers are often influenced by stereotypes that they have been exposed to,more research is needed on the links between intelligence and grades in women,women are less afraid of studying in difficult academic disciplines than they once were,high grades in high school do not necessarily predict how successful women will be in their careers,ordinal_position,p3,4,needs_paragraph,Must read the whole closing paragraph; single sentences support wrong options,generalization,True,False,,ok,,,not_stated,"Cimpian hopes for interventions, not for further research",contradiction,Text says women may opt out of difficult disciplines,right_words_wrong_relation,Uses the high-grades detail to state a prediction claim the text never makes
psy_winter_2021,1,2,18,1,paragraph_purpose,False,,3,The main purpose of the first paragraph is to introduce Oxford University's -,definition of the serial comma,traditional rules for using commas,controversial policy change,"writers, editors, and printers",ordinal_position,p1,4,needs_paragraph,Opening sentence defines the comma; only the whole paragraph shows the directive is the point,generalization,False,False,,ok,too_narrow,The definition occupies only the first clause of the paragraph,not_stated,"No comma rules are given, only a note on tradition",,,too_narrow,"Verbatim lift of a list from line 1, not a purpose"
psy_winter_2021,1,2,19,2,vocab_in_context,False,line 5,1,"The word ""bemoaning"" (line 5) is closest in meaning to -",regretting,explaining,approaching,deleting,line_number,p1,1,yes_local,The contrast with 'while others celebrated' in the same sentence fixes the meaning,inference_one_step,False,False,,ok,,,not_stated,No explaining in the sentence; ignores the contrast with celebrating,not_stated,Unrelated sense; nothing in the sentence supports it,right_words_wrong_relation,"Deletion fits the comma's demise, not what its advocates were doing"
psy_winter_2021,1,2,20,3,paragraph_purpose,False,,3,The main purpose of the second paragraph is to present -,a Washington Post journalist's position on the uproar,some famous examples of the serial comma,arguments for and against the serial comma,the advantages of dropping the Oxford comma,ordinal_position,p2,3,needs_paragraph,Must see the paragraph is one-sided; the opposing view sits in the next paragraph,generalization,True,True,Option 1 is correct: paragraph two gives only Petri's pro-comma position; the counterargument appears in paragraph three,ok,other:likely_correct_answer,Accurately describes the paragraph: one journalist's position on the comma,too_narrow,"One illustrative dedication, and it shows the comma missing",,,wrong_location,Advantages of dropping it are argued in the third paragraph
psy_winter_2021,1,2,21,4,explicit_detail,False,,4,"According to the last paragraph, Oxford University Press -",was surprised by the public outcry over the Oxford comma,is not connected with other departments in the university,issued new directives regarding its publications,never decided to stop using the Oxford comma,ordinal_position,p4,2,yes_local,"Scan 'Oxford University Press'; the not-abandoned sentence decides it, but the negation must be inverted",paraphrase,False,False,,ok,not_stated,The directive was surprising; nobody says the Press was surprised,overreach,Distinguishing Press from PR department is not organisational disconnection,wrong_entity,"The university's PR department issued the change, not the Press",,
psy_winter_2021,1,2,22,5,other,False,,2,In which of the following sentences is a serial comma used?,"He changed his job, not his profession.","India, the United Kingdom, and Canada all have prime ministers.","In 1492, Columbus discovered the New World.","The objective of the United Nations, founded in 1945, is to settle international disputes.",named_entity_or_term,p1,1,yes_local,"Only the opening definition is needed, then applied to four new sentences",inference_one_step,False,False,,ok,other:comma_but_not_a_list,"Contrastive comma before 'not', no list at all",,,other:comma_but_not_a_list,"Introductory date comma, not a list separator",other:parenthetical_commas,"Commas enclose an appositive phrase, not list items"
psy_winter_2021,2,1,13,1,main_idea,False,,1,The main purpose of the text is to discuss Van Aken's -,unusual creations,perception of art,career as a sculptor,views on genetic engineering,none,whole,99,no_locator,"Van Aken is named everywhere, so the name localises nothing",generalization,False,False,,ok,,,right_words_wrong_relation,"Text says viewers' perception of nature changes, not his perception of art",too_narrow,Sculptor is one word in the opening sentence; career is never discussed,not_stated,Genetic engineering appears only to be ruled out; no views given
psy_winter_2021,2,1,14,2,paragraph_purpose,False,,2,The main purpose of the second paragraph is to -,describe how grafting was done long ago,describe the creation of a Tree of 40 Fruit,discuss how grafting has changed over time,discuss genetic engineering,paragraph_number,p2,8,needs_paragraph,Grafting background fills half the paragraph; only the whole shows Van Aken's process is the point,generalization,True,False,,ok,too_narrow,Traditional grafting is two sentences of background,,,right_words_wrong_relation,Contrast between traditional and Van Aken's method is not historical change,not_stated,Genetic engineering is only mentioned to be excluded
psy_winter_2021,2,1,15,3,inference,False,,2,It can be inferred from the second paragraph that Van Aken's trees -,are designed to produce unusually large fruit,do not always grow according to plan,are completed within a few months,do not have more than twenty grafts,paragraph_number,p2,2,needs_paragraph,Stem names no detail; the deciding quote about uncontrollable grafts is at the paragraph's end,inference_one_step,True,False,,ok,not_stated,Fruit size is never mentioned anywhere in the text,,,wrong_entity,A few months applies to traditional grafts; his trees take years,contradiction,He starts with about twenty grafts and adds more later
psy_winter_2021,2,1,16,4,paragraph_purpose,False,,3,The main purpose of the last paragraph is to -,discuss changes in fruit production in the US,explain why many varieties of fruit are not commercially viable,introduce an additional goal of Van Aken's project,describe Van Aken's work with farmers in the US,ordinal_position,p3,6,needs_paragraph,Every sentence but the last supports a wrong option; the goal appears only at the end,generalization,True,False,,ok,too_narrow,"Disappearing varieties are background, not the paragraph's purpose",right_words_wrong_relation,"Viability is used as a cause, never itself explained",,,too_narrow,"Visiting farmers is one sentence describing means, not the goal"
psy_winter_2021,2,1,17,5,explicit_detail,True,,3,Which of the following statements about Van Aken's trees is not made in the text?,Their flowers bloom in many different colors.,They produce fruits that are not very common.,They live longer than genetically engineered trees.,They bear more than one type of fruit.,none,whole,99,needs_whole_text,Negative item: must verify three separate statements scattered across all three paragraphs,elimination_only,True,False,,ok,true_but_not_asked,"Stated in paragraph one: white, pink, red and purple blossoms",true_but_not_asked,Stated in the last paragraph: increasingly rare varieties,,,true_but_not_asked,Stated in paragraph one: forty different kinds of fruit
psy_winter_2021,2,2,18,1,paragraph_purpose,False,,4,The first paragraph is mainly about -,the early history of poker,typical poker players today,the World Championship of Poker,changes in the status of poker,ordinal_position,p1,5,needs_paragraph,The illicit-to-legitimate arc only appears when the whole paragraph is read,generalization,False,False,,ok,wrong_location,Poker's origins are the second paragraph's subject,not_stated,"The colorful cast is presented as unusual, never as typical",too_narrow,The championship is one illustration of poker's new legitimacy,,
psy_winter_2021,2,2,19,2,inference,False,,4,It can be inferred from the second paragraph that poker -,"was played in Persia, France, England, and Germany before it was introduced in the United States","spread from the United States to Persia, France, England, and Germany","is unlike games played in Persia, France, England, and Germany because it involves betting","is related to games that were played in Persia, France, England, and Germany",paragraph_number,p2,1,yes_local,Scan the country names; the hybrid sentence alone settles the relation,paraphrase,True,False,,ok,right_words_wrong_relation,"The source games were played there, not poker itself",contradiction,Reverses the direction: poker was built from those games,contradiction,The four ancestors are explicitly called betting games,,
psy_winter_2021,2,2,20,3,paragraph_purpose,False,,1,The third paragraph explains why casinos -,have opened in many parts of the United States,are not considered respectable,have not been legalized everywhere,are still concerned about gambling,paragraph_number,p3,3,needs_paragraph,Must link the opening claim about openings to the tax-and-tourism reason two sentences later,paraphrase,True,False,,ok,,,contradiction,The paragraph describes a return to respectability,not_stated,Text never discusses states that have not legalized casinos,contradiction,"Previous concerns are described as cast aside, and by states"
psy_winter_2021,2,2,21,4,vocab_in_context,False,line 26,4,"In line 26, ""losers in both respects"" could be replaced by -",inexperienced and nervous,poor and unlucky,lost and confused,bored and losing money,line_number,p4,3,yes_local,Must map 'both respects' back to excitement and easy money in the previous sentence,inference_one_step,True,False,,ok,not_stated,Neither inexperience nor nervousness is one of the two respects,other:generic_meaning_ignores_context,Everyday sense of loser; ignores the two named attractions,other:wrong_sense_of_lost,Plays on 'lost' money as being lost and confused,,
psy_winter_2021,2,2,22,5,title,False,,3,An appropriate title for the text would be -,Betting on Poker: Casinos Try to Get Rich,Gambling: No More Moral Condemnation,From Saloons to Televised Tournaments: Poker Becomes Respectable,Excitement in Atlantic City: The World Championship of Poker,none,whole,99,no_locator,No scan target; must judge which strand covers all four paragraphs,generalization,True,False,,ok,too_narrow,"Casinos are one paragraph, and the text is about poker",overreach,Widens poker to all gambling and overstates the moral verdict,,,too_narrow,"The Atlantic City tournament is an example, not the subject"
psy_winter_2022,1,1,13,1,title,False,,4,An appropriate title for this text would be -,How Warm-Blooded Marine Mammals Breathe,The Evolution of the Whale: A Study in Marine Biology,Coming Up for Air: The Whale's Lung Capacity,The Extraordinary Respiratory System of the Whale,none,whole,99,no_locator,"All three paragraphs describe one system: efficiency, blowhole, half-brain sleep.",generalization,True,False,,ok,overreach,Widens to all warm-blooded marine mammals; only whales appear.,right_words_wrong_relation,Borrows 'evolution' and 'marine biologists' from passing mentions.,too_narrow,Lung capacity is not the point; absorption efficiency is.,,
psy_winter_2022,1,1,14,2,paragraph_purpose,False,,2,The main purpose of the first paragraph is to -,compare the breathing patterns of whales and other marine mammals,discuss the efficiency of the whale's breathing system,explain why whales need to stay underwater for long periods of time,present several differences between marine mammals and humans,ordinal_position,p1,5,needs_paragraph,"The percentages, the gas-mileage image and the 90 minutes all serve efficiency.",generalization,True,False,,ok,wrong_entity,"The comparison is with humans and mammals, not marine mammals.",,,right_words_wrong_relation,"The paragraph explains how they can, never why they need to.",too_narrow,"The human contrast is a device, not the aim."
psy_winter_2022,1,1,15,3,reference_word,False,line 3,4,"In line 3, ""those"" refers to -",mammals,beasts,humans,lungs,line_number,p1,1,yes_local,The referent sits two words earlier in the very same clause.,paraphrase,True,False,,ok,right_words_wrong_relation,"'Mammals' is the noun right after the pronoun, not its referent.",right_words_wrong_relation,"'Beast' appears in the next clause, describing the whale.",right_words_wrong_relation,"'Humans' is inside the same appositive, not the referent.",,
psy_winter_2022,1,1,16,4,vocab_in_context,False,line 13,2,"In line 13, ""inhales"" can best be replaced by -",moves,breathes in,relaxes,opens up,line_number,p2,2,yes_local,The previous sentence already says 'take in air'; the word is fixed locally.,paraphrase,True,False,,ok,not_stated,Too vague; nothing in the sentence supports mere motion.,,,right_words_wrong_relation,Plays off 'flexes a muscle' earlier in the same sentence.,right_words_wrong_relation,"Echoes 'open the blowhole', a different step of the sequence."
psy_winter_2022,1,1,17,5,explicit_detail,False,,1,"According to the last paragraph, marine biologists have discovered that whales -",are never entirely asleep,need less sleep than humans,never use more than half the brain,often lack oxygen,ordinal_position,p3,2,yes_local,'Never completely unconscious' is a near-verbatim match for the correct option.,paraphrase,True,False,,ok,,,not_stated,No comparison of sleep quantity with humans is made.,right_words_wrong_relation,Half the brain sleeps; that is not half being used.,contradiction,The paragraph ends with an adequate oxygen supply.
psy_winter_2022,1,2,18,1,inference,False,,2,It can be inferred from the first paragraph that Malmesbury -,is the oldest town in England,is usually a very quiet town,attracts many tourists,was founded by King Alfred,ordinal_position,p1,2,yes_local,'Not since ... a thousand years earlier' is the whole basis for the inference.,inference_one_step,False,False,,ok,overreach,A thousand-year reference does not make it England's oldest.,,,right_words_wrong_relation,"Reporters came for this one event, not as regular tourists.",right_words_wrong_relation,Alfred is used only to date the last excitement.
psy_winter_2022,1,2,19,2,inference,False,,2,It can be inferred from the second paragraph that the Tamworth Two were -,famous before they ran away,supposed to be killed,the only Tamworth pigs in Malmesbury,considered dangerous,paragraph_number,p2,2,yes_local,Being unloaded at a slaughterhouse and running for their lives is one sentence.,inference_one_step,False,False,,ok,contradiction,"Their fame came from the escape, not before it.",,,not_stated,No claim about other Tamworth pigs in the town.,not_stated,"They are called plucky and likeable, never dangerous."
psy_winter_2022,1,2,20,3,explicit_detail,False,,4,"According to the third paragraph, Arnoldo Dijulio -",helped capture the pigs,owned a slaughterhouse,did not want the pigs to be found,did not share the public's concern for the pigs,paragraph_number,p3,2,yes_local,Scan the name; his stated intention against the public outcry gives it at once.,inference_one_step,False,False,,ok,not_stated,The capture is described without any role for him.,right_words_wrong_relation,He used the local slaughterhouse; ownership is never claimed.,contradiction,He intended to send them there if captured.,,
psy_winter_2022,1,2,21,4,explicit_detail,False,,4,"According to the last paragraph, the Tamworth Two -",were sold by the Daily Mail,appeared in the movie The Legend of the Tamworth Two,tried to escape again,were never sent to the slaughterhouse,ordinal_position,p4,2,yes_local,"The sanctuary sentence settles it, though the answer is phrased as a negation.",inference_one_step,False,False,,ok,right_words_wrong_relation,The Mail bought them; no later sale is described.,right_words_wrong_relation,Their story was filmed; the pigs did not appear.,not_stated,No second escape is mentioned.,,
psy_winter_2022,1,2,22,5,explicit_detail,False,,1,Which of the following is true according to the text?,The River Avon is close to Malmesbury.,The Daily Mail is owned by the BBC.,Dijulio offered a reward for the safe return of Butch and Sundance.,Tamworth pigs are protected animals.,none,whole,12,needs_whole_text,"No pointer, and the four options draw on three different paragraphs.",paraphrase,True,False,,ok,,,right_words_wrong_relation,Both outlets are named; no relation between them is stated.,right_words_wrong_relation,"Money was offered to Dijulio, not by him.",not_stated,Legal protection of the breed is never mentioned.
psy_winter_2022,2,1,13,1,paragraph_purpose,False,,1,"In the second paragraph, the author explains -",why Confucius became a teacher,why the political situation in China was unstable,how students were educated in China,how Confucius became interested in politics,paragraph_number,p2,3,needs_paragraph,The 'in order to educate future leaders' clause is the paragraph's point of arrival.,generalization,True,False,,ok,,,right_words_wrong_relation,"Instability is asserted as background, never explained.",wrong_location,Teaching method is the third paragraph's subject.,right_words_wrong_relation,He held official posts; no origin of interest is given.
psy_winter_2022,2,1,14,2,paragraph_purpose,False,,2,The main purpose of the third paragraph is to -,explain why Confucius had so many followers,discuss some of Confucius's teachings,describe Confucius's method of debating,discuss attitudes towards Confucius's ideas,paragraph_number,p3,6,needs_paragraph,"Method, Li, the ideal person and filial duty are separate items under one heading.",generalization,True,False,,ok,wrong_location,"Large student numbers are paragraph two, with no reason given.",,,too_narrow,Debate is only the paragraph's opening sentence.,wrong_location,Reception of his ideas belongs to the last paragraph.
psy_winter_2022,2,1,15,3,inference,False,,1,It can be inferred from the third paragraph that a person who practiced Li -,was polite and respectful towards others,actively spread Confucius's teachings,wanted to become a philosopher,recognized the importance of education,paragraph_number,p3,2,yes_local,Scan 'Li'; the next sentence's ideal person supplies polite and respectful verbatim.,paraphrase,True,False,,ok,,,wrong_location,Spreading his ideas was his students' act after his death.,not_stated,No ambition to become a philosopher is described.,wrong_location,Education's importance is the second paragraph's theme.
psy_winter_2022,2,1,16,4,explicit_detail,False,,3,"According to the last paragraph, many people in China followed a religion as well as the teachings of Confucius because -",this was encouraged by the Communist government,they thought Confucianism would lead to social progress and change,they did not consider Confucianism a religion,Confucius's students had encouraged this practice,ordinal_position,p4,2,yes_local,The 'rather than a religion ... Therefore' pair states the cause explicitly.,paraphrase,True,False,,ok,contradiction,The Communist government banned Confucianism in 1949.,contradiction,The rulers thought it would prevent social progress.,,,wrong_location,"The students spread his ideas, a third-paragraph fact."
psy_winter_2022,2,1,17,5,title,False,,2,An appropriate title for this text would be -,Confucius: Politician or Philosopher?,A Great Teacher and His Philosophy,Different Religions in China,The Influence of Confucianism on Communism,none,whole,99,no_locator,"Life, teachings and later fortunes must all fit under one heading.",generalization,True,False,,ok,right_words_wrong_relation,Official posts are mentioned; no such question is posed.,,,too_narrow,Buddhism and Christianity appear in one clause.,right_words_wrong_relation,Reverses it: the Communists acted on Confucianism.
psy_winter_2022,2,2,18,1,main_idea,False,,1,The main purpose of the text is to -,present Talhelm's rice theory,describe a study on individualism in China,discuss the Yangtze River's influence on agricultural practices,present geographical characteristics north and south of the Yangtze River,none,whole,99,no_locator,"Observation, hypothesis and test are three paragraphs of one theory's presentation.",generalization,True,False,,ok,,,too_narrow,The study is the last paragraph; individualism one measure.,right_words_wrong_relation,"Reverses the arrow: crops shape behavior, not the river crops.",too_narrow,Geography is the setting for the cultural claim.
psy_winter_2022,2,2,19,2,explicit_detail,False,,4,"According to the first paragraph, people in China regard those who live north of the Yangtze River as -",less culturally diverse than people south of the river,isolated from the rest of China,friendly and welcoming,more independent than those who live south of the river,ordinal_position,p1,1,yes_local,The closing 'assertive and self-sufficient' clause answers on its own.,paraphrase,False,False,,ok,right_words_wrong_relation,Borrows 'cultural divide' to invent a diversity claim.,right_words_wrong_relation,Turns 'geographical barrier' and self-sufficiency into isolation.,wrong_entity,"That describes the southerners, not the northerners.",,
psy_winter_2022,2,2,20,3,vocab_in_context,False,,1,Which of the following words from the second paragraph means something different from the others?,particular,primary,staple,main,paragraph_number,p2,3,needs_paragraph,All four words must be found and compared; no single hit resolves the odd one out.,elimination_only,True,False,,ok,,,other:synonym_of_other_options,"'Primary' means principal, as staple and main do.",other:synonym_of_other_options,"'Staple' names the chief crop, like primary and main.",other:synonym_of_other_options,'Main' is the plainest member of the same synonym set.
psy_winter_2022,2,2,21,4,paragraph_purpose,False,,2,The main purpose of the last paragraph is to -,compare wheat cultures and rice cultures,describe how Talhelm showed that people's traits are shaped by the agricultural traditions of their families,"explain why Talhelm's theory came to be called ""rice theory""",describe how Talhelm and his colleagues conducted their study of university students,ordinal_position,p3,7,needs_paragraph,Method dominates the surface; only the closing conclusion reveals the real point.,generalization,True,False,,ok,wrong_location,The crop comparison is the second paragraph's work.,,,right_words_wrong_relation,"The name is given in passing, never accounted for.",too_narrow,"The procedure is the means, not the paragraph's purpose."
psy_winter_2022,2,2,22,5,inference,False,,1,It can be inferred from the last paragraph that in China today -,many people who live in cities come from families that once farmed,most farming families no longer send their children to university,rice theory is no longer accepted,loyalty is valued more than individualism,ordinal_position,p3,3,needs_paragraph,"Needs the city-student sampling, the non-farming clause and the plows quotation together.",inference_one_step,False,False,,ok,,,not_stated,Nothing about who does or does not attend university.,contradiction,The 2014 study supported the theory.,right_words_wrong_relation,Both are test measures; no ranking between them is given.
psy_winter_2023,1,1,13,1,main_idea,False,,2,What do the two post offices described in the text have in common?,They are in convenient locations.,They provide a unique experience.,They may soon have to close.,They have streamlined their services.,none,p2-p3,15,needs_whole_text,Nothing to scan for; both post-office paragraphs must be held together at once.,synthesis,False,False,,ok,contradiction,Both are underwater or 1100 kilometers from anywhere.,,,contradiction,These two flourish; closures belong to ordinary post offices.,wrong_location,Streamlining is a first-paragraph fact about other offices.
psy_winter_2023,1,1,14,2,vocab_in_context,False,line 3,2,"In line 3, ""become obsolete"" is closest in meaning to -",greatly improve,no longer exist,spread to new places,look different,line_number,p1,2,yes_local,The following sentence about closures fixes the meaning within one hop.,paraphrase,False,False,,ok,contradiction,Reverses the decline the paragraph describes.,,,not_stated,Geographic spread is not what the sentence predicts.,not_stated,Appearance of the postal system is never discussed.
psy_winter_2023,1,1,15,3,paragraph_purpose,False,,4,The main purpose of the second paragraph is to describe -,the Hideaway Island Marine Sanctuary,some of Vanuatu's tourist attractions,the world's smallest post office,a post office that is not on land,paragraph_number,p2,6,needs_paragraph,Every sentence circles the underwater location; single sentences yield the narrow decoys.,generalization,False,False,,ok,too_narrow,"The sanctuary is the address, not the topic.",overreach,Only one attraction in Vanuatu is described.,right_words_wrong_relation,"Borrows the superlative frame; the claim is first, not smallest.",,
psy_winter_2023,1,1,16,4,inference,False,,4,It can be inferred that Vanuatu Post offers tourists the opportunity to -,learn how to dive,buy scuba equipment,visit many islands,see underwater life,named_entity_or_term,p2,3,needs_paragraph,The closing 'look below the surface' needs the sanctuary and diving context to be read right.,inference_one_step,False,False,,ok,not_stated,"Divers are assumed, never taught; no lessons are offered.",right_words_wrong_relation,Scuba equipment is what the postal workers wear.,right_words_wrong_relation,Vanuatu comprises many islands; no island tour is offered.,,
psy_winter_2023,1,1,17,5,explicit_detail,False,,1,"Based on the information in the last paragraph, which of the following statements about the Penguin Post Office is true?",It is not difficult to find people who want to work there.,Its workers are well paid.,Its staff helps look after the penguin colony.,It changes its location in the winter.,ordinal_position,p3,2,yes_local,The final sentence's 'fifty people eagerly apply' is the whole evidence.,inference_one_step,False,False,,ok,,,contradiction,The same sentence lists a minimal salary.,not_stated,Tourists watch the penguins; staff duties are unstated.,right_words_wrong_relation,It closes outside summer; the location never moves.
psy_winter_2023,1,2,18,1,main_idea,False,,3,The main purpose of the text is to -,examine the place of science fiction in literature,compare the works of several well-known science fiction authors,discuss how accurate the depictions of science fiction writers have been,present some important features of science fiction,none,whole,99,no_locator,The accuracy question opens and closes the text; the middle examples alone mislead.,generalization,True,False,,ok,not_stated,Literary standing of the genre is never assessed.,right_words_wrong_relation,"Authors are listed as examples, never compared with each other.",,,overreach,'Features of science fiction' is broader than the accuracy question.
psy_winter_2023,1,2,19,2,explicit_detail,True,,2,Which of the following is not mentioned in the second paragraph as a development imagined by science fiction writers?,rockets,money,tracking devices,the internet,paragraph_number,p2,5,needs_paragraph,NOT item; 'money' is present in the paragraph as the thing debit cards replaced.,elimination_only,True,False,,ok,true_but_not_asked,Verne's moon gun is likened to rockets.,,,true_but_not_asked,Orwell foreshadowed 24-hour surveillance capability.,true_but_not_asked,The internet is on the paragraph's closing list.
psy_winter_2023,1,2,20,3,vocab_in_context,False,line 12,2,"In line 12, ""foreshadowed"" could best be replaced by -",transported,anticipated,launched,surveyed,line_number,p2,1,yes_local,The paragraph's own topic sentence already uses 'anticipating' for the same idea.,paraphrase,True,False,,ok,wrong_location,'Transport us' belongs to the first paragraph.,,,wrong_location,'Launched' comes from the rockets sentence above.,right_words_wrong_relation,"Echoes 'surveillance' in the same sentence, not the verb's sense."
psy_winter_2023,1,2,21,4,inference,False,,1,It can be inferred from the text that science fiction writers want to not .,entertain; make predictions,frighten readers; make them think about what is possible,influence the future of technology; sell a lot of books,shape reality; describe imaginary worlds,none,p3,2,no_locator,"Only the closing Niven quotation decides, and the stem points nowhere.",inference_one_step,True,False,,ok,,,contradiction,"Imagining possibilities is their stated aim, not a rejected one.",not_stated,Sales and technological influence are never mentioned.,contradiction,"Reverses it: imagining worlds is the aim, not the denial."
psy_winter_2023,1,2,22,5,inference,True,,3,"Based on the information in the text, which of the following would least likely be the plot of a science fiction novel?",A creature from another planet visits Earth.,"When global warming threatens to destroy life on Earth in 2099, a group of young people set out to save the world.",An army led by the king of ancient Egypt conquers another empire.,Machines built by a mad scientist take over the world.,none,whole,99,no_locator,Options are invented plots absent from the text; only the genre's shape decides.,elimination_only,False,False,,ok,true_but_not_asked,Other planets are named as science fiction material.,true_but_not_asked,A future-catastrophe plot fits the visions described.,,,true_but_not_asked,Robot rebellions are cited explicitly in the last paragraph.
psy_winter_2023,2,1,13,1,paragraph_purpose,False,,4,The main purpose of the second paragraph is to -,explain why the Sultan was disappointed with Firdousi's Shahnameh,discuss the historical events described in the Shahnameh,compare several versions of the Shahnameh,present one story about the Shahnameh,paragraph_number,p2,8,needs_paragraph,The framing 'According to one' only pays off once the whole anecdote is read.,generalization,True,False,,ok,not_stated,The Sultan was never disappointed with the poem itself.,wrong_location,What the poem recounts belongs to paragraph one.,right_words_wrong_relation,"'Many different accounts' means stories about it, not poem versions.",,
psy_winter_2023,2,1,14,2,explicit_detail,False,,1,The advisors mentioned in the second paragraph recommended giving Firdousi -,less than what the Sultan had promised,a robe,nothing,a gold coin for every verse he wrote,paragraph_number,p2,2,yes_local,Scan 'advisors'; silver-instead-of-gold is in the same sentence and means less.,inference_one_step,False,False,,ok,,,wrong_location,"The robe belongs to the later apology, ten years on.",overreach,"They advised paying in silver, not withholding payment.",wrong_entity,"That was the Sultan's own promise, which they opposed."
psy_winter_2023,2,1,15,3,explicit_detail,False,,4,"According to the second paragraph, Sultan Mahmud -",was invited to Firdousi's funeral,requested that Firdousi write another poem,did not do as his advisors suggested,realized he had behaved badly towards Firdousi,paragraph_number,p2,1,yes_local,'Deeply regretted his unfair treatment' answers within one sentence.,paraphrase,False,False,,ok,right_words_wrong_relation,The funeral is real; no invitation is described.,not_stated,No second commission is mentioned anywhere.,contradiction,The advisors convinced him; he did follow them.,,
psy_winter_2023,2,1,16,4,paragraph_purpose,False,,2,The main purpose of the last paragraph is to -,explain why Firdousi's daughter turned down the gold coins,discuss how the Sultan's money was used,describe the wall built in Firdousi's memory,describe the caravanserai built at the Sultan's request,ordinal_position,p3,4,needs_paragraph,"Refusal, wall and guesthouse are three steps of one thread about the gold.",generalization,True,False,,ok,right_words_wrong_relation,The refusal is stated; no reason is given for it.,,,right_words_wrong_relation,"The caravanserai, not the wall, was the memorial.",wrong_entity,The sister decided on it; the Sultan requested nothing.
psy_winter_2023,2,1,17,5,explicit_detail,True,,2,"According to the text, Firdousi was not -",a respected poet,an advisor to the Sultan,familiar with Persian legends,interested in protecting his village,named_entity_or_term,whole,12,needs_whole_text,"The three true statements sit in three different paragraphs, so all must be checked.",elimination_only,True,False,,ok,true_but_not_asked,Paragraph one calls him a poet of great eminence.,,,true_but_not_asked,His epic recounts the legends of Persia.,true_but_not_asked,He often discussed the flood wall for his village.
psy_winter_2023,2,2,18,1,main_idea,False,,2,The main purpose of the text is to -,describe crystals and their molecular structure,discuss an important scientific research method,present a recent discovery in the field of medicine,discuss Hodgkin's contribution to x-ray diffraction crystallography,none,whole,99,no_locator,"Crystals, the technique and the insulin case all serve one method-centred purpose.",generalization,False,False,,ok,too_narrow,Crystal structure is the first paragraph's setup only.,,,wrong_entity,"The insulin result dates to 1969, and is an illustration.",too_narrow,"Hodgkin is the worked example, not the subject."
psy_winter_2023,2,2,19,2,inference,False,,2,It can be inferred from the second paragraph that all crystals -,change when struck by a beam of x-rays,produce a diffraction pattern,have medical uses,have the same molecular configuration,paragraph_number,p2,2,yes_local,The scattering-and-image pair states it generally for any crystal struck by x-rays.,inference_one_step,True,False,,ok,right_words_wrong_relation,The crystal scatters the beam; the crystal itself is unchanged.,,,overreach,"Medicine is one example field, not a property of crystals.",contradiction,Each crystal's configuration must be determined separately.
psy_winter_2023,2,2,20,3,vocab_in_context,False,,2,"It can be inferred from the second paragraph that ""diffract"" is closest in meaning to -",strike,scatter,decipher,configure,paragraph_number,p2,2,yes_local,'Scatters the beam' then 'these scattered x-rays' pins the word inside two sentences.,inference_one_step,True,False,,ok,right_words_wrong_relation,'Strikes' is the x-rays' action on the crystal.,,,right_words_wrong_relation,'Deciphering' is what the researcher does afterwards.,right_words_wrong_relation,Echoes 'molecular configuration' from the same sentence.
psy_winter_2023,2,2,21,4,explicit_detail,False,,2,"According to the last paragraph, in 1934 -",the cause of diabetes was not yet known,x-ray diffraction crystallography was not very advanced,insulin had just been discovered,Hodgkin began working with other scientists on x-ray diffraction crystallography,ordinal_position,p3,2,yes_local,Scan 1934; the next sentence says the technique was not sufficiently developed.,paraphrase,True,False,,ok,not_stated,The insulin-diabetes link is given without any date.,,,not_stated,Insulin's discovery date never appears.,wrong_entity,"Collaboration came 'over the years', not in 1934."
psy_winter_2023,2,2,22,5,inference,False,,2,It can be inferred from the text that it took Hodgkin 35 years to ascertain the molecular structure of insulin because -,insulin is not actually a crystal,making an exact map of a complex crystal is very difficult,not all crystals can be analyzed using x-ray diffraction crystallography,the structure of insulin is very similar to that of other molecules,named_entity_or_term,whole,5,needs_whole_text,"Combines 'no easy task', 'exact map' and insulin's 400 atoms from three paragraphs.",synthesis,True,False,,ok,contradiction,She worked on samples of crystallized insulin.,,,not_stated,No limit on which crystals can be analyzed is stated.,not_stated,Similarity to other molecules is never claimed.
psy_winter_2024,1,1,13,1,main_idea,False,,3,The main purpose of the text is to describe -,the importance of cleanliness in 16th-century Europe,the differences between medieval and 16th-century villages,the practice of public bathing in medieval Europe,the development of sanitary equipment in the medieval home,none,whole,99,no_locator,"Nothing to scan for; every paragraph is about bathhouses, so only global reading decides.",generalization,True,False,,ok,wrong_entity,"Cleanliness mattered in the Middle Ages, not the 16th century.",half_true,"Periods are contrasted, but about bathing, not about villages.",,,not_stated,"Sanitary equipment is mentioned once, never as home development."
psy_winter_2024,1,1,14,2,inference,False,,2,It can be inferred from the first paragraph that the existence of public bathhouses explains why -,sanitary conditions in medieval villages were very crude,Europeans were healthier in early medieval times than in the 16th century,medieval villagers were poorer than those of the 16th century,there were few municipal bathhouses in 16th-century Europe,ordinal_position,p1,2,yes_local,Find 'This was due to...bathhouses'; the preceding sentence supplies the healthier-comparison.,paraphrase,True,False,,ok,true_but_not_asked,Crudeness is stated but is not what bathhouses explain.,,,true_but_not_asked,Prosperity gap is stated; it is not caused by bathhouses.,wrong_location,"Bathhouse decline belongs to paragraph three, not paragraph one."
psy_winter_2024,1,1,15,3,explicit_detail,True,,3,Which of the following is not mentioned in the second paragraph as something people did at the bathhouse?,socializing,eating,exercising,gossiping,paragraph_number,p2,4,needs_paragraph,A NOT item: the whole paragraph must be checked before the missing activity is safe.,elimination_only,False,False,,ok,true_but_not_asked,Social contact is explicitly promoted at the bathhouse.,true_but_not_asked,Paintings show people eating together there.,,,true_but_not_asked,Gossiping is named verbatim in the paintings sentence.
psy_winter_2024,1,1,16,4,explicit_detail,False,,2,"According to the third paragraph, bathhouses were no longer used in the 16th century because -",people were embarrassed by bodily exposure,it had become too expensive to heat water,fewer people lived in cities,cleanliness had become less important,paragraph_number,p3,2,yes_local,One sentence names wood scarcity and prohibitive heating cost; that settles it.,paraphrase,True,False,,ok,contradiction,Paragraph two says bathers were unembarrassed by bodily exposure.,,,not_stated,Urban population size is never discussed anywhere in the text.,not_stated,"Plausible cause, but the text gives cost, not attitude."
psy_winter_2024,1,1,17,5,inference,False,,2,"According to the last paragraph, 19th-century city officials would have been surprised to know that -",medieval towns and villages had been dirty and disorderly,public bathhouses had existed in early medieval times,wealthy people no longer visited bathhouses,no one was using the bathing facilities in poor neighborhoods,ordinal_position,p4,2,yes_local,The closing clause 'returning to a common medieval practice' is by itself decisive.,inference_one_step,True,False,,ok,wrong_entity,The uncleanliness and disorder described belong to 19th-century urban life.,,,contradiction,Paragraph three says only the upper classes still bathed.,not_stated,Usage of the new poor-neighborhood bathhouses is never reported.
psy_winter_2024,1,2,18,1,vocab_in_context,False,line 10,2,"The word ""breeding"" in line 10 could best be replaced by -",performing,raising,flying,racing,line_number,p2,1,yes_local,"Line 10 alone shows breeding is what owners do to birds, before racing.",paraphrase,True,False,,ok,right_words_wrong_relation,"'Performed' is a nearby passage verb, not a synonym here.",,,right_words_wrong_relation,"Flying is what pigeons do, not what owners do.",right_words_wrong_relation,Racing is the purpose of breeding in the same sentence.
psy_winter_2024,1,2,19,2,explicit_detail,False,,1,"According to the second paragraph, during the 1970s -",the Chinese government did not allow pigeon racing,pigeon culture was important in China,thousands of pigeons were released throughout China,the Beijing Pigeon Association was created,paragraph_number,p2,1,yes_local,Scan the date 1970s; the outlawing clause sits in the same sentence.,paraphrase,True,False,,ok,,,wrong_entity,True of other periods; in the 1970s breeding was banned.,wrong_entity,"Mass release happened in 1990, over one stadium.",wrong_entity,"The Association was established in 1982, not the 1970s."
psy_winter_2024,1,2,20,3,explicit_detail,False,,3,"According to the third paragraph, Sun Mi -",is one of China's 7 million registered pigeon breeders,has pigeons living in every room of his house,likes his pigeons so much that he sleeps near them,is 8 years old,paragraph_number,p3,2,yes_local,Scan the name Sun Mi; the coop-next-to-bedroom sentence answers directly.,inference_one_step,False,False,,ok,right_words_wrong_relation,Seven million is the world federation; three million are Chinese.,contradiction,"His pigeons live in a rooftop dovecote, not indoors.",,,right_words_wrong_relation,"Age eight is when he started, not his age."
psy_winter_2024,1,2,21,4,inference,False,,4,A continuation of the last paragraph would probably discuss -,recent increases in the average monthly salary in China,modern Chinese poems about pigeons,problems of raising pigeons in other countries,hygiene problems caused by pigeon breeding,ordinal_position,p4,2,needs_paragraph,"Must see cost and hygiene announced, then only cost illustrated; last sentence alone misleads.",inference_one_step,True,False,,ok,right_words_wrong_relation,"Salary is a comparison device, not an announced topic.",wrong_location,Literature about birds belongs to the opening paragraph.,not_stated,The text never looks beyond China at any point.,,
psy_winter_2024,1,2,22,5,title,False,,1,An appropriate title for the text would be -,China's Pigeon Culture in the Past and Present,The Pigeon Classics and Other Literature About Birds,Sun Mi and the Beijing Pigeon Association,A History of Pigeon Racing in China,none,whole,99,no_locator,No pointer; the Ming-to-today span must be recognized across all four paragraphs.,generalization,True,False,,ok,,,too_narrow,The Pigeon Classics is one sentence of paragraph one.,too_narrow,Two named items from the middle and third paragraphs.,too_narrow,"Racing is one strand; messages, acrobatics and hygiene are excluded."
psy_winter_2024,2,1,13,1,reference_word,False,line 5,2,"In line 5, ""these media"" include -",homes around the globe,The Undersea World of Jacques Cousteau,excitement and curiosity,"""We must go and see for ourselves.""",line_number,p1,2,yes_local,"The preceding sentence lists books, films and the series; referent is immediate.",inference_one_step,True,False,,ok,right_words_wrong_relation,"Homes are where media arrived, not a medium.",,,right_words_wrong_relation,These are what he shared through the media.,wrong_location,The motto follows the phrase and is not a medium.
psy_winter_2024,2,1,14,2,inference,False,line 6,1,The motto in line 6 reflects Cousteau's -,passion for discovery,role in educating the public,excitement about making films,extensive knowledge of the ocean,line_number,p1,2,yes_local,The 'Though...himself' contrast sits inside the located sentence and points away from teaching.,inference_one_step,False,False,,ok,,,right_words_wrong_relation,That is the conceded half of the same sentence.,right_words_wrong_relation,"Excitement and films are the sharing side, not the motto.",not_stated,"The motto urges going to see, not possessing knowledge."
psy_winter_2024,2,1,15,3,explicit_detail,False,,3,"According to the second paragraph, undersea stations -",can be moved from place to place,made use of Cousteau's aqualung,help scientists learn about ocean life,were Cousteau's greatest discovery,paragraph_number,p2,1,yes_local,The undersea-stations sentence states researchers studied marine life there.,paraphrase,False,False,,ok,not_stated,Mobility of the stations is never mentioned.,right_words_wrong_relation,Aqualung comes from an earlier sentence; never linked to stations.,,,overreach,"Superlative claim; stations were built, not discovered."
psy_winter_2024,2,1,16,4,paragraph_purpose,False,,3,The last paragraph mainly discusses -,the Society for the Protection of Ocean Life,the threat to sea life posed by pollution,Cousteau's work to protect oceans,Cousteau's cooperation with Prince Rainier,ordinal_position,p3,5,needs_paragraph,Every distractor is a real element of the paragraph; only the full sweep separates them.,generalization,True,False,,ok,too_narrow,The Society is one sentence of the paragraph.,too_narrow,"Pollution threat is the opening frame, not the content.",,,too_narrow,"One episode inside the paragraph, not its subject."
psy_winter_2024,2,1,17,5,explicit_detail,False,,4,"According to the last paragraph, Prince Rainier -",was one of the founders of the Cousteau Society,gave money to Cousteau's research projects,was responsible for conservation education in Monaco,helped prevent nuclear dumping,ordinal_position,p3,1,yes_local,"Scan Rainier; his one sentence answers, but the next sentence's 'He' tempts misreading.",paraphrase,True,False,,ok,right_words_wrong_relation,"The next sentence's founder is Cousteau, not Rainier.",not_stated,No funding of any kind is mentioned.,right_words_wrong_relation,Education belongs to the Society; Monaco is only Rainier's title.,,
psy_winter_2024,2,2,18,1,explicit_detail,False,,4,"According to the first paragraph, one of the ways in which science has benefited the visual and performing arts is by -",analyzing traditional artistic techniques,providing information about artistic creation,redefining the concept of creativity,making works of art available to more people,ordinal_position,p1,1,yes_local,The opening sentence's 'dissemination of works of art' is the whole answer.,paraphrase,False,False,,ok,not_stated,Analysis of traditional techniques never appears in paragraph one.,right_words_wrong_relation,"Science provides media for expression, not information about creation.",not_stated,"Creativity is said to be nurtured, never redefined.",,
psy_winter_2024,2,2,19,2,vocab_in_context,False,line 8,4,"""Nevertheless"" in line 8 can best be replaced by -",Although there are scientific explanations for many cooking techniques,Despite the differences between science and cooking,Because scientific techniques are now used regularly by cooks,Even though there is evidence that science was applied to cooking in the past,line_number,p2,2,yes_local,Needs the Papin sentence plus the one that follows; both sit adjacent to line 8.,inference_one_step,False,False,,ok,wrong_location,Scientific explanation of tricks is the last paragraph.,not_stated,"The contrast is historical, not about inherent differences.",right_words_wrong_relation,Reverses the connector to causal and moves it to the present.,,
psy_winter_2024,2,2,20,3,inference,False,,3,It can be inferred from the third paragraph that a scientist might use chromatographic methods to -,check the structure of the proteins in eggs,explain how certain large molecules are created,find the substances that make fish taste fishy,compare chemical reactions in different types of cooking,paragraph_number,p3,1,yes_local,Scan 'chromatographic'; its sentence names tastes and aromas explicitly.,inference_one_step,False,False,,ok,wrong_entity,Protein structure is the structural chemists' job.,wrong_entity,"Large molecules belong to structural chemists, and creation is unmentioned.",,,not_stated,Comparing cooking types is nowhere in the paragraph.
psy_winter_2024,2,2,21,4,explicit_detail,False,line 18,2,The text mentions complex carbohydrates and proteins (line 18) because -,scientists can explain how they affect the taste and smell of food,they are components of food that can be scientifically analyzed,they are good examples of physical and chemical food properties,science brought them to the awareness of culinary artists,line_number,p3,3,needs_paragraph,Line 18 alone cannot separate 'constituents' from 'properties'; the paragraph's list logic decides.,generalization,True,False,,ok,wrong_location,Taste and smell belong to the chromatography sentence that follows.,,,right_words_wrong_relation,"They are food constituents, not physical or chemical properties.",not_stated,Chefs' awareness of these molecules is never claimed.
psy_winter_2024,2,2,22,5,explicit_detail,True,,4,"Based on the information in the last paragraph, which of the following is not one of the goals that chefs try to achieve?",making food that tastes delicious,preparing food that looks attractive,inventing new dishes,replacing old culinary tricks with new ones,ordinal_position,p4,3,needs_paragraph,"NOT item; all four sentences must be checked, and the answer reuses passage words.",elimination_only,True,False,,ok,true_but_not_asked,Sophisticated flavor profiles is a listed goal.,true_but_not_asked,Beautiful presentation is a listed goal.,true_but_not_asked,Originality and new combinations are listed goals.,,
psy_winter_2025,1,1,13,1,inference,False,,4,It can be inferred from the first paragraph that Uncle Jim's Question Bee was -,broadcast on both radio and television,later called Truth or Consequences,only broadcast until 1950,the first popular game show in the U.S.,named_entity_or_term,p1,2,yes_local,Scan the show's name; 'Ever since the 1930s' in the same sentence gives primacy.,inference_one_step,True,False,,ok,not_stated,Only Truth or Consequences is said to be adapted for TV.,wrong_entity,"Text calls it 'another radio game show', a separate program.",not_stated,The show's end date is never given.,,
psy_winter_2025,1,1,14,2,inference,True,,1,It can be inferred from the first paragraph that a contestant on a game show might be asked to do any of the following except -,quit his or her job,name the capital of Peru,run up the stairs of a tall building,describe the kind of person he or she would like to marry,paragraph_number,p1,2,yes_local,One sentence lists the three formats; each option maps onto one or none.,elimination_only,False,False,,ok,,,true_but_not_asked,Fits the trivia quiz format named in the text.,true_but_not_asked,Fits the tests-of-endurance format named in the text.,true_but_not_asked,Fits the relationship or dating game format.
psy_winter_2025,1,1,15,3,paragraph_purpose,False,,3,The main purpose of the second paragraph is to discuss -,the disadvantages of being on a game show,different kinds of people who participate in game shows,why people want to be on game shows,people made famous by appearing on game shows,paragraph_number,p2,5,needs_paragraph,Every sentence is a motive; individual clauses each bait a narrower option.,generalization,True,False,,ok,half_true,Embarrassment is named only as the thing the prizes offset.,not_stated,No types of participant are distinguished anywhere.,,,too_narrow,Actors and comedians are one clause serving the motive point.
psy_winter_2025,1,1,16,4,explicit_detail,False,,2,"According to the second paragraph, contestants on game shows -",do not like attention,can win prizes and money,are funny as well as smart,are chosen from the audience,paragraph_number,p2,1,yes_local,'The chance to win money and prizes' is a near-verbatim match.,paraphrase,True,False,,ok,contradiction,Paragraph opens on their eagerness to appear on TV.,,,right_words_wrong_relation,Borrows 'comedians' and applies it to contestants generally.,not_stated,How contestants are selected is never described.
psy_winter_2025,1,1,17,5,explicit_detail,False,line 18,2,"According to the last paragraph, who plays along (line 18) with a game show?",the contestant,the viewers at home,the host,the producers,line_number,p3,3,yes_local,Line 18 'play-along aspect' is followed immediately by what viewers do.,paraphrase,True,False,,ok,right_words_wrong_relation,Contestants are the 'actual participants' viewers play along with.,,,wrong_entity,Hosts appear in paragraph 1 and do not play along.,wrong_entity,Producers are implied by 'produced for television' only.
psy_winter_2025,1,2,18,1,explicit_detail,True,,2,The first paragraph does not state that the Cullinan diamond -,is the biggest gem-quality rough diamond ever found,was bought by the Premier Mine Company,was exhibited to the public before being sent to London,was as large as a human heart,paragraph_number,p1,6,needs_paragraph,The company appears as the seller's agent; only full reading shows the government bought it.,elimination_only,True,False,,ok,true_but_not_asked,"'Largest gem-quality rough diamond ever found', line 3.",,,true_but_not_asked,Displayed in Johannesburg before the London shipment.,true_but_not_asked,"'The weight and size of an average human heart', line 2."
psy_winter_2025,1,2,19,2,explicit_detail,False,,4,"According to the text, the Cullinan was brought to ___ by ___.",London ; King Edward VII,Johannesburg ; the postal service,the Transvaal Colony ; the Premier Mining Company,the Netherlands ; Abraham Asscher,named_entity_or_term,p1-p2,5,needs_whole_text,Four destination-carrier pairs; both decoy shipments must be untangled first.,synthesis,True,False,,ok,right_words_wrong_relation,The King received it in London; the post carried it there.,wrong_entity,"The post carried it to London, not to Johannesburg.",wrong_entity,It was found in Transvaal; the company only sold it.,,
psy_winter_2025,1,2,20,3,vocab_in_context,False,line 12,4,"""After due … formidable task"" (line 12) could best be replaced by -","Having no other option, the King was forced to give the responsibility","On the advice of experts, the King granted the enormous honour","The King, who could not find a qualified Englishman, agreed to give the job","The King, after careful consideration, assigned the challenging job",line_number,p2,1,yes_local,The cited sentence is self-contained; each wrong option adds an unstated motive.,paraphrase,False,False,,ok,right_words_wrong_relation,Turns deliberate choice into having no option.,half_true,'Enormous' fits formidable; the experts' advice is invented.,not_stated,No search for an English cutter is mentioned.,,
psy_winter_2025,1,2,21,4,inference,False,,4,It can be inferred from the text that the real reason that both of the Cullinan's sendoffs were so grand was -,to attract potential buyers,to honour the British Empire,to satisfy the public's interest,to reduce the chances of its being stolen,none,p1-p2,4,needs_whole_text,"Must notice both sendoffs were decoys, one in each of the first two paragraphs.",synthesis,False,False,,ok,half_true,"Fits the first shipment only, and no buyer was found.",not_stated,Imperial prestige is never given as a motive.,right_words_wrong_relation,"Reuses the fanfare and publicity, missing that it was a diversion.",,
psy_winter_2025,1,2,22,5,paragraph_purpose,False,,1,The main purpose of the last two paragraphs is to -,describe the process of cutting the Cullinan,present Asscher's plan for cutting the diamond,explain why Asscher's first attempt at cutting the diamond failed,discuss the risks that were involved in cutting the Cullinan,ordinal_position,p3-p4,13,needs_paragraph,Two paragraphs must be read together; each wrong option owns one episode of them.,generalization,True,False,,ok,,,too_narrow,The calculations are one sentence of the preparation.,half_true,"The knife broke, and no cause beyond hardness is explained.",too_narrow,Risk is one clause used to set up the drama.
psy_winter_2025,2,1,13,1,main_idea,False,,4,The main purpose of the text is to discuss Parton's -,childhood and career,views on literacy,struggle to overcome poverty,philanthropic educational activities,none,whole,99,no_locator,Nothing to scan; the two middle paragraphs both describe education programs.,generalization,True,False,,ok,too_narrow,Biography is confined to paragraph 1.,too_narrow,Her views are the closing quotation only.,not_stated,Her poverty is background; no struggle is narrated.,,
psy_winter_2025,2,1,14,2,paragraph_purpose,False,,3,The main purpose of the second paragraph is to -,discuss the inspiration for the Buddy Program,discuss young people's educational goals,describe a program aimed at encouraging children to finish high school,explain why the dropout rate in Sevier County was so high,paragraph_number,p2,7,needs_paragraph,"Program, results and follow-on scholarships are one arc; single sentences mislead.",generalization,True,False,,ok,wrong_location,Parton's inspiration is discussed in the last paragraph.,not_stated,Students' own goals are never described.,,,right_words_wrong_relation,"The dropout rate is quantified, never explained."
psy_winter_2025,2,1,15,3,explicit_detail,False,,1,"According to the second paragraph, the Dollywood Foundation was created in order to -",lower the dropout rate in Sevier County,raise money for social welfare programs,pay for high school graduates to go to university,help rural families living in poverty in Tennessee,paragraph_number,p2,2,yes_local,First two sentences give the aim and the thirty-percent dropout context.,inference_one_step,True,False,,ok,,,right_words_wrong_relation,"Borrows 'social welfare'; the foundation spends, it does not fundraise.",wrong_location,Scholarships are a later development in the closing sentence.,wrong_location,Rural poverty belongs to the biography in paragraph 1.
psy_winter_2025,2,1,16,4,explicit_detail,False,,3,"According to the third paragraph, the Imagination Library -",helps children who are having difficulty learning to read,teaches children how to tell stories to one another,introduces children to books at a very young age,gives away books written by the Book Lady,named_entity_or_term,p3,2,yes_local,Scan the program name; 'introduce young children to the joys of books' answers it.,paraphrase,True,False,,ok,right_words_wrong_relation,Recasts a literacy project as remedial help for strugglers.,not_stated,Storytelling between children is never mentioned.,,,right_words_wrong_relation,"Parton is the Book Lady but sends a message, not authorship."
psy_winter_2025,2,1,17,5,explicit_detail,False,,4,"According to the last paragraph, Parton's father -",encouraged Parton to pursue a career as an entertainer,couldn't afford to give Parton an education,thought of the idea for the Imagination Library,is the reason Parton considers reading so important,ordinal_position,p4,3,needs_paragraph,The quotation must be read whole; its clauses each bait a different wrong option.,inference_one_step,True,False,,ok,not_stated,Her entertainment career is never linked to her father.,right_words_wrong_relation,"'Can't afford education' is a general remark, not about him and her.",right_words_wrong_relation,She created it as a tribute to him; the idea was hers.,,
psy_winter_2025,2,2,18,1,explicit_detail,True,,3,The first paragraph does not state that coral reefs -,protect the coastline,are home to a wide range of sea creatures,remove pollutants from the water,help fishermen to make a living,paragraph_number,p1,3,needs_paragraph,"'Pollution' appears in the paragraph as a harm to reefs, baiting the correct answer.",elimination_only,True,False,,ok,true_but_not_asked,"'Shield coastal areas from erosion', line 2.",true_but_not_asked,"'Habitat of a vast array of marine life', line 1.",,,true_but_not_asked,"'Bolster the fishing ... industries', line 3."
psy_winter_2025,2,2,19,2,explicit_detail,False,,4,"According to the second paragraph, oxybenzone -",causes more damage than other UV filters used in sunscreens,is more dangerous for coral than for other marine life,"causes coral bleaching, but only in large amounts",has both short- and long-term negative effects on coral reefs,named_entity_or_term,p2,3,needs_paragraph,Must combine immediate severe damage with mutations 'over generations'.,synthesis,False,False,,ok,right_words_wrong_relation,"Text calls it most common, not most damaging.",right_words_wrong_relation,"Coral and other marine life are named together, never ranked.",contradiction,Text stresses even low doses cause severe damage.,,
psy_winter_2025,2,2,20,3,paragraph_purpose,False,,4,The main purpose of the third paragraph is to -,describe the effect of Palau's ban on other tourist destinations,present objections to the NOAA study's findings,consider how best to balance tourism and environmental concerns,discuss steps taken to protect coral reefs,paragraph_number,p3,5,needs_paragraph,Palau and Hawaii are examples; the paragraph's job is the pattern they share.,generalization,True,False,,ok,right_words_wrong_relation,Others 'followed suit'; no causal effect of Palau's ban is claimed.,contradiction,"Destinations acted in response to NOAA, they did not object.",not_stated,No balancing of tourism against environment is weighed.,,
psy_winter_2025,2,2,21,4,paragraph_purpose,False,,2,The main purpose of the last paragraph is to -,emphasize the importance of protection against sunburn and skin cancer,suggest alternatives to using oxybenzone-based sunscreens,present the most coral-friendly method of protection from the sun,explain how sunscreen protects the body,ordinal_position,p4,6,needs_paragraph,The concessive opening sentence is the trap; the alternatives follow it.,generalization,False,False,,ok,too_narrow,"Opening concession sentence only, marked 'of course'.",,,overreach,Several methods are offered; none is ranked best.,not_stated,The mechanism of sunscreen is never explained.
psy_winter_2025,2,2,22,5,inference,True,,1,Which of the following cannot be inferred from the text?,Some countries have limited the number of visitors to their beaches in order to protect their coral reefs.,Sunscreen is unlikely to contain both non-nano zinc oxide and oxybenzone.,Oxybenzone has a high protection factor.,Tourism can have a negative effect on coral reefs.,none,whole,99,needs_whole_text,Negative inference stem: all four claims must be tested against the whole text.,elimination_only,True,False,,ok,,,true_but_not_asked,Follows from zinc oxide being the coral-friendly active ingredient instead.,true_but_not_asked,Follows from it being one of the most common UV filters.,true_but_not_asked,Follows from tourists' sunscreen washing off onto reefs.
spring_2019,1,1,13,1,main_idea,False,,3,The main purpose of the text is to discuss -,how texting improves communication,the characteristics of text-speak,a debate on the effects of text-speak,the evolution of language,none,whole,99,no_locator,Nothing to scan; must notice paragraph two attacks and paragraph three defends text-speak.,generalization,True,False,,ok,too_narrow,One of Crystal's claims inside the third paragraph.,too_narrow,Describes only the first paragraph's definition of text-speak.,,,overreach,Crystal's framing device inflated into the whole text's subject.
spring_2019,1,1,14,2,explicit_detail,False,,3,"According to the first paragraph, ___ letters in text messages.",represent punctuation,replace numbers,are often missing,are not used,ordinal_position,p1,1,yes_local,'many letters in a word left out' in sentence three settles it on its own.,paraphrase,True,False,,ok,right_words_wrong_relation,Letters represent words; punctuation is what is dropped.,right_words_wrong_relation,Reverses it: numerals such as b4 replace letters.,,,overreach,'Not used' turns 'many left out' into an absolute.
spring_2019,1,1,15,3,inference,False,,2,Which of the following would be most likely to offend Humphrys?,WWII,How r u?,Dr. Smith,Bye-bye!,named_entity_or_term,p1-p2,3,needs_whole_text,Needs paragraph one's definition of text-speak plus paragraph two's attitude; one paragraph is not enough.,synthesis,True,False,,ok,other:standard_abbreviation_not_textspeak,"Conventional English abbreviation, not the texting shorthand he attacks.",,,other:standard_abbreviation_not_textspeak,Ordinary title abbreviation with correct punctuation intact.,other:standard_abbreviation_not_textspeak,Informal but fully spelled and punctuated standard English.
spring_2019,1,1,16,4,author_purpose_or_attitude,False,,3,The view presented in the second paragraph can best be described as -,well documented,rather inconsistent,extremely negative,completely neutral,paragraph_number,p2,4,needs_paragraph,"Vandals, scourge, virus accumulate; a single sentence shows negativity but not its intensity.",generalization,False,False,,ok,not_stated,No evidence or studies are cited for this view.,not_stated,The paragraph's speakers agree with each other throughout.,,,contradiction,"The language is loaded, the opposite of neutral."
spring_2019,1,1,17,5,paragraph_purpose,False,,4,The main purpose of the last paragraph is to -,prove that texting encourages creativity,discuss Crystal's book on the evolution of language,provide evidence for the claim made in the second paragraph,present an opinion that challenges Humphrys' argument,ordinal_position,p3,8,needs_paragraph,"Opening 'A counter-argument' gives it, but mid-paragraph studies bait option 1.",generalization,True,False,,ok,overreach,"Studies are quoted as claims, not offered as proof.",half_true,"Crystal's book is named, but it is about texting, not evolution generally.",contradiction,It opposes paragraph two's claim rather than supporting it.,,
spring_2019,1,2,18,1,inference,True,,4,"Based on the information in the text, which of the following would be least likely to contain quartz?",a scientific instrument that is heated to very high temperatures,a telescope designed to see faraway planets,a timing device in a computer,a tool to test the level of air pollution,none,whole,99,needs_whole_text,Each option maps to a different paragraph's use; only checking all four rules one out.,elimination_only,False,False,,ok,true_but_not_asked,Heat resistance and refractory bricks are stated in paragraph two.,true_but_not_asked,Quartz lenses in optical devices are stated in paragraph three.,true_but_not_asked,Timekeeping via the reverse piezoelectric effect closes the text.,,
spring_2019,1,2,19,2,inference,False,,2,It can be inferred from the first paragraph that opaque is the opposite of -,colorless,clear,beautiful,common,ordinal_position,p1,1,yes_local,The transparent/translucent/opaque sentence defines clear and ends with opaque.,inference_one_step,True,False,,ok,right_words_wrong_relation,"Passage word from the colour axis, not the transparency axis.",,,right_words_wrong_relation,Lifts 'beauty' from the next sentence; unrelated contrast.,right_words_wrong_relation,Lifts 'common' from sentence two; not an opposite of opaque.
spring_2019,1,2,20,3,paragraph_purpose,False,,1,The third paragraph discusses ___ lenses.,uses of quartz,the invention of,the production of quartz,the advantages of transparent,paragraph_number,p3,5,needs_paragraph,Middle sentences on history bait option 2; the framing first and last sentences give uses.,generalization,True,False,,ok,,,not_stated,"Old remains and 13th-century eyeglasses are dates, not an invention story.",right_words_wrong_relation,Borrows 'making lenses'; manufacture is never described.,half_true,"Transparent quartz is mentioned, but advantages are not the paragraph's subject."
spring_2019,1,2,21,4,explicit_detail,False,,3,"According to the third paragraph, lenses -",are produced in the same way today as they were in the late 13th century,can be made only out of quartz,can make an object look larger than it actually is,were invented in Syria and Egypt,paragraph_number,p3,1,yes_local,"'bend light, magnifying objects' answers it; no further reading required.",paraphrase,False,False,,ok,not_stated,No claim about how lenses are produced then versus now.,overreach,'Only out of quartz' is an absolute the text never makes.,,,right_words_wrong_relation,"Syria and Egypt are where remains were found, not where lenses began."
spring_2019,1,2,22,5,explicit_detail,True,,4,"Which of the following is not true with regard to the reverse piezoelectric effect, according to the last paragraph?",It is what makes quartz watches work.,It involves the production of mechanical pressure.,It causes quartz crystals to vibrate.,It generates electricity.,ordinal_position,p4,4,needs_paragraph,Two mirror-image effects share the paragraph; you must keep straight which does which.,inference_one_step,True,False,,ok,true_but_not_asked,"True of the reverse effect, so not the exception sought.",true_but_not_asked,Current produces mechanical pressure; stated explicitly.,true_but_not_asked,Expansion and contraction at regular intervals is stated.,,
spring_2019,2,1,13,1,title,False,,1,An appropriate title for this text would be -,The Pioneer Valley: A Book Lover's Dream,The Pioneer Valley's Most Eminent Authors,The Pioneer Valley: The Birthplace of American Literature,The Pioneer Valley's Literary History,none,whole,99,no_locator,"Requires judging that the text is about present-day book culture, not history or fame.",generalization,True,False,,ok,,,too_narrow,Dickinson and Geisel appear only in the last paragraph.,overreach,'Birthplace of American literature' is a claim the text never makes.,half_true,History occupies one paragraph; the text is mostly about today.
spring_2019,2,1,14,2,vocab_in_context,False,line 2,1,"""Nevertheless"" (line 2) could best be replaced by -",Although bookselling has changed greatly in recent years,Because Amazon.com has become so successful,As a result of the growing number of internet bookstores,Despite the fact that fewer people read books today,line_number,p1,2,yes_local,Needs the sentence before and after line 2 to see the concessive relation.,paraphrase,True,False,,ok,,,right_words_wrong_relation,"Names Amazon from the text but makes the link causal, not concessive.",right_words_wrong_relation,Turns a contrast connector into a result connector.,not_stated,Declining readership is never claimed anywhere in the text.
spring_2019,2,1,15,3,paragraph_purpose,False,,2,The main purpose of the second paragraph is to -,introduce the Pioneer Valley's most famous bookshop,explain what attracts book lovers to the Pioneer Valley,discuss changes in Pioneer Valley bookshops over the past thirty years,describe a typical bibliophile,paragraph_number,p2,5,needs_paragraph,Half the paragraph is Amherst Books; stopping there makes option 1 look correct.,generalization,True,False,,ok,too_narrow,Amherst Books is one illustration at the paragraph's end.,,,right_words_wrong_relation,Lifts 'thirty years' from Herold's biography; no change is described.,right_words_wrong_relation,"Borrows 'typical' and 'bibliophiles'; the outing is described, not the person."
spring_2019,2,1,16,4,explicit_detail,True,,3,Which of the following details about the Pioneer Valley's authors is not mentioned in the third paragraph?,Some of them were born in other places.,Their books are listed on the Amherst Books website.,Many of them write about life in the Pioneer Valley.,They have the support of local bookshops.,paragraph_number,p3,4,needs_paragraph,Negative item: every option must be checked against the entire third paragraph.,elimination_only,True,False,,ok,true_but_not_asked,'New writers are always arriving' implies outside origins.,true_but_not_asked,The website features over 150 local writers' books.,,,true_but_not_asked,Shop windows display them with 'Local Author' stickers.
spring_2019,2,1,17,5,paragraph_purpose,False,,3,The last paragraph mentions Emily Dickinson because she -,wrote poems about the Pioneer Valley,"was the first to use the name ""Pioneer Valley""",is an example of a great Pioneer Valley writer,made the Pioneer Valley famous,ordinal_position,p4,1,yes_local,The 'from Dickinson to Dr. Seuss' sentence shows she is one item in a list.,inference_one_step,True,False,,ok,not_stated,Her subject matter is never mentioned.,not_stated,The origin of the region's name is never discussed.,,,half_true,"The Valley's reputation is collective, not credited to her."
spring_2019,2,2,18,1,inference,False,,1,"It can be inferred from the first paragraph that ""Haudenosaunee"" is -",a Native American word,a tribe that no longer exists,the name of an Iroquois language,one of six important Native American tribes,ordinal_position,p1,1,yes_local,'as its members prefer to call themselves' in sentence one supplies the inference.,inference_one_step,True,False,,ok,,,contradiction,The Confederacy is described in the present tense as existing.,not_stated,No language is named anywhere in the text.,right_words_wrong_relation,"Lifts 'six tribes'; the name denotes the alliance, not one tribe."
spring_2019,2,2,19,2,paragraph_purpose,False,,3,The main purpose of the second paragraph is to -,introduce the work of Elizabeth Cady Stanton and Lucretia Mott,describe the struggle for equality among Iroquois women,explain why the Iroquois way of life inspired American feminists,discuss the status of American women in the 19th century,paragraph_number,p2,4,needs_paragraph,Named feminists and Western women's status each fill a sentence and bait an option.,generalization,True,False,,ok,too_narrow,"Stanton and Mott are one example, not the paragraph's aim.",contradiction,Iroquois women were already respected and powerful; no struggle described.,,,too_narrow,Western women's inferior status is only the contrast clause.
spring_2019,2,2,20,3,vocab_in_context,False,line 7,4,"The phrase ""cited the model of"" (line 7) is closest in meaning to -",worked along with,fought for the rights of,criticized,used the example of,line_number,p2,1,yes_local,The line 7 sentence alone shows the feminists invoked Iroquois women as a model.,paraphrase,False,False,,ok,not_stated,No collaboration between the feminists and Iroquois women is described.,right_words_wrong_relation,"Their campaign was for their own equality, not Iroquois women's rights.",contradiction,They admired the model rather than attacking it.,,
spring_2019,2,2,21,4,inference,False,lines 13-14,1,"Based on the description of a matrilineal society in lines 13-14, which of the following statements might be made by an Iroquois man?","My mother is of the turtle clan and my wife is of the bear clan; therefore, my son is of the bear clan.","My father is of the wolf clan and my wife is of the bear clan; therefore, my daughter is of the wolf clan.","My mother is of the turtle clan and my wife is of the bear clan; therefore, my son is of the turtle clan.","I am of the turtle clan and my wife is of the bear clan; therefore, my daughter is of the turtle clan.",line_number,p3,1,yes_local,Lines 13-14 state children join the wife's clan; apply that rule to each option.,inference_one_step,True,False,,ok,,,right_words_wrong_relation,"Traces descent through the father's line, reversing the rule.",right_words_wrong_relation,Uses the speaker's mother's clan instead of the wife's.,right_words_wrong_relation,Uses the speaker's own clan instead of the wife's.
spring_2019,2,2,22,5,title,False,,1,An appropriate title for this text would be -,Women in Iroquois Society,Iroquois Influence on 19th-Century American Feminists,The Role of the Iroquois in Shaping North American History,Iroquois Tribes and Clans,none,whole,99,no_locator,"Must see that three of four paragraphs are about women, not about the Confederacy.",generalization,True,False,,ok,,,too_narrow,Feminist inspiration is only the second paragraph.,overreach,Takes the first paragraph's framing sentence as the whole subject.,too_narrow,Clan structure is background detail inside the third paragraph.
spring_2020,1,1,13,1,vocab_in_context,False,line 1,4,"""There is no money in poetry"" (line 1) means that -",books of poetry do not cost very much,rich people are not interested in poetry,people do not value poems,poets are not paid much for their work,line_number,p1,3,yes_local,The next two sentences about supporting themselves and Eliot's income fix the sense,inference_one_step,False,False,,ok,other:literal_reading_of_idiom,Reads the idiom as the price of poetry books,right_words_wrong_relation,Turns money into rich readers rather than poets' earnings,not_stated,Text shows poetry being valued; only income is lacking,,
spring_2020,1,1,14,2,paragraph_purpose,False,,2,The second paragraph mainly discusses -,two of Eliot's poems,Eliot's early career,Eliot's decision to move to London,Pound's work as a critic and editor,paragraph_number,p2,5,needs_paragraph,"Move, mentor and two poems each anchor a wrong option; only the whole gives the arc",generalization,False,False,,ok,too_narrow,"Two titles are evidence for the career story, not the topic",,,too_narrow,The move is one clause and no decision is explained,too_narrow,Pound's credentials are given only to explain his help
spring_2020,1,1,15,3,explicit_detail,False,,1,"According to the second paragraph, The Waste Land -",is one of Eliot's greatest poems,was the first poem that Eliot published,describes Eliot's years in London,is the poem that made Eliot famous,paragraph_number,p2,1,yes_local,"One sentence, but 'by the time... already well known' must be parsed to reject option four",paraphrase,False,False,,ok,,,contradiction,Prufrock in 1915 was among his first published poems,not_stated,The poem's content is never described,right_words_wrong_relation,He was already well known before it appeared
spring_2020,1,1,16,4,explicit_detail,True,,3,Which of the following was not part of the plan mentioned in the last paragraph?,People would give money to support Eliot.,Eliot would stop working at his job.,Lloyds Bank would pay Eliot more money.,Eliot would spend more time writing poetry.,ordinal_position,p3,4,needs_paragraph,Negative item: three components of the plan are spread over four sentences,elimination_only,True,False,,ok,true_but_not_asked,Friends each agreed to contribute a small amount,true_but_not_asked,The plan was for Eliot to quit the bank,,,true_but_not_asked,He was to dedicate himself to his art
spring_2020,1,1,17,5,explicit_detail,False,,2,"According to the text, Pound -",was a prize-winning poet,helped Eliot before he became famous,did not need to work to support himself,offered Eliot a job as an editor,named_entity_or_term,p2-p3,3,needs_whole_text,Pound appears in two paragraphs; a scanner landing in the third is fed option four,synthesis,True,False,,ok,wrong_entity,"Eliot, not Pound, received the Nobel Prize",,,not_stated,Pound's own finances are never mentioned,right_words_wrong_relation,Pound offered money; the editing job came later from elsewhere
spring_2020,1,2,18,1,title,False,,3,An appropriate title for this text would be -,The History of the Ojibwe Nation,The Pros and Cons of Genetically Modified Rice,The Importance of Wild Rice to the Ojibwe Nation,Rice: A Special Gift From the Creator of the Universe,none,whole,99,no_locator,Four paragraphs each on a different aspect of one relationship; nothing to scan,generalization,True,False,,ok,overreach,"Only rice-related history is told, not the nation's",too_narrow,"GM rice is one paragraph, and no pros are given",,,too_narrow,Verbatim lift from the first paragraph's spiritual framing
spring_2020,1,2,19,2,reference_word,True,,2,Which of the following phrases from the text does not refer to manoomin?,the food that grows on water,a sign in the sky,a staple in the Ojibwe diet,the focus of a heated controversy,named_entity_or_term,p1-p3,4,needs_whole_text,Four quoted phrases sit in different paragraphs; each must be located separately,elimination_only,True,False,,ok,true_but_not_asked,The place where food grows on water is where rice was found,,,true_but_not_asked,Manoomin became a staple in the diet,true_but_not_asked,Wild rice is the focus of the third paragraph's controversy
spring_2020,1,2,20,3,vocab_in_context,False,line 13,1,"In line 13, ""ceded"" is closest in meaning to -",gave up,took over,bought,attacked,line_number,p2,1,yes_local,The 'but retained' contrast inside the same sentence gives the direction,inference_one_step,False,False,,ok,,,contradiction,Reverses direction; the settlers gained the land,not_stated,"No purchase is described, and the Ojibwe were not buyers",right_words_wrong_relation,Primed by 'a battle ensued' in the previous sentence
spring_2020,1,2,21,4,paragraph_purpose,False,,1,The main purpose of the third paragraph is to -,present a debate about the future of wild rice,describe the advantages of genetically modified rice,present two methods of cultivating wild rice,discuss the danger of contaminating wild rice,paragraph_number,p3,5,needs_paragraph,Scientists' side and Ojibwe side are separate sentences; both are needed,generalization,True,False,,ok,,,not_stated,No advantage of the modified variant is given,right_words_wrong_relation,"It is a dispute over modification, not two cultivation methods",too_narrow,Contamination is the fear in the final clause only
spring_2020,1,2,22,5,inference,False,line 19,1,"It can be inferred from the third paragraph that the ""genetically modified variant of wild rice"" (line 19) -",was created by introducing DNA from other plants into wild rice,is harmful to birds and animals,is not suitable for large-scale commercial farming,was proposed by Ojibwe leaders,line_number,p3,4,needs_paragraph,"The DNA sentence sits three sentences after the quoted phrase, beyond local reading",inference_one_step,True,False,,ok,,,right_words_wrong_relation,"Birds appear as possible spreaders, not as victims",contradiction,It was produced for large-scale commercial farming,contradiction,University scientists produced it; Ojibwe leaders oppose it
spring_2020,2,1,13,1,inference,False,,1,It can be understood from the first paragraph that the Wild West show's participation in Queen Victoria's Jubilee celebrations was -,surprising,disappointing,embarrassing,challenging,ordinal_position,p1,2,needs_paragraph,The judgement rests on tensions plus 'a matter of some consequence'; no word says surprising,inference_one_step,False,False,,ok,,,contradiction,The show was an overwhelming success,not_stated,No embarrassment to either side is described,not_stated,No difficulty in staging or attending is mentioned
spring_2020,2,1,14,2,explicit_detail,False,,4,"According to the second paragraph, the Wild West show was not performed at Buckingham Palace because -",performances were not allowed there,Queen Victoria did not want to be disturbed,it would have been dangerous to do so,the show was too big to be brought there,paragraph_number,p2,1,yes_local,Scan 'palace'; 'could not accommodate the massive production' is the whole reason,paraphrase,False,False,,ok,not_stated,No rule against performances at the palace is mentioned,right_words_wrong_relation,Reuses her seclusion after her husband's death as a motive,not_stated,Danger is never raised anywhere in the text,,
spring_2020,2,1,15,3,paragraph_purpose,False,,3,The main purpose of the third paragraph is to describe -,the Queen's arrival at the Wild West show,Earl's Court arena,a historic moment during the Wild West show,the American flag used during the performance,paragraph_number,p3,3,needs_paragraph,The bow only becomes the point once the 'first time in history' clause is read,generalization,True,False,,ok,right_words_wrong_relation,"The Grand Entry is the horsemen's, not the Queen's arrival",wrong_location,The arena is named in the previous paragraph,,,too_narrow,"The flag is the object of the gesture, not the subject"
spring_2020,2,1,16,4,explicit_detail,True,,1,Which of the following is not stated in the third paragraph?,Both British and American flags were carried at the show.,Britain once controlled the area that became the United States.,Queen Victoria ruled over an empire.,Queen Victoria paid her respects to the flag of the United States.,paragraph_number,p3,3,needs_paragraph,"Negative item; only American flags are named, and two options hide in one clause",elimination_only,True,False,,ok,,,true_but_not_asked,'The former British colony' states it,true_but_not_asked,'Supreme sovereign of the British Empire' states it,true_but_not_asked,She paid her respects to the American flag
spring_2020,2,1,17,5,paragraph_purpose,False,,4,The main purpose of the last paragraph is to -,describe the Wild West show's audiences,describe the role the Wild West show played in American culture,discuss the Wild West show's international tour,discuss the success and influence of the Wild West show,ordinal_position,p4,3,needs_paragraph,Each sentence gives one narrower option; the summary needs all three,generalization,True,False,,ok,too_narrow,Enthusiastic audiences are one clause,right_words_wrong_relation,"It shaped an image of American culture, not a role within it",too_narrow,The European tour is one of three sentences,,
spring_2020,2,2,18,1,title,False,,4,An appropriate title for this text would be -,The Great Snipe's Migration Route,Outstanding Long-Distance Fliers,The Chubbiest Bird in the Animal Kingdom,The Great Snipe: Flying Far and Fast,none,whole,99,no_locator,Comparison birds fill two paragraphs; the title must still centre on the snipe,generalization,True,False,,ok,too_narrow,The route is one detail of the first paragraph,overreach,Other fliers appear only as foils to the snipe,overreach,Chubbiness explains the feat; no superlative is claimed,,
spring_2020,2,2,19,2,explicit_detail,False,,1,"According to the second paragraph, the great snipe does not seem well equipped for its journey because it -",does not have pointed wings,has shorter wings than other birds,arrives in Africa thin and exhausted,doubles its weight each summer,paragraph_number,p2,1,yes_local,The 'lacking the pointed tips' clause answers it inside one sentence,paraphrase,True,False,,ok,,,not_stated,Bodies are small; wing length is never compared,true_but_not_asked,"That is the journey's outcome, not a handicap beforehand",right_words_wrong_relation,"Weight gain is what guarantees success, not a disadvantage"
spring_2020,2,2,20,3,other,False,,4,The third paragraph presents two birds that the great snipe.,migrate at different times of year than,fly as fast and as far as,follow migration routes similar to that of,fly either further or faster than,paragraph_number,p3,5,needs_paragraph,Falcon and tern must both be read and set against the opening either-or claim,synthesis,True,False,,ok,not_stated,Timing of the other birds' migrations is never given,contradiction,Paragraph opens by saying birds do one or the other,not_stated,No route of theirs overlaps the snipe's,,
spring_2020,2,2,21,4,vocab_in_context,False,line 20,2,"In line 20, ""feat"" is closest in meaning to -",speed,accomplishment,route,characteristics,line_number,p4,1,yes_local,'Comes close to matching' in the same sentence points to an achievement,inference_one_step,False,False,,ok,other:topic_association_not_meaning,Borrows a theme of the text instead of the word's sense,,,other:topic_association_not_meaning,Route is discussed nearby but is not the word's sense,not_stated,Nothing in the sentence points to traits of the bird
spring_2020,2,2,22,5,explicit_detail,False,,2,"According to the last paragraph, it is unclear -",how migratory birds choose a particular flight route,why the great snipe does not stop during its journey,how birds know where to find food during their migration,why the godwit behaves differently than other birds,ordinal_position,p4,2,yes_local,Scan 'hard pressed to explain'; the previous sentence names what is unexplained,paraphrase,True,False,,ok,not_stated,How routes are chosen is never raised,,,wrong_location,Borrows the tern's fishing stops from the previous paragraph,right_words_wrong_relation,"The unexplained behaviour is the snipe's, not the godwit's"
spring_2021,1,1,13,1,inference,False,line 2,1,"It can be inferred from the text that the ""imperfection"" (line 2) of the Eighth Symphony refers to the fact that it -",was never finished,contains mistakes,has never been performed,is not well liked,line_number,p1,2,yes_local,'incomplete masterpiece' sits in the same sentence as the quoted word,inference_one_step,True,False,,ok,,,other:generic_meaning_ignores_context,Everyday sense of imperfection; text never mentions errors,not_stated,Performance history is never discussed,contradiction,The piece is described as beloved
spring_2021,1,1,14,2,paragraph_purpose,False,,2,The main purpose of the second paragraph is to -,explain why Schubert lost interest in the Eighth Symphony,try to explain why the Eighth Symphony was never finished,discuss what inspired Schubert to write the Eighth Symphony,argue that the Eighth Symphony reminded Schubert of a difficult time in his life,paragraph_number,p2,5,needs_paragraph,Each speculation supports a different wrong option; only the whole paragraph shows they are guesses,generalization,True,False,,ok,too_narrow,"Lost interest is one of four speculations, and it is not explained",,,right_words_wrong_relation,Reuses 'inspiration' but reverses it into what inspired him,overreach,Text says it has been suggested; the paragraph argues nothing
spring_2021,1,1,15,3,inference,False,,4,The notebook mentioned in the last paragraph proves that the Eighth Symphony.,Schubert took six years to write,Schubert decided not to finish,there were only two movements in,there is another part to,ordinal_position,p3,2,yes_local,Scan 'notebook'; that sentence plus the next about a third movement decides it,inference_one_step,True,False,,ok,wrong_entity,"Six years is the gap to Schubert's death, not writing time",contradiction,The notebook is evidence that he did keep writing,contradiction,The notebook shows part of a third movement existed,,
spring_2021,1,1,16,4,author_purpose_or_attitude,False,line 10,1,It can be inferred from the text that the author -,hopes the music experts mentioned in line 10 are right,knows the reason Schubert never finished Symphony No. 8,does not think the Unfinished Symphony is a masterpiece,likes the third movement of the Eighth Symphony more than the first two,none,p3,2,no_locator,Stem says only 'from the text'; the tone of the closing wish is the evidence,inference_one_step,False,False,,ok,,,contradiction,The author poses the reason as an open question,contradiction,Line 1 calls the symphony a masterpiece,not_stated,No preference among movements is expressed anywhere
spring_2021,1,1,17,5,title,False,,2,An appropriate title for the text would be -,The Beauty of an Incomplete Masterpiece,Schubert's Eighth Symphony: Unfinished or Not?,Unfinished Symphonies of the Nineteenth Century,How Many Symphonies Did Schubert Write?,none,whole,99,no_locator,Must see that paragraph three reopens the question the title has to carry,generalization,True,False,,ok,too_narrow,Echoes the first sentence; beauty is never the text's subject,,,overreach,Widens one symphony to a whole century of unfinished works,right_words_wrong_relation,Confuses number of movements with number of symphonies
spring_2021,1,2,18,1,paragraph_purpose,False,,3,The main purpose of the first paragraph is to dowsing.,describe the tools needed for,introduce the people who use,present the centuries-old activity of,list the types of things one could look for using,ordinal_position,p1,5,needs_paragraph,Every sentence feeds a narrower wrong option; the general framing needs all of them,generalization,False,False,,ok,too_narrow,The rod is described in one clause of the opening sentence,too_narrow,Farmers and dowsers appear only as one example,,,too_narrow,"Water and minerals are a single phrase, not the purpose"
spring_2021,1,2,19,2,explicit_detail,True,,1,"Based on the information in the first paragraph, which of the following statements about dowsing rods is not true?",They must be held pointed toward the ground.,They appear to move on their own.,They are used to find different things.,They can be made of wood.,ordinal_position,p1,4,needs_paragraph,Negative item: must check four claims; 'parallel to the ground' is the decisive contrast,elimination_only,True,False,,ok,,,true_but_not_asked,Text says the rod spontaneously moves,true_but_not_asked,Text names both water and minerals,true_but_not_asked,"Text says wire or wood, or a forked stick"
spring_2021,1,2,20,3,paragraph_purpose,False,,2,The main purpose of the second paragraph is to -,present anecdotal support for dowsing,explain why a practice with no scientific basis sometimes succeeds,discuss the ideomotor response,claim that dowsers know that dowsing does not really work,paragraph_number,p2,6,needs_paragraph,The paragraph asks two questions and answers both; either half alone gives a wrong option,generalization,True,False,,ok,right_words_wrong_relation,Anecdotal reports are named only to be set against the evidence,,,too_narrow,Ideomotor response answers only the second of two questions,contradiction,The reaction is described as happening without the dowser's awareness
spring_2021,1,2,21,4,explicit_detail,False,,4,"According to the second paragraph, people exhibiting an ideomotor response -",make voluntary movements,are aware of their muscle activity,have quicker mental responses than other people,are affected by what they believe is going to happen,paragraph_number,p2,2,yes_local,Scan 'ideomotor'; the definition and the 'that is' sentence follow immediately,paraphrase,False,False,,ok,contradiction,The motion is called seemingly involuntary,contradiction,Text says the body reacts without him being aware,not_stated,No comparison of mental speed between people is made,,
spring_2021,1,2,22,5,inference,False,,1,It can be inferred from the last paragraph that Sally Le Page wrote about dowsing -,because she thought it was ridiculous that water companies were using dowsers,in order to convince other businesses to consider dowsing,to teach the public about the advantages and disadvantages of dowsing,because she believed that water companies should spend more time and money detecting leaks,ordinal_position,p3,3,needs_paragraph,Her motive is never stated; must combine 'as absurd as it may seem' with the disclosure and outrage,inference_one_step,False,False,,ok,,,contradiction,"Disclosure produced outrage, not promotion of dowsing",not_stated,No balanced advantages-and-disadvantages purpose is described,right_words_wrong_relation,Time and money were the public's complaint about dowsing itself
spring_2021,2,1,13,1,paragraph_purpose,False,,1,The first paragraph describes -,what people once believed to be the causes of disease,the most common types of illnesses in the past,how diseases were treated thousands of years ago,why it was believed that germs cause disease,ordinal_position,p1,5,needs_paragraph,Two example beliefs must be seen as instances of one category: past ideas about causes,generalization,True,False,,ok,,,not_stated,No illnesses are listed or ranked by frequency,too_narrow,Only one clause about removing a spirit touches treatment,contradiction,Paragraph says people did not know germs existed
spring_2021,2,1,14,2,paragraph_purpose,False,,4,The main purpose of the second paragraph is to describe -,a disease that threatened the French silk industry in the 19th century,the influence that Pasteur's work had on Koch,the cure that was found for pebrine,an important discovery made by Pasteur,paragraph_number,p2,6,needs_paragraph,Silkworm story fills most of the paragraph; the point arrives only in the 'first person to prove' sentence,generalization,True,False,,ok,too_narrow,"Pebrine and the silk industry are the setting, not the point",not_stated,No influence of Pasteur on Koch is mentioned,too_narrow,The cure is half a sentence inside the story,,
spring_2021,2,1,15,3,reference_word,False,line 11,3,"In line 11, ""it"" refers to -",the French silk industry,a discovery,pebrine,a silkworm,line_number,p2,2,yes_local,Antecedent is the disease named in the previous sentence; one sentence back suffices,inference_one_step,True,False,,ok,right_words_wrong_relation,"Nearby noun phrase, but the industry is not what was caused",not_stated,No discovery has been mentioned by line 11,,,wrong_entity,"Silkworms are the disease's victims, not the thing being caused"
spring_2021,2,1,16,4,explicit_detail,False,,4,"According to the last paragraph, Koch's greatest discovery was finding -",that cholera is caused by a germ,a cure for anthrax,a method of staining germs with dyes,the germ that causes tuberculosis,ordinal_position,p3,1,yes_local,Scan 'greatest'; the sentence names the tuberculosis germ outright,paraphrase,True,False,,ok,true_but_not_asked,"Cholera germ is a real find, but not called the greatest",not_stated,He proved anthrax's cause; no cure is mentioned,true_but_not_asked,"Staining is a real discovery, not the greatest one",,
spring_2021,2,1,17,5,title,False,,1,An appropriate title for this text would be -,The Men Who Discovered that Germs Cause Disease,Different Types of Dangerous Germs,Pasteur and Koch: Famous Nobel Prize Winners,Past Beliefs About What Causes Illness,none,whole,99,no_locator,Must cover both scientists and the shift from old beliefs to germ theory,generalization,True,False,,ok,,,not_stated,No classification of germ types appears in the text,half_true,Only Koch is said to have received the Nobel Prize,too_narrow,Old beliefs occupy only the first paragraph
spring_2021,2,2,18,1,title,False,,2,An appropriate title for this text would be -,John Boyd Orr and the U.N. Food and Agriculture Organization,Building a Better World: John Boyd Orr and His Work on Nutrition,Did John Boyd Orr Deserve the Nobel Peace Prize?,"Food, Health, and Income: John Boyd Orr's Most Important Research Report",none,whole,99,no_locator,Needs the span from nutrition research to peace work across all three paragraphs,generalization,True,False,,ok,too_narrow,The FAO is only the last paragraph,,,not_stated,The text never questions whether he deserved the prize,too_narrow,"One 1936 report, and 'most important' is not claimed"
spring_2021,2,2,19,2,explicit_detail,False,lines 1-2,1,According to John Boyd Orr's philosophy (lines 1-2) -,"as long as hunger exists, peace is not possible",nutrition is the most basic of human needs,there is not enough food to feed the world's population,hunger is the cause of all suffering in the world,line_number,p1,2,yes_local,The quoted two sentences at the top contain everything needed,paraphrase,True,False,,ok,,,not_stated,Quote ranks nothing; it speaks of necessities in general,not_stated,No claim that world food supply is insufficient,overreach,'All suffering' overstates the link between hunger and war
spring_2021,2,2,20,3,explicit_detail,False,,2,"According to the second paragraph, Boyd Orr Britain's food rationing program during World War II.",did not approve of,contributed to,conducted a study of,was asked to develop,paragraph_number,p2,2,yes_local,Scan 'rationing'; the report-became-the-basis sentence settles it,inference_one_step,False,False,,ok,contradiction,"His report was the basis of the program, not opposed to it",,,right_words_wrong_relation,His study preceded and caused the program; he did not study it,not_stated,No one is said to have asked him to develop the program
spring_2021,2,2,21,4,paragraph_purpose,False,,2,The main purpose of the last paragraph is to -,discuss Boyd Orr's work at the FAO,describe Boyd Orr's work after World War II,explain why Boyd Orr resigned from the FAO,explain why Boyd Orr gave away his Nobel prize money,ordinal_position,p3,5,needs_paragraph,Three narrower options each match one sentence; only the full paragraph shows the postwar span,generalization,True,False,,ok,too_narrow,"FAO covers most, but not the donations after he resigned",,,too_narrow,"The resignation is one sentence, not the paragraph's aim",too_narrow,The donation closes the paragraph but is not its purpose
spring_2021,2,2,22,5,reference_word,True,line 19,4,"In line 19, ""the cause"" could not refer to -",achieving world peace,battling world hunger,improving nutrition,protecting all human rights,line_number,whole,6,needs_whole_text,Negative reference item: each candidate referent must be checked against the whole biography,elimination_only,False,False,,ok,true_but_not_asked,Peace is his stated cause and the Peace Council recipient,true_but_not_asked,Feeding the hungry is named in the first paragraph,true_but_not_asked,Nutrition research is his lifelong work in paragraph two,,
summer_2018,1,1,13,1,explicit_detail,False,,2,"According to the first paragraph, a fourth of the people in the world -",speak either Mandarin Chinese or Spanish,know at least some English,use English in their work,learned English by using the internet,ordinal_position,p1,1,yes_local,Scan 'a fourth'; the same sentence says communicate in English to some degree.,paraphrase,True,False,,ok,wrong_location,Mandarin and Spanish come from the preceding sentence's comparison.,,,wrong_location,"Professional use is the next sentence, not the one-fourth claim.",right_words_wrong_relation,"Internet appears, but as content share, not as a learning route."
summer_2018,1,1,14,2,paragraph_purpose,False,,4,The main purpose of the second paragraph is to -,compare English with Latin,discuss the geographic areas where English is spoken,argue that the use of English is declining,discuss the future of the English language,paragraph_number,p2,3,needs_paragraph,Two opposed predictions; reading only the first makes option 3 look right.,generalization,False,False,,ok,too_narrow,Latin is a single comparative clause inside one view.,right_words_wrong_relation,Lifts 'wide geographic area' from one argument and makes it the topic.,half_true,Only one of the two views; the paragraph endorses neither.,,
summer_2018,1,1,15,3,inference,False,,4,The second paragraph mentions Latin because -,it is the source of many English words,it is still studied by scholars,it is important in many realms of life,it is no longer a leading language,paragraph_number,p2,1,yes_local,"'like Latin before it, English will eventually decline' contains the whole analogy.",inference_one_step,True,False,,ok,outside_knowledge,True of English etymology but never said in this text.,not_stated,Nothing about Latin still being studied appears.,right_words_wrong_relation,Takes 'realms of life' from the rival argument and attaches it to Latin.,,
summer_2018,1,1,16,4,paragraph_purpose,False,,1,The main purpose of the last paragraph is to -,discuss the mixing of English with other languages,compare Spanglish and Tok Pisin,discuss the development of dialects,explain how new linguistic forms evolve,ordinal_position,p3,8,needs_paragraph,Tok Pisin fills the paragraph's end; a local reader mistakes an example for the topic.,generalization,True,False,,ok,,,right_words_wrong_relation,"Both are named as parallel examples, never compared.",half_true,"Dialects are discussed, but only ones blended with English.",overreach,Examples are listed; no mechanism of evolution is explained.
summer_2018,1,1,17,5,explicit_detail,False,,3,"According to the last paragraph, in Papua New Guinea -",business is conducted in English,English is as widely spoken as Tok Pisin,Tok Pisin is the dominant language,there are more local dialects than in any other country,ordinal_position,p3,1,yes_local,Scan Papua New Guinea; 'the most widely spoken language' is in that sentence.,paraphrase,True,False,,ok,not_stated,Business language there is never mentioned.,contradiction,Tok Pisin is stated to be the most widely spoken.,,,overreach,A superlative comparison across countries is never made.
summer_2018,1,2,18,1,main_idea,False,,4,The main purpose of the text is to discuss -,recent studies of rubbermaking in ancient Mesoamerica,"the chemical processes that the Maya, Aztec and Olmec peoples used to make rubber",the experiences of 16th-century Spanish explorers in the New World,an ancient ball game and the rubber used to make the balls,none,whole,99,no_locator,Only an option covering both the game and the rubber spans all three paragraphs.,generalization,True,False,,ok,too_narrow,Modern study is the last paragraph's closing quotations.,half_true,Chemistry is mentioned as only now beginning to be understood.,too_narrow,The Spaniards are the framing device of paragraph one.,,
summer_2018,1,2,19,2,paragraph_purpose,False,,3,The main purpose of the first paragraph is to describe -,the rules of the ancient ball game of chaah,Pedro Martyr's experiences in the New World,Europeans' first encounter with rubber balls,a game played between Spaniards and Mesoamericans,ordinal_position,p1,6,needs_paragraph,Half the paragraph describes play; only the closing sentences reveal rubber is the point.,generalization,True,False,,ok,too_narrow,The body-parts rule is one clause of setup.,too_narrow,"Martyr's quote is evidence, not the paragraph's subject.",,,right_words_wrong_relation,Spaniards watched the game; they never played in it.
summer_2018,1,2,20,3,vocab_in_context,False,line 5,2,"In line 5, ""ricocheting"" is closest in meaning to -",astonishing,bouncing,heavy,miraculous,line_number,p1,2,yes_local,The next sentence's quotation says 'sent into the air with incredible bounce'.,paraphrase,True,False,,ok,right_words_wrong_relation,'Astonished' is the main verb of the same sentence.,,,right_words_wrong_relation,"'Heavy, solid balls' appears two sentences earlier.",right_words_wrong_relation,'Miraculous' closes the paragraph describing the same balls.
summer_2018,1,2,21,4,reference_word,False,lines 11-13,4,"The sentence ""The ball . . . order"" (lines 11-13) -",shows that chaah had been played for thousands of years,discusses Mesoamerican beliefs about the creation of the world,presents the Spaniards' interpretation of a Mesoamerican ritual,describes the religious meaning of the game of chaah,line_number,p2,2,yes_local,The sentence before it calls the game a ritual of great religious significance.,generalization,True,False,,ok,wrong_location,"'Thousands of years' is the paragraph's opening, not this sentence.",too_narrow,Creation is one clause inside a broader religious claim.,wrong_entity,"It reports Mesoamerican belief, not the Spaniards' reading of it.",,
summer_2018,1,2,22,5,paragraph_purpose,False,,1,The last paragraph is mainly about -,the ancient method of making rubber and modern appreciation for it,Frank Bates' and Dorothy Hosler's research on Mesoamerican rubber,Pedro Martyr's description of a seemingly magical material,how scientists discovered the process by which ancient rubber was made,ordinal_position,p3,5,needs_paragraph,Method opens the paragraph and praise closes it; either half alone yields a wrong option.,generalization,True,False,,ok,,,half_true,Both are quoted admiring the work; their own research is not described.,too_narrow,Martyr's account is the paragraph's opening clause only.,contradiction,"Scientists have only begun to understand it, not discovered it."
summer_2018,2,1,13,1,title,False,,3,A good title for this text would be -,Emily Carr's Landscape Art,Emily Carr and the Group of Seven,Emily Carr's Long Road to Artistic Acclaim,Emily Carr: Canada's Most Successful Painter,none,whole,99,no_locator,"Needs the whole arc: obstacles, years of obscurity, then acclaim.",generalization,True,False,,ok,too_narrow,Landscape subject matter is one strand of her story.,too_narrow,The Group of Seven occupy a single paragraph.,,,overreach,"Text says 'one of Canada's most prominent', not the most successful."
summer_2018,2,1,14,2,inference,False,,1,It can be understood from the first paragraph that Carr -,did not accept some of the widely held views of her day,did not believe she could become a professional painter,was one of many young women artists in Victoria,was more successful as a writer than as a painter,ordinal_position,p1,3,yes_local,The era's view and the 'However' contrary-from-the-start sentence sit side by side.,inference_one_step,False,False,,ok,,,contradiction,Her determination is what the paragraph emphasises.,contradiction,"Painting was a pastime, not a profession, for women then.",wrong_location,Her writing belongs to much later paragraphs.
summer_2018,2,1,15,3,explicit_detail,False,,4,"According to the second paragraph, Carr ___ after her return from England and France.",gave up painting,taught art classes in her house,was praised by art critics,did not sell any paintings,paragraph_number,p3,1,yes_local,'She found no buyers for her paintings' answers it; note extracted paragraph breaks run one ahead of the stem's numbering.,paraphrase,True,False,,ok,overreach,"She 'came close to giving up', which is not giving up.",right_words_wrong_relation,Splices earlier art classes with renting rooms in her house.,contradiction,She remained unrecognized for many years.,,
summer_2018,2,1,16,4,paragraph_purpose,False,,4,The main purpose of the third paragraph is to -,compare the landscapes of the Group of Seven and those of Carr,describe the exhibition of Carr's works in Ottawa,"explain why Carr is known as the ""Mother of Modern Art""",discuss the Group of Seven's influence on Carr's career,paragraph_number,p4,6,needs_paragraph,"Ottawa show, quotation and nickname each bait an option; the influence arc needs the whole paragraph.",generalization,True,False,,ok,not_stated,Their landscapes and hers are never set against each other.,too_narrow,"The exhibition is the occasion, not the paragraph's point.",right_words_wrong_relation,The nickname is quoted; no explanation of it is offered.,,
summer_2018,2,1,17,5,explicit_detail,True,,1,"According to the last paragraph, which of the following is not true of Klee Wyck?",It was published after Carr died.,It won the Governor General's Award.,It was Carr's first book.,It is about the native peoples of western Canada.,ordinal_position,p5,3,needs_paragraph,Negative item: needs the 1941 award date read against the 1945 death date.,elimination_only,True,False,,ok,,,true_but_not_asked,The Governor General's Award is stated explicitly.,true_but_not_asked,The text calls Klee Wyck her first book.,true_but_not_asked,It describes her experiences among British Columbia's native peoples.
summer_2018,2,2,18,1,title,False,,2,An appropriate title for this text would be -,The Broad-Barred Goby and the Redhead Goby: A Comparison,Staghorn Coral and Gobies: Protecting the Coral Reefs,Coral Reefs: More Than Beautiful Rock Formations,Dixson and Hay: Saving the World's Coral Reefs,none,whole,99,no_locator,Only a title naming both coral and gobies covers the signalling mechanism at the centre.,generalization,True,False,,ok,not_stated,The two gobies are never systematically compared.,,,right_words_wrong_relation,Lifts the opening rock-formation image as if it were the theme.,wrong_entity,Dixson and Hay ran a study; they do not save the reefs.
summer_2018,2,2,19,2,explicit_detail,False,,4,"According to the first paragraph, coral reefs -",are found far beneath the surface of the water,are made up of many kinds of rock,release toxic chemicals,contain a wide variety of marine life forms,ordinal_position,p1,1,yes_local,'home to a fourth of the world's marine species' is a direct match.,paraphrase,True,False,,ok,contradiction,They are found in shallow tropical waters.,contradiction,They only look like rock; they are made of animals.,wrong_entity,"Turtleweed releases the toxic chemicals, not the coral.",,
summer_2018,2,2,20,3,reference_word,False,line 9,2,What is the phenomenon mentioned in line 9?,fish keeping their distance from turtleweed,gobies attacking turtleweed,staghorn coral surviving in a tank,two types of gobies living in coral reefs,line_number,p2,2,yes_local,The sentence immediately before names the gobies attacking turtleweed.,paraphrase,True,False,,ok,wrong_location,That is the normal behaviour stated one sentence earlier.,,,not_stated,Coral surviving in a tank is never presented as remarkable.,true_but_not_asked,"True background, but not the puzzle prompting the experiments."
summer_2018,2,2,21,4,explicit_detail,False,,4,"According to the third paragraph, staghorn corals release a chemical when -",there are many gobies in the area,they are in a new environment,they are far from the reef,turtleweed is nearby,paragraph_number,p3,1,yes_local,The paragraph's first sentence states the trigger condition outright.,paraphrase,True,False,,ok,right_words_wrong_relation,Gobies arrive after the signal; they do not cause it.,wrong_location,The tank setting belongs to the previous paragraph.,not_stated,Distance from the reef is never a condition mentioned.,,
summer_2018,2,2,22,5,inference,False,,2,Which of the following statements can be inferred from the last paragraph?,Knowlton participated in the GIT study.,A creature's importance is not determined by its size.,Most interactions among living things are quite simple.,Gobies are the smallest fish living in coral reefs.,ordinal_position,p4,2,yes_local,"Knowlton's quoted 'small, seemingly insignificant fish, such a large role' carries the inference.",inference_one_step,True,False,,ok,right_words_wrong_relation,"She was impressed by the study, marking her as an outsider.",,,contradiction,The paragraph calls the interactions intricate.,overreach,'Smallest fish' is an absolute the quotation never makes.
summer_2019,1,1,13,1,main_idea,False,,3,The main purpose of the text is to discuss -,national treasures of South Korea,the discoveries of geneticist Ha Ji-Hong,the rescue of a beloved breed of dog,attitudes towards dogs in South Korea,none,whole,99,no_locator,Nothing to scan; needs the arc from near-extinction to Ha Ji-Hong's restoration.,generalization,True,False,,ok,overreach,Inflates the opening 'national treasure' phrase into a whole topic.,half_true,"He is a geneticist, but he made no discoveries in the text.",,,not_stated,Korean attitudes toward dogs generally are never discussed.
summer_2019,1,1,14,2,vocab_in_context,False,line 7,1,"In line 7, ""douse"" could best be replaced by -",put out,take in,come by,drop off,line_number,p1,1,yes_local,The line 7 sentence names fire and wet fur; the sense is fixed locally.,paraphrase,False,False,,ok,,,not_stated,Phrasal verb of the right shape but wrong meaning here.,not_stated,Means obtain; nothing in the sentence supports it.,not_stated,Means deliver or abandon; incompatible with extinguishing fire.
summer_2019,1,1,15,3,explicit_detail,False,,3,"According to the second paragraph, in 1985 -",Ha Ji-Hong saw a Sapsaree for the first time,an outbreak of disease killed many dogs in South Korea,there were almost no living Sapsarees,Ha Ji-Hong conducted a genetic study of dogs,paragraph_number,p2,1,yes_local,Scan the year 1985; 'just eight dogs remained' answers immediately.,paraphrase,False,False,,ok,not_stated,His first encounter with the breed is never described.,right_words_wrong_relation,"Disease is listed as a long-term cause, not a 1985 outbreak.",,,wrong_location,"DNA work belongs to the third paragraph, not to 1985."
summer_2019,1,1,16,4,explicit_detail,False,,1,"According to the third paragraph, Ha Ji-Hong -",used both traditional and modern methods in his work,developed a new breed of dog,introduced a new approach to animal therapy,raised several types of dogs,paragraph_number,p3,1,yes_local,The paragraph's opening clause names both traditional breeding and modern DNA technology.,paraphrase,True,False,,ok,,,right_words_wrong_relation,He restored an existing breed rather than creating a new one.,right_words_wrong_relation,Hospitals use the dogs in therapy; he did not introduce the approach.,contradiction,Only Sapsarees are bred; no other types appear.
summer_2019,1,1,17,5,inference,False,,2,It can be understood from the last paragraph that Ha Ji-Hong began his project because -,the government hired him to do it,he was upset that the Sapsaree might disappear,his father had always loved Sapsarees,he thought it would be a good way to make a living,ordinal_position,p4,4,needs_paragraph,Motive is implied by self-funding plus 'beloved breed'; a single sentence baits options 1 and 3.,inference_one_step,False,False,,ok,contradiction,Government money arrived only seven years after he began.,,,right_words_wrong_relation,His father appears only as the source of inherited farmland.,contradiction,"He sold family assets and lost the estate, not earned a living."
summer_2019,1,2,18,1,main_idea,False,,2,The main purpose of this text is to discuss -,a successful product line,a controversial trademark,a debate about civil rights,a period in American history,none,whole,99,no_locator,All four options are true topics of some part; only whole-text scope decides.,generalization,True,False,,ok,too_narrow,Commercial success is the first paragraph's framing only.,,,too_narrow,Civil rights appear as background inside the third paragraph.,overreach,"Slavery is context for the trademark, not the text's subject."
summer_2019,1,2,19,2,explicit_detail,False,,3,"According to the third paragraph, the Quaker Oats Company -",did not know about Aunt Jemima's connection to slavery,supported the civil rights movement,was criticized about Aunt Jemima's appearance,bought the Aunt Jemima product line in 1968,paragraph_number,p3,3,needs_paragraph,Must join 'drew increasing criticism' to the makeover of headscarf and apron.,inference_one_step,True,False,,ok,not_stated,The company's awareness is never addressed.,right_words_wrong_relation,"The civil rights movement criticized the company, not the reverse.",,,wrong_entity,"1968 is the makeover year, not a purchase date."
summer_2019,1,2,20,3,vocab_in_context,False,line 20,2,"""Nonetheless"" (line 20) can best be restated as -",Even though slavery ended long ago,Even though the Aunt Jemima image was altered,Even though the civil rights movement was highly influential,Even though Aunt Jemima was a successful product line,line_number,p3,2,yes_local,The two sentences before line 20 list the appearance changes being conceded.,paraphrase,True,False,,ok,not_stated,The end of slavery is never offered as a concession here.,,,wrong_location,"Civil rights momentum sits earlier in the paragraph, not adjacent.",wrong_location,Commercial success belongs to the first paragraph.
summer_2019,1,2,21,4,paragraph_purpose,False,,4,The main purpose of the last paragraph is to -,offer a solution to the controversy surrounding Aunt Jemima products,explain the importance of a product's name and image for its commercial success,describe the process of establishing a new product identity in the marketplace,discuss the decision not to replace the Aunt Jemima trademark,ordinal_position,p4,3,needs_paragraph,The company's cost excuse fills the middle sentence and baits options 2 and 3.,generalization,True,False,,ok,not_stated,No solution is proposed anywhere in the paragraph.,overreach,Turns one company's excuse into a general marketing principle.,right_words_wrong_relation,Lifts 'new product identity'; no process is ever described.,,
summer_2019,1,2,22,5,author_purpose_or_attitude,False,,3,It can be inferred that the author of this text believes that -,the present form of the Aunt Jemima trademark is acceptable,Quaker Oats has done enough to correct historic wrongs,the Aunt Jemima trademark should be changed completely,a company should not have to change the name of a successful product,none,whole,99,no_locator,"Attitude is carried by scattered loaded words: shameful, missed the point, perpetuating.",inference_one_step,True,False,,ok,contradiction,Author says the changes missed the point.,contradiction,Author says the company perpetuates historic wrongs.,,,wrong_entity,"That is Quaker Oats' position, presented as the author's."
summer_2019,2,1,13,1,title,False,,4,An appropriate title for this text would be -,How the Braille System Works,The Life and Achievements of Louis Braille,Night Writing: Reading for the Blind,Braille: Bringing the Written Word to the Blind,none,whole,99,no_locator,"Must weigh whether the text is about the man, the mechanism, or the access it gave.",generalization,True,False,,ok,too_narrow,Mechanics of the system occupy the third paragraph only.,overreach,Promises a biography; only his blindness and one lecture appear.,wrong_entity,"Night writing was built for soldiers, not for blind readers.",,
summer_2019,2,1,14,2,paragraph_purpose,False,,1,The second paragraph is mainly about -,the inspiration for Braille's system,the National Institute for the Blind,Louis Braille's education,why night writing was difficult to use,paragraph_number,p2,8,needs_paragraph,"School, lecture and army rejection each bait an option; only the whole arc gives inspiration.",generalization,False,False,,ok,,,too_narrow,The Institute is named in one subordinate clause.,too_narrow,His schooling is background to the lecture that mattered.,too_narrow,'Too complicated to be practical' is one clause near the end.
summer_2019,2,1,15,3,explicit_detail,False,,3,"According to the second paragraph, the National Institute for the Blind ___.",Braille was one of the youngest pupils to attend,Braille was a lecturer at,there were not many schools like,night writing was invented at,paragraph_number,p2,1,yes_local,Scan the school's name; the appositive 'one of the few schools of its kind' answers it.,paraphrase,True,False,,ok,not_stated,His age relative to other pupils is never given.,wrong_entity,"The lecturer was a former army captain, not Braille.",,,wrong_entity,"Night writing was developed for the army, not at the Institute."
summer_2019,2,1,16,4,vocab_in_context,False,line 10,4,"In line 10, ""rejected"" could best be replaced by -",tried to improve,did not share,began to teach,decided not to use,line_number,p2,1,yes_local,'because it was too complicated to be practical' in the same sentence fixes the meaning.,paraphrase,False,False,,ok,wrong_entity,Braille adapted the system; the army did not improve it.,not_stated,Plays on message-sending; no sharing sense is available.,contradiction,Teaching it is the opposite of abandoning it.,,
summer_2019,2,1,17,5,paragraph_purpose,False,,3,The main purpose of the third paragraph is to -,discuss the similarities between Braille and night writing,explain how musical notes are represented in Braille,discuss the Braille system in detail,describe the dot combinations used in Braille,paragraph_number,p3,5,needs_paragraph,"Dots, speed and later additions are separate strands; each baits a narrower option.",generalization,True,False,,ok,contradiction,"'Whereas' marks contrast; the paragraph draws differences, not similarities.",too_narrow,Musical notes get a single closing clause.,,,too_narrow,Dot counts are one sentence of a broader description.
summer_2019,2,2,18,1,title,False,,3,An appropriate title for this text would be -,The Orkney Islands: From the Days of the Vikings to the Present,The Orkney Islands: Scotland's Most Beautiful Islands,The Orkney Islands and Their Modern Invaders,The Orkney Islands and Their Historical Sites,none,whole,99,no_locator,Requires seeing the Viking/tourist invasion metaphor that opens and closes the text.,generalization,True,False,,ok,overreach,Vikings are one opening clause; no history is narrated.,overreach,'Most beautiful' superlative is never claimed.,,,too_narrow,Historical sites are the second paragraph only.
summer_2019,2,2,19,2,paragraph_purpose,False,,1,The main purpose of the second paragraph is to -,discuss what attracts tourists to the Orkney Islands,present the history of Skara Brae,describe the beauty and wildlife of the Orkney Islands,discuss Skara Brae and other World Heritage Sites,paragraph_number,p2,4,needs_paragraph,Skara Brae dominates the paragraph's second half and baits options 2 and 4.,generalization,False,False,,ok,,,too_narrow,Skara Brae is one example among the attractions listed.,too_narrow,Landscape and wildlife fill only the opening clause.,half_true,One World Heritage Site is named; there are no others.
summer_2019,2,2,20,3,paragraph_purpose,False,,2,The main purpose of the third paragraph is to -,explain the increase in tourism to the Orkney Islands,discuss a challenge faced by the Orkney Islanders,describe an incident at St Magnus Cathedral,discuss the damage done to sites on the Orkney Islands,paragraph_number,p3,5,needs_paragraph,The cathedral incident occupies half the paragraph and is exactly what a local reader picks.,generalization,False,False,,ok,not_stated,The paragraph never explains why tourism grew.,,,too_narrow,One incident used to illustrate the wider problem.,half_true,"Damage is asserted, but no damage to sites is described."
summer_2019,2,2,21,4,inference,False,,4,It can be inferred from the last paragraph that Harold Goodwin -,was asked to be a member of the Orkney Islands Council in 2016,believes that there should be fewer tourists coming to the Orkney Islands each year,advised that cruise ships should not be allowed to dock at the Orkney Islands,"told the Orkney Islands Council that tourists must be treated as visitors, not invaders",ordinal_position,p4,3,needs_paragraph,Needs his organisation's 'responsible tourism' aim plus the closing invaders sentence.,inference_one_step,True,False,,ok,right_words_wrong_relation,"He was called in to advise the council, not to join it.",overreach,Controlling arrival rate is not the same as fewer annual visitors.,contradiction,A docking fee presupposes docking continues to be allowed.,,
summer_2019,2,2,22,5,explicit_detail,False,,1,"According to the text, most of the people who visit the Orkney Islands come -",as part of a cruise,to see historical sites,because of the landscapes and wildlife,for the cathedrals and chapels,none,p3,1,no_locator,Stem points nowhere; skimming for 'majority' finds the answering clause in paragraph three.,paraphrase,True,False,,ok,,,true_but_not_asked,"Sites are attractions, but never called the majority's reason.",true_but_not_asked,Landscapes and wildlife are listed but not as most visitors' motive.,not_stated,"Cathedral and chapel appear as incident sites, not draws."
summer_2020,1,1,13,1,inference,False,,2,It can be understood from the text that Hush Puppies are especially known for being -,cheap,comfortable,strong,lightweight,none,p2,2,no_locator,Brand name is everywhere; the trait word appears twice in different paragraphs,paraphrase,True,False,,ok,not_stated,Price is never mentioned in the text,,,not_stated,Durability is never claimed for the shoes,wrong_location,Lightweight belongs to the company's recent other lines
summer_2020,1,1,14,2,paragraph_purpose,False,,3,The main purpose of the second paragraph is to -,"introduce James Muir, the creator of Hush Puppies",discuss the company that created Hush Puppies,explain how Hush Puppies got their name,describe the food known as hush puppies,paragraph_number,p2,6,needs_paragraph,The catfish dinner and the salesman only pay off in the paragraph's last sentence,generalization,True,False,,ok,half_true,"Muir is introduced, but he named rather than created the shoes",too_narrow,Wolverine is named once as Muir's employer,,,too_narrow,"The food is a step in the story, not the point"
summer_2020,1,1,15,3,vocab_in_context,False,,1,"According to the second paragraph, ""hush"" means -",quiet,fry,name,bark,paragraph_number,p2,1,yes_local,"The gloss sits in the same sentence: quiet their dogs, or hush their puppies",paraphrase,True,False,,ok,,,right_words_wrong_relation,Borrows 'deep-fried' from the food description,right_words_wrong_relation,Borrows 'name' from the question Muir asked,right_words_wrong_relation,"Borrows 'barking' from the same sentence, but that is what is hushed"
summer_2020,1,1,16,4,paragraph_purpose,False,,3,The main purpose of the third paragraph is to -,discuss some of the famous people who wore Hush Puppies,describe how Hush Puppies influenced popular culture,discuss the remarkable success of Hush Puppies,describe the Hush Puppies logo,paragraph_number,p3,7,needs_paragraph,"Logo, celebrities and sales figures each anchor a wrong option on their own",generalization,False,False,,ok,too_narrow,Royalty and rock stars are two sentences of evidence,right_words_wrong_relation,The brand became part of popular culture; it did not influence it,,,too_narrow,The basset hound is one detail among many
summer_2020,1,1,17,5,explicit_detail,False,,2,"According to the third paragraph, which of the following is a true statement about Hush Puppies?",Britain's Prince Philip made them famous.,A picture of a dog appears on the shoe boxes.,They are the best-selling shoes in the world.,They were more popular in the 1960s than they are today.,paragraph_number,p3,1,needs_paragraph,Open which-is-true stem; the shoe-box clause is buried mid-paragraph,paraphrase,True,False,,ok,right_words_wrong_relation,He wore a pair; no causal claim about fame is made,,,overreach,Millions of pairs sold is not a claim of being best-selling,not_stated,No comparison between 1960s and present popularity
summer_2020,1,2,18,1,paragraph_purpose,False,,1,The main purpose of the first paragraph is to discuss -,different types of extraterrestrial material,the weight and size of meteorites,how much space debris lands on Earth,what meteorites are composed of,ordinal_position,p1,9,needs_paragraph,"Only reading the whole taxonomy shows it is a series of categories, not one topic",generalization,True,False,,ok,,,too_narrow,Size and weight are one sentence about meteorites,too_narrow,The tonnage figure is only the opening sentence,too_narrow,Composition closes the paragraph but does not frame it
summer_2020,1,2,19,2,explicit_detail,False,,1,"According to the second paragraph, regmaglypts -",are not found on all meteorites,cause meteorites to melt as they fall through the atmosphere,are depressions in the Earth made by a fallen meteorite,are not as dense as rocks formed on Earth,paragraph_number,p2,1,yes_local,"Scan the term; the sentence begins with 'Some', which is the whole answer",inference_one_step,False,False,,ok,,,right_words_wrong_relation,"Reverses cause: they result from melting, not cause it",wrong_entity,"The depressions are on the meteorite, not in the ground",contradiction,Meteorites are said to be denser than Earth rocks
summer_2020,1,2,20,3,inference,False,,2,Which of the following can be inferred from the second paragraph about finds?,They are larger than falls.,No one knows exactly when they landed on Earth.,They do not have a black crust.,Scientists know more about them than they know about falls.,paragraph_number,p2,2,yes_local,Must read the 'fall' definition beside the 'find' definition to see the contrast,inference_one_step,False,False,,ok,not_stated,Size is not part of either definition,,,contradiction,All meteorites are said to have a black crust,right_words_wrong_relation,Reverses it: observed falls are the better documented ones
summer_2020,1,2,21,4,paragraph_purpose,False,,4,The main purpose of the last paragraph is to -,compare meteorites with lunar rocks,explain what meteorites teach us about life on Earth,"describe the origin, age, and evolution of meteorites",explain the significance of meteorites,ordinal_position,p3,3,needs_paragraph,The list of clues and the lunar-rock comparison both serve one claim of significance,generalization,True,False,,ok,too_narrow,Lunar rocks appear in one qualifying clause,too_narrow,Beginnings of life is one item in a list of three,right_words_wrong_relation,"Origin, age and evolution belong to the solar system, not meteorites",,
summer_2020,1,2,22,5,explicit_detail,True,,4,Which of the following is not mentioned in the text as something that has fallen from outer space?,shooting stars,extraterrestrial debris,the Nantan meteorite,lunar rocks,none,whole,99,needs_whole_text,"Negative item; the lunar-rock clause in the last paragraph says brought back, not fallen",elimination_only,True,False,,ok,true_but_not_asked,Meteors falling are called shooting stars,true_but_not_asked,"100,000 tons showers Earth every year",true_but_not_asked,It fell in 1516 in Nantan County,,
summer_2020,2,1,13,1,title,False,,4,An appropriate title for this text would be -,Should Prejudice be Discussed in the Classroom?,"Blue, Brown or Green: Does Eye Color Affect Intelligence?",Jane Elliott's Views on Civil Rights,Jane Elliott's Unusual Lesson,none,whole,99,no_locator,"Title must cover the exercise, its effect and the later controversy",generalization,True,False,,ok,not_stated,The text never debates whether prejudice should be taught,right_words_wrong_relation,"The melanin claim was fabricated by Elliott, not a real question",not_stated,"Her views are never given, only her lesson",,
summer_2020,2,1,14,2,inference,False,,3,It can be inferred from the second paragraph that the brown- and green-eyed children -,did not want to sit separately from their classmates,began to bully one another,became more confident,tried to help the blue-eyed children,paragraph_number,p2,1,yes_local,Participating more and becoming outgoing sit in one sentence with the bullying,inference_one_step,True,False,,ok,wrong_entity,The blue-eyed children were the ones seated separately,right_words_wrong_relation,"They bullied the blue-eyed group, not each other",,,contradiction,They were told not to speak to them and bullied them
summer_2020,2,1,15,3,explicit_detail,False,,2,"According to the third paragraph, what happened when Elliott reversed the children's roles?",The brown- and green-eyed children refused to participate in the exercise.,The blue-eyed children were kinder than the brown- and green-eyed children had been on Friday.,The brown- and green-eyed children behaved the same way they had on Friday.,The blue-eyed children continued to feel discriminated against.,paragraph_number,p3,2,yes_local,Scan 'reversed'; the next sentence carries the not-as-cruel comparison,paraphrase,False,False,,ok,not_stated,No refusal to participate is reported,,,contradiction,"The blue-eyed group, now on top, behaved less cruelly",contradiction,On Monday the blue-eyed children had the upper hand
summer_2020,2,1,16,4,main_idea,False,lines 26-27,2,"What was ""the point that Elliott was trying to make"" (lines 26-27)?",People who experience discrimination become bullies.,Discrimination is harmful.,People should not care what others think about them.,Intelligent people are usually tolerant of others.,line_number,whole,8,needs_whole_text,The cited line does not contain the point; it is stated back in paragraph one,generalization,True,False,,ok,contradiction,"The formerly abused group was less cruel, not more",,,not_stated,No lesson about ignoring others' opinions appears,right_words_wrong_relation,Recombines intelligence and tolerance from unrelated places
summer_2020,2,1,17,5,paragraph_purpose,False,,4,The main purpose of the last paragraph is to discuss -,the psychological damage done to Elliott's students,variations of Elliott's social exercise used today,positive and negative results of Elliott's exercise,reactions to Elliott's social exercise,ordinal_position,p4,4,needs_paragraph,"Appalled readers, praise, criticism and later teachers are all responses, not outcomes",generalization,False,False,,ok,right_words_wrong_relation,Readers argued it was damaging; no damage is reported,too_narrow,Present-day variations are the closing sentence only,right_words_wrong_relation,"These are opinions about the exercise, not its results",,
summer_2020,2,2,18,1,title,False,,1,An appropriate title for this text would be -,A Dictionary of American Underworld Lingo: An Inside Job,Great Meadow Prison: Giving Convicts a Second Chance,A Dictionary of American Underworld Lingo: How to Commit the Perfect Crime,From Criminals to Honest Men: The Lives of Frank O'Leary and Morris Lipsius,none,whole,99,no_locator,Must join the book's nature with the fact that prisoners made it,generalization,True,False,,ok,,,too_narrow,The prison is the setting; the book is the subject,contradiction,Text says it was not a training manual for criminals,too_narrow,Their later lives are the two-sentence closing paragraph
summer_2020,2,2,19,2,paragraph_purpose,False,,4,The first paragraph mainly discusses the A Dictionary of American Underworld Lingo.,words and phrases defined in,people who helped to write,kinds of crimes discussed in,contents and purpose of,ordinal_position,p1,5,needs_paragraph,The long list of slang words tempts a scanner toward the narrower option,generalization,False,False,,ok,too_narrow,"The example entries are illustration, not the whole paragraph",wrong_location,Who wrote it is the second paragraph's subject,right_words_wrong_relation,"It lists words about crime, not kinds of crimes",,
summer_2020,2,2,20,3,explicit_detail,False,,4,"According to the first paragraph, the dictionary was intended for -",libraries,potential criminals,schools,police officers,ordinal_position,p1,1,yes_local,One sentence lists the intended users; police is the first named,paraphrase,True,False,,ok,not_stated,Libraries are never mentioned,contradiction,Text explicitly denies it was for potential criminals,not_stated,Schools are never mentioned,,
summer_2020,2,2,21,4,inference,False,,4,It can be inferred from the second paragraph that Rabbi Goldin -,wrote most of A Dictionary of American Underworld Lingo,used his own money to publish A Dictionary of American Underworld Lingo,initiated many projects at Great Meadow Prison,believed that convicts have the potential to contribute to society,paragraph_number,p2,1,yes_local,Scan 'Goldin'; his desire to let convicts accomplish something positive is one clause,inference_one_step,True,False,,ok,contradiction,Prisoners were the editors and the thirty contributors,not_stated,Funding of the book is never discussed,overreach,He initiated this project; no others are mentioned,,
summer_2020,2,2,22,5,explicit_detail,False,,4,"According to the second paragraph, contributors to the dictionary -",were friends of O'Leary and Lipsius,visited the prison many times,all had literary backgrounds,were knowledgeable about specific types of crime,paragraph_number,p2,1,yes_local,Scan 'contributors'; the expertise clause is in the same sentence,paraphrase,False,False,,ok,not_stated,No relationship between contributors and the editors is described,contradiction,"They were prisoners there, not visitors",not_stated,"They were chosen for crime expertise, not literary background",,
summer_2021,1,1,13,1,explicit_detail,False,,3,"According to the text, CocoaVia is -",a natural chemical,no healthier than chocolate,a new product made by Mars,more popular than M&M's,named_entity_or_term,p1,1,yes_local,Scan 'CocoaVia'; its first mention names Mars and calls it new,paraphrase,True,False,,ok,wrong_entity,"Flavanols are the natural chemicals, not the bar itself",contradiction,Text says it contains proven cholesterol-reducing substances,,,not_stated,No comparison of popularity between the two products
summer_2021,1,1,14,2,reference_word,False,line 2,4,"""It"" (line 2) refers to -",the CocoaVia bar,reality,M&M's,the Mars company,line_number,p1,2,yes_local,Subject of the previous sentence is Mars; only a company can introduce a product,inference_one_step,True,False,,ok,wrong_entity,"CocoaVia is the thing introduced, not the introducer",other:nearest_noun_not_antecedent,'reality' ends the previous sentence but cannot introduce a product,wrong_entity,M&M's sits inside the appositive describing Mars,,
summer_2021,1,1,15,3,vocab_in_context,False,line 8,2,"In line 8, ""rich in"" means -",tasting like,full of,with few,good for,line_number,p2,1,yes_local,Contrast with 'regular chocolate' in the same sentence fixes the quantity sense,inference_one_step,False,False,,ok,not_stated,Taste is never discussed in the text,,,contradiction,"Reverses the quantity: the chocolate has more, not fewer",other:topic_association_not_meaning,Borrows the paragraph's health framing instead of the phrase's meaning
summer_2021,1,1,16,4,paragraph_purpose,False,,4,The main purpose of the last paragraph is to -,present Lichtenstein's studies on nutrition,discuss the nutritional value of a CocoaVia bar,explain how people can eat more without gaining weight,show why CocoaVia may not be as healthy as people think,ordinal_position,p3,3,needs_paragraph,Calorie figures alone look like nutrition data; the 'not convinced' framing gives the purpose,generalization,True,False,,ok,not_stated,Lichtenstein is quoted; no studies of hers are presented,too_narrow,"Calories and fat are evidence for the claim, not the point",contradiction,She warns people cannot eat a lot without gaining weight,,
summer_2021,1,1,17,5,title,False,,3,An appropriate title for this text would be -,CocoaVia Bars and M&M's: Chocolates from Mars,Nutritional Advice from Alice Lichtenstein,CocoaVia: Can Chocolate Be Good for You?,"Flavanols, Cholesterol, and Heart Function",none,whole,99,no_locator,Title must hold both the health claims and the nutritionists' doubt,generalization,True,False,,ok,too_narrow,Names the products but drops the health question entirely,too_narrow,Lichtenstein appears only in the last paragraph,,,too_narrow,Lists mechanisms from paragraphs one and two only
summer_2021,1,2,18,1,title,False,,3,An appropriate title for this text would be -,Adetutu Ademiluyi: Yoruba Princess,The Life and Work of Nigeria's Greatest Artist,The Creation and Rediscovery of a Nigerian Treasure,Well-Known African Portraits,none,whole,99,no_locator,Must span both halves: how Tutu was made and how it resurfaced,generalization,True,False,,ok,too_narrow,The sitter is a detail; the text is about the painting,overreach,"No life story; text covers one work, not his whole career",,,overreach,Generalises to many African portraits instead of one painting
summer_2021,1,2,19,2,explicit_detail,False,,3,"According to the first paragraph, Bonhams -",was the first auction house to recognize Enwonwu's talent,had never received £1.2 million for a painting before it sold Tutu,found the long-lost painting,asked Enwonwu to paint a portrait of Ademiluyi,ordinal_position,p1,1,yes_local,Scan 'Bonhams'; 'was recovered by' in the same sentence is the whole answer,paraphrase,True,False,,ok,not_stated,Nothing about who first recognised Enwonwu's talent,right_words_wrong_relation,"Record was for Nigerian modernist work, not for Bonhams overall",,,not_stated,Paragraph never says who commissioned the portrait
summer_2021,1,2,20,3,explicit_detail,True,,3,Which of the following statements about Enwonwu cannot be inferred from the second paragraph?,He taught art as well as created it.,His work made many people aware of modern African art.,Most of his paintings were portraits.,His paintings were highly original.,paragraph_number,p2,4,needs_paragraph,Negative item: three of four claims must be traced to different sentences of the paragraph,elimination_only,True,False,,ok,true_but_not_asked,He was a professor of fine arts while painting,true_but_not_asked,His work increased the visibility of modern African art,,,true_but_not_asked,'Pioneering' supports originality
summer_2021,1,2,21,4,inference,False,,1,It can be inferred from the third paragraph that the Nigerian civil war -,was fought between the Yoruba and the Igbo peoples,began soon after Enwonwu painted Ademiluyi,greatly influenced Nigerian art,was the subject of most of Enwonwu's work,paragraph_number,p3,1,yes_local,"The civil-war sentence itself names a Yoruba sitter, Igbo artist and reconciliation",inference_one_step,True,False,,ok,,,right_words_wrong_relation,Reverses the order: the painting came after the war,overreach,One iconic painting is not a claim about Nigerian art broadly,not_stated,Nothing about the subjects of his other works
summer_2021,1,2,22,5,inference,False,,2,It can be inferred from the last paragraph that Peppiatt -,found other Enwonwu paintings in the family's home,had long hoped to find the Tutu paintings,has stopped looking for the other two original portraits,thought that the Tutu reproductions were as good as the originals,ordinal_position,p4,3,needs_paragraph,Must combine years of examining fake Tutus with his staggered reaction,inference_one_step,False,False,,ok,not_stated,Only one painting is evaluated in the family's home,,,not_stated,Nothing is said about giving up the search,contradiction,The original astonished him precisely because copies are not the same
summer_2021,2,1,13,1,paragraph_purpose,False,,1,The main purpose of the second paragraph is to -,describe Lind's experiment and its outcome,discuss the benefits of citrus fruit,explain why it took forty years to cure scurvy,compare different treatments for scurvy,paragraph_number,p2,8,needs_paragraph,The treatment list and the forty-year delay each support a wrong option on their own,generalization,True,False,,ok,,,too_narrow,"Citrus benefits are the result, not the paragraph's frame",right_words_wrong_relation,The forty years are mentioned but never explained,half_true,"Six treatments are listed, but the outcome is the point"
summer_2021,2,1,14,2,reference_word,False,line 11,4,"In line 11, ""the others"" refers to those who -",had the most severe cases of scurvy,did not recover at all,were given apple cider,were not given citrus fruits,line_number,p2,2,yes_local,The contrast within the sentence sets citrus pair against the other five pairs,inference_one_step,True,False,,ok,not_stated,Severity of cases is never mentioned,overreach,"Text says little or no improvement, not none at all",too_narrow,Cider is only one of the five other treatments,,
summer_2021,2,1,15,3,inference,True,,4,It can be inferred from the second paragraph that all of the following are citrus fruits except -,oranges,lemons,limes,apples,paragraph_number,p2,3,needs_paragraph,"Limes appear only in the navy sentence at the paragraph's end, far from oranges and lemons",synthesis,True,False,,ok,true_but_not_asked,Named as the successful citrus treatment,true_but_not_asked,Paired with oranges as the effective cure,true_but_not_asked,Lime juice is the navy's later anti-scurvy supply,,
summer_2021,2,1,16,4,inference,True,,3,Which of the following statements cannot be inferred from the last paragraph?,Citrus fruit contains vitamin C.,Vitamin C can prevent scurvy.,Lind discovered vitamin C.,Vitamin C was identified in the 1930s.,ordinal_position,p3,2,needs_paragraph,"Both short sentences are needed; the second names the 1930s scientists, not Lind",elimination_only,True,False,,ok,true_but_not_asked,Follows from citrus curing scurvy and vitamin C being the factor,true_but_not_asked,Citrus prevents scurvy and the factor is vitamin C,,,true_but_not_asked,The 1930s date is stated outright
summer_2021,2,1,17,5,main_idea,False,,4,The main purpose of the text is to discuss -,a disease affecting sailors,the dietary benefits of vitamin C,life on board ship during the Age of Exploration,James Lind's discovery of a cure for scurvy,none,whole,99,no_locator,Paragraph one and paragraph three each anchor a competing wrong option,generalization,True,False,,ok,true_but_not_asked,Scurvy is the topic but Lind's cure is the purpose,too_narrow,Vitamin C appears only in the two-sentence closing paragraph,too_narrow,Shipboard life is the first paragraph's background,,
summer_2021,2,2,18,1,main_idea,False,,2,The main purpose of the text is to -,recommend life coaching,discuss a new profession,compare several mental health professions,explain the goals of life coaching,none,whole,99,no_locator,Only a neutral label covers both the endorsement and the skepticism paragraphs,generalization,False,False,,ok,overreach,"Text is balanced and ends with dangers, not a recommendation",,,right_words_wrong_relation,"Other professions are named as observers, never compared",too_narrow,Goals fill one paragraph; the debate fills two
summer_2021,2,2,19,2,paragraph_purpose,False,,2,The main purpose of the second paragraph is to show how life coaching can -,heal the wounds of the past,bring about positive change,be more effective than psychoanalysis,increase a person's self-confidence,paragraph_number,p2,7,needs_paragraph,The Underhill story only makes sense as a whole; single clauses feed narrower options,generalization,False,False,,ok,contradiction,"Verbatim phrase, but the text says coaches do not do this",,,not_stated,"Psychoanalysis is contrasted, never called less effective",too_narrow,Confidence is one word in the closing sentence
summer_2021,2,2,20,3,inference,True,,1,It can be inferred from the second paragraph that Karen Underhill's life coach did not -,try to interpret her childhood experiences,help her to determine her strengths and weaknesses,encourage her to make a change in her life,discuss practical plans for her future,paragraph_number,p2,3,needs_paragraph,Rule about coaches sits early; the Underhill case it must be applied to sits later,inference_one_step,False,False,,ok,,,true_but_not_asked,Implied by planning around the qualifications she lacked,true_but_not_asked,The whole plan is a change of career,true_but_not_asked,"College, aid and internships are practical plans"
summer_2021,2,2,21,4,inference,False,line 20,3,It can be inferred that the professor mentioned in line 20 -,was among the first life coaches,gave up a career in medicine to become a life coach,recognizes the importance of life coaching,became a psychologist with the help of a life coach,line_number,p3,2,yes_local,He heads a coaching institute; the sentence with the line reference suffices,inference_one_step,False,False,,ok,not_stated,Nothing about when he started or whether he coaches,contradiction,He is still a professor at Harvard Medical School,,,right_words_wrong_relation,Scrambles who helped whom between coach and psychologist
summer_2021,2,2,22,5,explicit_detail,True,,4,Which of the following criticisms of life coaching is not mentioned in the last paragraph?,Not all life coaches have been properly trained.,A coach may not realize that a client is ill.,A coach may take advantage of a person's difficult situation.,Life coaches focus mainly on career issues.,ordinal_position,p4,5,needs_paragraph,"Negative item; 'career' appears in paragraph two, tempting a scanner to accept option four",elimination_only,True,False,,ok,true_but_not_asked,No national accreditation requirements is the first criticism,true_but_not_asked,Coaches are not trained to recognise mental illness,true_but_not_asked,Unscrupulous individuals profiting from desperate people,,
winter_2018,1,1,13,1,explicit_detail,True,,1,Which of the following statements about Lake Malawi cannot be learned from the first paragraph?,It contains more fish species than any other lake in Africa.,It is of great interest to scientists.,Most of the fish that live there are endemic.,It is an isolated body of water.,ordinal_position,p1,4,needs_paragraph,Negative item: each option must be matched against every sentence of paragraph one.,elimination_only,True,False,,ok,,,true_but_not_asked,'Invaluable insight' for scientists is stated explicitly.,true_but_not_asked,'nearly all of these species are endemic' is stated.,true_but_not_asked,The lake is described as isolated from other bodies of water.
winter_2018,1,1,14,2,paragraph_purpose,False,,2,The main purpose of the second paragraph is to -,discuss the coloration of cichlids,present some facts about two types of cichlids,describe interactions between mbuna and peacock cichlids,compare male and female cichlids,paragraph_number,p2,6,needs_paragraph,"Colour runs through the paragraph and its last sentence is male/female, baiting 1 and 4.",generalization,True,False,,ok,too_narrow,"Colour is a recurring detail, not the organising point.",,,not_stated,No interaction between the two groups is described.,too_narrow,Male versus female is the paragraph's closing sentence only.
winter_2018,1,1,15,3,vocab_in_context,False,line 7,1,"It can be understood that ""rock dweller"" (line 7) means -",one who lives among rocks,something that is the same color as a rock,one who loves rocks,something that is shaped like a rock,line_number,p2,1,yes_local,"The same sentence glosses it: cichlids that inhabit shallow, rocky waters.",paraphrase,True,False,,ok,,,right_words_wrong_relation,Colour is the paragraph's theme but not this name's basis.,not_stated,No preference or affection is attributed to the fish.,not_stated,Shape is never mentioned in the passage.
winter_2018,1,1,16,4,explicit_detail,False,,4,"According to the second paragraph, peacock cichlids are so named because they -",are beautiful,live in vast open waters,are the most vividly colored cichlids,have coloring similar to peacock birds,paragraph_number,p2,1,yes_local,'They owe their name to' names the reason; but the sentence before it baits option 2.,paraphrase,True,False,,ok,true_but_not_asked,All cichlids are called beautifully coloured; not the naming reason.,wrong_location,"True, but it is the immediately preceding sentence, not the reason.",overreach,"Text compares males to females, never ranks the two groups.",,
winter_2018,1,1,17,5,explicit_detail,False,,2,"According to the last paragraph, cichlids ___ aquariums.",should be separated from other fish in,may be less colorful when bred in,cannot live for long in,must be kept in very large,ordinal_position,p3,1,yes_local,'tank-bred cichlids are not as brilliantly colored' answers it directly.,paraphrase,True,False,,ok,not_stated,Nothing about keeping them apart from other fish.,,,contradiction,They are described as easy to take care of.,not_stated,Tank size is never discussed.
winter_2018,1,2,18,1,title,False,,4,An appropriate title for the text would be -,Trompe l'Oeil: From Antiquity to the Baroque Period,Trompe l'Oeil: Making the Most of Small Spaces,Trompe l'Oeil: Playful or Serious?,Trompe l'Oeil: Not Real After All,none,whole,99,no_locator,Only the deception idea runs through all four paragraphs; the rest cover one each.,generalization,False,False,,ok,too_narrow,"Covers paragraphs two and three, ignoring definition and present day.",too_narrow,Small interiors are one clause of the third paragraph.,right_words_wrong_relation,Lifts 'playfulness' and invents a debate the text never has.,,
winter_2018,1,2,19,2,paragraph_purpose,False,,4,The main purpose of the first paragraph is to -,compare trompe l'oeil with other painting styles,"discuss the origin of the term ""trompe l'oeil""",describe the techniques used in trompe l'oeil,explain what trompe l'oeil is,ordinal_position,p1,4,needs_paragraph,The technique list fills a whole sentence and is what a local reader picks as option 3.,generalization,True,False,,ok,not_stated,No other painting style is mentioned.,wrong_location,The term's coining appears in the second paragraph.,too_narrow,"Lines, detail and perspective are one supporting sentence.",,
winter_2018,1,2,20,3,paragraph_purpose,False,,1,The main purpose of the second and third paragraphs is to discuss -,the history of trompe l'oeil,the principles and techniques of trompe l'oeil,the subjects of trompe l'oeil paintings,famous trompe l'oeil artists,paragraph_number,p2-p3,10,needs_paragraph,Two paragraphs must be read together to see antiquity-to-Baroque as one time line.,generalization,False,False,,ok,,,wrong_location,Principles and techniques belong to the first paragraph.,too_narrow,"Grapes, curtains and domes are illustrations, not the topic.",half_true,"Artists are named, but never as famous or as the subject."
winter_2018,1,2,21,4,explicit_detail,True,,1,Which of the following statements about Zeuxis and Parrhasius is not true according to the second paragraph?,They were rivals of Pliny the Elder.,They lived in ancient times.,They created trompe l'oeil paintings.,They knew each other.,paragraph_number,p2,5,needs_paragraph,"Negative item; 'rival' sits next to Pliny's name, making the false option look sourced.",elimination_only,True,False,,ok,,,true_but_not_asked,The paragraph places the technique's roots in antiquity.,true_but_not_asked,Both painted works that fooled viewers.,true_but_not_asked,Parrhasius invited Zeuxis to view his painting.
winter_2018,1,2,22,5,inference,False,line 22,1,Which of the following would most likely be part of the view mentioned in line 22?,a pretty lake,long curtains,the apartment's kitchen,the building next door,line_number,p4,1,yes_local,'a beautiful outdoor view' in the cited line rules three options out at once.,inference_one_step,False,False,,ok,,,wrong_location,Curtains come from the Parrhasius anecdote two paragraphs earlier.,contradiction,"The painted window shows an outdoor scene, not another room.",right_words_wrong_relation,Reuses the city-building setting but ignores 'beautiful'.
winter_2018,2,1,13,1,main_idea,False,,2,The main purpose of the text is to -,discuss a novel by Jules Verne,describe an adventure inspired by a work of fiction,compare Nellie Bly's trip around the world to Phileas Fogg's,tell the story of a brave young newspaper reporter,none,whole,99,no_locator,Must see that the novel is setup and Bly's real journey is the payload.,generalization,True,False,,ok,too_narrow,The novel occupies only the first paragraph.,,,half_true,"Comparison happens, but the text narrates rather than compares.",too_narrow,Drops the fictional inspiration that frames the whole text.
winter_2018,2,1,14,2,vocab_in_context,False,line 5,4,"In line 5, ""leg"" means -",story,side,force,part,line_number,p1,1,yes_local,'on one leg of the journey' in the cited line is enough to fix the sense.,paraphrase,False,False,,ok,not_stated,"A different sense of the word, unsupported by the sentence.",not_stated,Geometric sense of leg; does not fit a journey.,not_stated,No sense of force is available in this context.,,
winter_2018,2,1,15,3,explicit_detail,False,,4,"According to the second paragraph, Nellie Bly prepared for her journey by -",following a route similar to Phileas Fogg's,quitting her job at the newspaper,writing an article about Jules Verne's novel,studying boat and train schedules,paragraph_number,p2,1,yes_local,'After studying steamship and railroad schedules' answers it in one clause.,paraphrase,True,False,,ok,true_but_not_asked,"True, but it is the journey itself, not preparation.",contradiction,She kept her job and had the paper assign her the story.,right_words_wrong_relation,Reuses 'the story' assigned to her; no article about the novel.,,
winter_2018,2,1,16,4,explicit_detail,False,,3,"According to the last paragraph, because of Nellie Bly's journey ___.",Jules Verne became well known,many copies of Around the World in Eighty Days were sold,many people started reading the New York World,world travel became more common,ordinal_position,p3,1,yes_local,'The newspaper's readership soared' states the consequence directly.,paraphrase,True,False,,ok,wrong_entity,"Verne appears as someone she visited, not as a beneficiary.",not_stated,Sales of the novel are never mentioned.,,,not_stated,No claim that world travel became more common.
winter_2018,2,1,17,5,inference,False,line 19,3,"In line 19, ""record"" is in quotation marks ("" "") because -",it had already been broken,Jules Verne never called it a record,it existed only in a novel,Nellie Bly wrote about it in the New York World,line_number,p3,2,needs_paragraph,"The justifying word 'fictional' sits at the paragraph's start, five lines above the cited line.",inference_one_step,True,False,,ok,not_stated,No earlier breaking of the record is mentioned.,wrong_entity,Verne is in the paragraph but makes no such statement.,,,true_but_not_asked,"She did write for the paper, but that explains no quotation marks."
winter_2018,2,2,18,1,title,False,,1,An appropriate title for this text is -,Dementia: Some Reasons to Be Hopeful,Understanding the Workings of the Brain,K. Warner Schaie: Studying the Aging Process,Factors That Affect Health in the Elderly,none,whole,99,no_locator,Requires tracking the movement from fear to protective factors to optimism.,generalization,True,False,,ok,,,overreach,Far broader than the text's focus on aging and dementia.,too_narrow,Schaie occupies the second paragraph only.,right_words_wrong_relation,Borrows 'factors' and 'elderly' but shifts to general health.
winter_2018,2,2,19,2,paragraph_purpose,False,,4,The main purpose of the first paragraph is to describe -,how Alzheimer's affects a person's mental capacities,the fears experienced by people with dementia,ways in which a person's mind may grow weaker,why some people worry about getting older,ordinal_position,p1,4,needs_paragraph,The content of the fear fills the paragraph; option 3 restates that content instead of the aim.,generalization,True,False,,ok,too_narrow,Alzheimer's is named once in a subordinate clause.,wrong_entity,"The fearful are healthy people anticipating, not dementia sufferers.",too_narrow,Restates what is feared rather than why the fear exists.,,
winter_2018,2,2,20,3,explicit_detail,False,,3,"According to the second paragraph, Schaie identified factors that -",explain why many people experience dementia,can slow down the aging process,are associated with strong and weak mental functioning in the elderly,influence people differently at different ages,paragraph_number,p2,4,needs_paragraph,"Two separate lists, protective and harmful; reading only the first misses half the answer.",generalization,True,False,,ok,right_words_wrong_relation,Paragraph opens by denying dementia can be predicted.,not_stated,Slowing the aging process is never claimed.,,,not_stated,No age-dependent variation in these factors is described.
winter_2018,2,2,21,4,inference,False,,2,It can be inferred from the second paragraph that people who feel satisfied with their lives -,will be able to manage well even if their mental functioning declines,may be less likely to experience dementia than people who feel dissatisfied,probably have an above-average number of years of education,are not the main subjects of Schaie's study,paragraph_number,p2,1,yes_local,The closing clause lists dissatisfaction as a decline factor; invert it for the answer.,inference_one_step,True,False,,ok,not_stated,Coping with decline is never discussed.,,,right_words_wrong_relation,Links two independent items from the list as if one implied the other.,not_stated,Nothing is said about who Schaie's subjects were.
winter_2018,2,2,22,5,main_idea,False,,4,The main idea of the last paragraph is that -,psychologists are always learning more about the workings of the brain,a person may develop new mental abilities even in old age,scientists believe that they will find ways to prevent mental decline,a person's mental faculties may not all weaken with age,ordinal_position,p3,3,needs_paragraph,'may actually increase' in the last line is precisely what makes option 2 tempting.,generalization,True,False,,ok,right_words_wrong_relation,Lifts psychologists and 'workings of the brain' from the middle sentence.,overreach,Existing capacities may increase; new abilities are never claimed.,not_stated,No prediction about preventing mental decline is made.,,
winter_2020,1,1,13,1,explicit_detail,False,,2,"According to the first paragraph, snow -",has been written about by poets,interests both artists and scientists,cannot be eaten,should be studied scientifically,ordinal_position,p1,2,needs_paragraph,"Open stem; the poets sentence tempts option one, the next sentence overturns it",paraphrase,True,False,,ok,right_words_wrong_relation,"'Poets at heart' describes snow lovers, not poets writing about snow",,,contradiction,The opening line has you catch snow on your tongue,overreach,Text reports that snow inspires scientists; it prescribes nothing
winter_2020,1,1,14,2,paragraph_purpose,False,,1,The main purpose of the second paragraph is to -,describe how snowflakes are formed,prove that no two snowflakes look alike,argue that snowflakes are a form of art,compare the different shapes of snowflakes,paragraph_number,p2,6,needs_paragraph,The uniqueness claim and the art quote at the end each pull toward a wrong option,generalization,True,False,,ok,,,overreach,"Text says highly unlikely, and it is one sentence of six",too_narrow,"The art line is a closing quote, not an argument",not_stated,No two shapes are ever compared
winter_2020,1,1,15,3,vocab_in_context,False,line 8,4,"In line 8, ""cluster"" could be replaced by -",rise,travel,melt,join,line_number,p2,1,yes_local,'cluster together in six-sided crystals' inside the sentence gives the sense,inference_one_step,False,False,,ok,not_stated,No upward movement is described at this point,right_words_wrong_relation,Borrows the wind carrying snowflakes from a later sentence,contradiction,"The molecules are freezing, not melting",,
winter_2020,1,1,16,4,reference_word,False,line 12,2,"The word ""them"" (line 12) refers to -",water molecules,climatic conditions,snowflakes,clouds,line_number,p2,1,yes_local,"'These conditions, among them temperature and humidity' answers itself",inference_one_step,True,False,,ok,right_words_wrong_relation,Water molecules are the actors later in the same sentence,,,wrong_entity,The snowflake is what the conditions act upon,other:nearest_noun_not_antecedent,Clouds appear in the previous sentence but are not the list
winter_2020,1,1,17,5,inference,False,,4,"According to Libbrecht, the relationship between wind and snowflakes is like the relationship between -",a teacher and a student,a scientist and a theory,a runner and a race,an artist and a painting,named_entity_or_term,p2,1,yes_local,Scan 'Libbrecht'; the closing quote states the analogy directly,inference_one_step,True,False,,ok,not_stated,No teaching relation appears anywhere,right_words_wrong_relation,Borrows Libbrecht's being a physicist rather than his analogy,not_stated,Nothing in the text supports a runner-race relation,,
winter_2020,1,2,18,1,main_idea,False,,2,The main purpose of the text is to discuss -,the marriage of William Shakespeare and Anne Hathaway,interpretations of one of Shakespeare's most puzzling sentences,scholarly research on Shakespeare's plays,the contents of Shakespeare's last will and testament,none,whole,99,no_locator,Two opposed readings in paragraphs three and four define the purpose,generalization,True,False,,ok,true_but_not_asked,"The marriage is what scholars speculate about, not the text's aim",,,contradiction,Text says the sentence is not from his literary work,too_narrow,The will's contents are the second paragraph's setup
winter_2020,1,2,19,2,explicit_detail,True,,4,Which of the following is not stated in the first paragraph?,All of Shakespeare's works have been studied extensively.,Shakespeare's will and testament has been the subject of much analysis.,Most people agree that Shakespeare was a very innovative writer.,Shakespeare wrote more plays than any other English playwright.,ordinal_position,p1,4,needs_paragraph,Negative item: three claims come from three different sentences of one paragraph,elimination_only,True,False,,ok,true_but_not_asked,Every word has been subjected to endless analysis,true_but_not_asked,The will's sentence generated widespread critical debate,true_but_not_asked,General consensus that he was the most innovative playwright,,
winter_2020,1,2,20,3,vocab_in_context,False,line 8,3,"In line 8, the word ""meticulous"" is closest in meaning to -",valuable,strange,detailed,generous,line_number,p2,2,yes_local,The synonym 'very detailed will' sits two sentences earlier in the same paragraph,paraphrase,True,False,,ok,right_words_wrong_relation,Borrows 'large and valuable' from the previous sentence,not_stated,Nothing marks the instructions as strange,,,not_stated,Generosity is not attributed to the instructions
winter_2020,1,2,21,4,paragraph_purpose,False,,4,The main purpose of the third paragraph is to -,explain the symbolic meaning of the second-best bed,explain why Shakespeare spent most of his time in London,present Hathaway's reaction to Shakespeare's will,present one view of Shakespeare's bequest to his wife,paragraph_number,p3,3,needs_paragraph,Symbolism and the London detail are both evidence inside one scholarly reading,generalization,True,False,,ok,too_narrow,The symbolism is one clause supporting the reading,right_words_wrong_relation,"London is cited as evidence, never explained",not_stated,Hathaway's own reaction is never reported,,
winter_2020,1,2,22,5,inference,False,,4,The last paragraph suggests that the second-best bed -,had been used by Shakespeare's guests,was always left to the widow,was a standard feature of wills at that time,meant more to Hathaway than the best bed,ordinal_position,p4,2,yes_local,The marital-bed versus guest-bed sentence plus the sentimental framing is enough,inference_one_step,True,False,,ok,right_words_wrong_relation,"The best bed, not the second-best, was for guests",overreach,"The law concerned property generally, and 'always' overstates it",not_stated,Nothing about beds being standard in wills of the period,,
winter_2020,2,1,13,1,main_idea,False,,3,The main purpose of the text is to -,describe a modern-day Odysseus,present contrasting opinions of the global novel,describe an experiment in collaborative writing,present the benefits of global cooperation,none,whole,99,no_locator,"Plot, process and verdict paragraphs must be summed into one description",generalization,True,False,,ok,too_narrow,The heroine occupies part of the first paragraph,right_words_wrong_relation,Only Faber's mixed verdict is given; no opposing opinions,,,overreach,One project's outcome is not a case for global cooperation
winter_2020,2,1,14,2,explicit_detail,False,,4,"According to the first paragraph, Maria Teresa Almendros -",proposed the idea for a new kind of novel,rescued her father from the Olympian gods,is one of the contributing authors of the global novel,is the hero of the global novel,ordinal_position,p1,1,yes_local,Scan her name; the same sentence calls her the novel's modern-day Odysseus,paraphrase,True,False,,ok,wrong_entity,"The fourteen authors devised the project, not the character",right_words_wrong_relation,The gods trouble the ancient hero; she seeks a lost father,wrong_entity,"She is the character, not one of the writers",,
winter_2020,2,1,15,3,vocab_in_context,False,line 7,2,"In line 7, ""quest"" means -",mystery,search,success,experiment,line_number,p1,1,yes_local,'to find her lost father' in the same phrase fixes the meaning,inference_one_step,False,False,,ok,not_stated,Nothing mysterious is attached to her journey,,,not_stated,The outcome of her search is never given,right_words_wrong_relation,"The writing project is the experiment, not her journey"
winter_2020,2,1,16,4,vocab_in_context,False,line 13,4,"In line 13, the word ""army"" is used to show -",how well organized the group effort was,how strict the writing schedule was,that the translators were expected to be very disciplined,that many translators worked on the book,line_number,p2,1,yes_local,The sentence needs many translators working simultaneously in many languages,inference_one_step,True,False,,ok,other:military_connotation,Takes the martial sense of army as organisation,wrong_location,Borrows the deadline pressure from the editing sentence,other:military_connotation,Takes the martial sense of army as discipline,,
winter_2020,2,1,17,5,inference,False,,3,"According to the last paragraph, what did Michel Faber find surprising?",Authors from different countries have such similar writing styles.,There were political tensions among the authors.,The group of authors succeeded in writing a novel.,The book was well structured and believable.,ordinal_position,p3,3,needs_paragraph,His disappointment comes first; the miraculous-achievement line is at the very end,paraphrase,True,False,,ok,contradiction,Styles varied greatly and national clichés held true,right_words_wrong_relation,"Political tension is what usually happens elsewhere, not here",,,contradiction,He says it lacks structure and emotional believability
winter_2020,2,2,18,1,paragraph_purpose,False,,1,The main purpose of the first paragraph is to introduce -,an ancient medical treasure,"a 2,000-year-old shipwreck",the oldest medical supplies ever found,a collection of valuable coins,ordinal_position,p1,4,needs_paragraph,The treasure framing at the start only pays off at the tablets in the last sentence,generalization,True,False,,ok,,,too_narrow,The wreck is the setting for the discovery,overreach,Never claimed to be the oldest medical supplies found,right_words_wrong_relation,"Coins are the yardstick of value, not what was found"
winter_2020,2,2,19,2,explicit_detail,False,,4,"According to the second paragraph, unlike some other scholars, Touwaide -",is not interested in the theoretical aspects of ancient medicine,was familiar with ancient medicinal compounds,has studied the Hippocratic Corpus thoroughly,is convinced that ancient medical texts reflect the practices of the time,paragraph_number,p2,1,yes_local,The stem's wording appears verbatim; that sentence carries the contrast,paraphrase,True,False,,ok,overreach,"He says not merely theoretical, not that theory is uninteresting",right_words_wrong_relation,"Compounds are what he hopes to prove, not prior knowledge",true_but_not_asked,"True of him, but it is not the contrast with other scholars",,
winter_2020,2,2,20,3,paragraph_purpose,False,,1,The main purpose of the third paragraph is to discuss -,what Touwaide learned about the pills,what the tablets were made of,ancient textual references to the pills,the DNA testing of the tablets,paragraph_number,p3,4,needs_paragraph,"DNA method, ingredients and texts are three steps toward one conclusion",generalization,True,False,,ok,,,too_narrow,The ingredient list is one step of the argument,right_words_wrong_relation,"He searched texts for the plants, not for the pills",too_narrow,"The sequencing is the method, not the finding"
winter_2020,2,2,21,4,vocab_in_context,False,line 21,3,"In line 21, ""a common denominator"" could best be replaced by -",an unusual feature,a remarkable effect,a shared characteristic,an obvious problem,line_number,p3,1,yes_local,The colon that follows names the shared property of all the plants,inference_one_step,False,False,,ok,half_true,"It is a feature, but nothing marks it as unusual",not_stated,"The phrase names a property, not an effect",,,not_stated,Nothing problematic is being identified here
winter_2020,2,2,22,5,inference,False,,2,It can be inferred from the last paragraph that Touwaide is excited because -,he has made progress in developing new pharmaceuticals,he has proven his theory to other scholars,the findings led him to uncover previously unknown texts,other examples of ancient medicines have been found,ordinal_position,p4,3,needs_paragraph,Must join the quackery quote with the first-concrete-example claim,inference_one_step,False,False,,ok,right_words_wrong_relation,"Pharmaceuticals are a future hope, not progress already made",,,not_stated,No new texts were uncovered by the findings,contradiction,These pills are called the first concrete example
