word,lemma,in_bank,bank_headword,level,zipf,sc_opt_exams,sc_opt_correct_exams,restatement_exams,rc_question_exams,exams_any_role,occurrences,weighted_score
distort,distort,1,distort,C1,3.63,9,3,0,0,10,10,46
contain,contain,0,,A2,4.68,8,2,13,4,42,86,155
question,question,0,,A1,5.35,7,1,41,11,53,271,252
pursue,pursue,0,,B2,4.26,7,1,1,0,11,11,43
section,section,0,,A1,5.0,7,1,0,0,11,22,43
without,without,0,,A1,5.69,6,0,12,1,35,59,112
convict,convict,1,convict,C1,4.2,6,1,0,0,10,11,38
sweep,sweep,0,,B2,3.97,6,2,0,0,11,11,37
adjust,adjust,0,,B2,4.11,6,0,1,0,10,10,36
friction,friction,1,friction,off~C1+,3.71,6,2,0,0,9,10,35
excuse,excuse,0,,B2,4.56,6,0,1,0,7,7,33
alert,alert,1,alert,C1,4.33,6,2,0,0,8,8,32
grateful,grateful,0,,B1,4.35,6,0,0,0,7,7,32
contemplate,contemplate,0,,C1,3.41,6,1,0,0,6,6,30
wear,wear,0,,A1,4.92,5,0,4,0,23,41,71
surround,surround,0,,B2,4.49,5,0,3,0,19,20,51
isolate,isolate,1,isolated,B2,4.24,5,2,1,0,12,17,43
regret,regret,0,,B2,4.37,5,0,3,0,11,11,38
intrigue,intrigue,1,intriguing,C1,3.69,5,1,0,0,15,18,37
capable,capable,1,capable,B2,4.61,5,2,3,0,9,11,37
trace,trace,1,trace,B2,4.19,5,2,1,0,10,12,35
shrink,shrink,0,,C1,3.73,5,2,2,0,8,8,32
dismiss,dismiss,0,,B2,4.2,5,4,1,1,8,9,32
resolve,resolve,1,resolve,B2,4.17,5,1,2,0,8,9,32
command,command,0,,B2,4.7,5,0,1,0,9,11,31
lethal,lethal,1,lethal,C1,3.86,5,0,1,0,7,7,29
distract,distract,0,,B2,3.88,5,0,1,0,6,6,28
presume,presume,1,presumed,C1,3.62,5,0,0,0,6,6,26
resent,resent,0,,off~C2,3.38,5,0,0,0,6,6,26
hint,hint,0,,C1,4.07,5,0,0,0,6,6,26
indulge,indulge,0,,C1,3.54,5,0,0,0,5,5,25
thaw,thaw,0,,off~C2,3.18,5,1,0,0,5,5,25
merge,merge,0,,C1,3.75,5,1,0,0,5,5,25
make,make,0,,A1,6.08,4,2,51,16,60,472,409
hold,hold,0,,A2,5.24,4,1,16,0,38,76,120
keep,keep,0,,A1,5.66,4,0,6,3,41,71,112
shape,shape,0,,A2,4.72,4,3,7,0,29,45,84
principle,principle,1,principles,B2,4.42,4,0,11,0,24,34,75
require,require,0,,B1,5.02,4,1,5,0,25,35,72
rise,rise,0,,A2,4.81,4,2,10,0,24,29,68
sense,sense,0,,A2,5.19,4,0,7,0,24,31,63
maintain,maintain,1,maintain,B2,4.65,4,0,3,0,27,35,61
range,range,0,,B1,5.12,4,2,4,0,24,27,58
draw,draw,0,,A1,4.81,4,2,6,0,22,25,57
convince,convince,1,convinced,B1,4.4,4,0,5,0,19,23,51
accurate,accurate,1,accurate,B2,4.57,4,1,7,0,15,21,51
reveal,reveal,1,revealed,B2,4.65,4,0,5,0,15,17,46
ensure,ensure,0,,B2,4.7,4,2,3,0,17,20,45
task,task,0,,A2,4.65,4,1,3,1,17,22,45
admit,admit,0,,B1,4.58,4,1,5,0,12,14,43
assume,assume,1,assumed,B2,4.57,4,2,5,0,14,16,42
guarantee,guarantee,1,guarantee,B2,4.44,4,1,2,0,13,15,38
recover,recover,1,recover,B2,4.29,4,0,2,0,11,15,38
persuade,persuade,0,,B1,3.82,4,0,3,0,12,13,38
endure,endure,1,endure,C1,3.82,4,3,3,0,13,14,37
insight,insight,1,insight,B2,4.19,4,0,3,0,11,12,35
prominent,prominent,1,prominent,C1,4.33,4,1,2,0,11,11,31
obtain,obtain,0,,B2,4.49,4,0,1,0,12,15,31
incorporate,incorporate,1,incorporate,B2,4.2,4,2,2,0,11,11,31
garment,garment,1,garments,off~C1+,3.59,4,0,1,0,9,9,29
remedy,remedy,1,remedy,C1,3.83,4,1,1,0,8,9,28
generous,generous,0,,B1,4.2,4,0,2,0,6,7,28
persuasive,persuasive,0,,off~C2,3.41,4,0,2,0,7,7,28
prone,prone,0,,off~C1+,3.93,4,4,2,0,7,7,28
strip,strip,0,,C1,4.36,4,1,0,0,9,9,28
designate,designate,1,designate,C1,4.25,4,1,0,1,8,9,27
relieve,relieve,0,,B2,3.95,4,0,1,0,7,9,27
carve,carve,1,carve,C1,3.88,4,2,1,0,9,10,27
label,label,0,,B1,4.43,4,0,2,0,7,7,27
fortune,fortune,0,,B2,4.3,4,2,0,0,9,9,26
offend,offend,0,,B2,3.93,4,0,1,1,7,7,26
retire,retire,0,,B1,4.44,4,1,0,0,7,8,25
pledge,pledge,0,,C1,4.0,4,1,1,0,6,6,25
conceal,conceal,0,,C1,3.72,4,1,0,0,7,7,25
alliance,alliance,1,alliance,C1,4.4,4,0,0,0,6,7,24
intimidate,intimidate,0,,off~C2,3.44,4,0,1,0,6,6,24
inform,inform,0,,B2,4.45,4,0,1,0,6,6,24
install,install,0,,B2,4.4,4,1,0,0,7,7,23
incentive,incentive,1,incentive,B2,3.97,4,0,0,0,6,6,22
consequently,consequently,1,consequently,B2,3.94,4,1,0,0,6,6,22
interrupt,interrupt,0,,B2,3.85,4,0,0,0,5,5,22
fortunately,fortunately,0,,A2,3.97,4,0,0,0,6,6,22
caution,caution,1,caution,C1,3.97,4,0,0,0,6,6,22
smuggle,smuggle,0,,off~C2,3.22,4,0,0,0,6,6,22
decent,decent,0,,B2,4.4,4,0,0,0,5,5,21
drift,drift,0,,C1,3.82,4,1,0,0,5,5,21
digest,digest,0,,off~C1+,3.71,4,0,0,0,5,5,21
certify,certify,0,,off~C1,4.23,4,1,0,0,5,5,21
liberate,liberate,0,,off~C1+,3.53,4,1,0,0,5,5,21
haul,haul,0,,off~C1+,3.88,4,0,0,0,5,5,21
chant,chant,0,,off~C1+,3.6,4,0,0,0,4,4,20
duplicate,duplicate,0,,off~C1+,3.59,4,0,0,0,4,4,20
aptitude,aptitude,0,,off~C2,3.2,4,1,0,0,4,4,20
embellish,embellish,0,,off~C2,3.09,4,0,0,0,4,4,20
hurdle,hurdle,0,,off~C1+,3.54,4,0,0,0,4,4,20
abbreviate,abbreviate,0,,off~C2,3.19,4,1,0,0,4,4,20
reconcile,reconcile,0,,off~C2,3.5,4,0,0,0,4,4,20
cause,cause,0,,A2,5.35,3,2,20,2,53,146,192
give,give,0,,A1,5.71,3,1,22,4,51,142,192
show,show,0,,A1,5.68,3,0,18,5,50,156,184
place,place,0,,A1,5.71,3,0,12,4,53,116,153
form,form,0,,A1,5.31,3,2,16,0,47,92,139
provide,provide,0,,A2,5.15,3,1,15,3,45,78,132
despite,despite,0,,B1,5.0,3,2,15,1,42,63,109
decline,decline,1,decline,B2,4.4,3,2,16,0,23,39,84
case,case,0,,A2,5.55,3,0,8,1,29,51,78
offer,offer,0,,A2,5.05,3,0,7,1,31,45,78
perform,perform,0,,A2,4.68,3,1,6,3,26,37,75
damage,damage,1,damaging,B1,4.9,3,3,7,0,25,39,74
train,train,0,,A1,5.18,3,0,4,0,27,66,70
particularly,particularly,0,,B1,4.96,3,2,8,0,31,34,67
inspire,inspire,0,,B2,4.63,3,2,7,0,26,31,66
concern,concern,0,,B2,4.75,3,1,9,0,20,31,64
associate,associate,0,,B2,4.89,3,3,6,0,25,32,58
send,send,0,,A1,5.16,3,0,2,0,25,43,58
frequently,frequently,1,frequently,B1,4.56,3,1,10,0,20,24,55
attribute,attribute,1,attribute,C1,4.05,3,1,10,0,19,23,54
mark,mark,0,,A2,5.05,3,0,3,1,21,44,53
impact,impact,1,impact,B1,4.92,3,1,8,0,15,20,50
limit,limit,0,,B1,5.02,3,0,4,0,18,27,50
appeal,appeal,1,appealing,B2,4.67,3,0,9,0,16,18,49
addition,addition,0,,B1,5.01,3,2,1,1,24,29,44
profit,profit,0,,B1,4.7,3,0,4,0,18,20,42
tend,tend,0,,B1,4.57,3,1,4,0,17,20,41
join,join,0,,A1,5.0,3,1,4,1,15,17,41
prohibit,prohibit,1,prohibit,B2,3.99,3,2,5,0,14,17,41
previously,previously,1,previously,B1,4.83,3,0,6,0,12,15,41
bright,bright,0,,A2,4.61,3,0,5,0,14,18,41
compose,compose,1,compose,B2,4.27,3,0,4,0,13,18,41
devote,devote,1,devote,B2,4.18,3,0,2,0,17,18,40
praise,praise,0,,B2,4.31,3,1,4,0,13,17,39
strike,strike,1,striking,B2,4.66,3,2,1,0,15,19,38
account,account,0,,B1,5.21,3,1,4,0,13,17,37
exhibit,exhibit,1,exhibit,B2,4.16,3,0,3,2,13,15,37
exploit,exploit,1,exploit,B2,3.83,3,0,6,0,10,13,36
recommend,recommend,0,,A2,4.61,3,0,2,2,12,14,35
therefore,therefore,0,,B1,4.87,3,0,2,0,14,21,35
define,define,0,,B1,4.56,3,0,1,1,13,19,35
detect,detect,1,detect,B2,4.06,3,3,1,0,12,14,34
authority,authority,1,authority,B1,4.81,3,0,5,0,10,12,33
otherwise,otherwise,0,,B2,4.88,3,1,3,0,11,12,32
alone,alone,0,,A2,5.16,3,1,1,0,15,15,30
flow,flow,0,,B1,4.68,3,2,2,0,11,12,30
mechanism,mechanism,1,mechanism,B2,4.27,3,1,2,0,9,14,30
yield,yield,1,yield,C1,4.16,3,3,2,1,10,12,29
invest,invest,1,invested,B1,4.32,3,0,3,0,9,9,29
accuse,accuse,1,accused,B2,4.46,3,0,3,0,8,11,29
arrange,arrange,0,,A2,4.31,3,1,0,0,12,15,29
vision,vision,1,vision,B2,4.63,3,0,2,0,8,11,29
strange,strange,0,,A2,4.64,3,0,1,0,11,13,28
fund,fund,1,fund,B2,4.82,3,0,1,0,9,10,28
signal,signal,0,,B1,4.62,3,0,0,1,10,17,28
propose,propose,0,,B2,4.71,3,1,0,0,10,11,27
derive,derive,1,derive,B2,4.29,3,3,1,0,11,12,27
resist,resist,0,,B2,4.2,3,0,3,0,9,9,27
dispute,dispute,1,dispute,C1,4.27,3,2,0,0,11,11,26
delay,delay,0,,B2,4.4,3,0,3,0,7,9,26
deteriorate,deteriorate,1,deteriorate,C1,3.35,3,3,2,0,10,10,26
coin,coin,0,,B1,4.26,3,2,0,0,8,13,26
restrict,restrict,1,restrict,B2,4.19,3,2,0,1,9,12,26
navigate,navigate,0,,off~C1+,3.68,3,0,0,0,8,10,25
judge,judge,0,,B1,4.95,3,0,0,0,8,10,25
scene,scene,0,,A2,4.97,3,0,2,0,8,9,25
portray,portray,0,,C1,3.85,3,0,3,0,7,8,25
pigment,pigment,0,,off~C2,3.37,3,1,2,1,6,13,25
absorb,absorb,0,,B2,3.92,3,2,0,0,8,14,25
impress,impress,0,,B2,4.34,3,1,2,0,8,8,24
distinct,distinct,1,distinct,B2,4.29,3,3,0,1,9,10,24
deserve,deserve,0,,B2,4.59,3,0,2,0,7,8,24
inherit,inherit,1,inherit,B2,3.91,3,0,1,0,9,9,24
obsolete,obsolete,0,,off~C1+,3.65,3,1,1,1,8,9,24
remote,remote,0,,B1,4.41,3,0,1,0,7,8,23
forbid,forbid,0,,B2,3.96,3,0,1,0,6,8,23
appoint,appoint,1,appoint,C1,4.59,3,2,2,0,7,7,23
overthrow,overthrow,0,,off~C1+,3.61,3,0,2,0,5,6,23
identical,identical,1,identical,B2,4.21,3,1,1,0,6,8,23
suspend,suspend,1,suspended,B2,4.32,3,0,0,1,6,8,22
reverse,reverse,0,,C1,4.37,3,1,0,2,6,9,22
advise,advise,0,,B1,4.18,3,0,0,0,8,9,22
compromise,compromise,0,,C1,4.15,3,0,2,0,6,6,22
bound,bound,1,bound,B2,4.46,3,0,2,0,5,6,22
enchant,enchant,0,,off~C2,3.44,3,0,2,0,5,6,22
particle,particle,0,,off~C1,4.08,3,0,0,0,6,7,21
trend,trend,1,trend,B1,4.51,3,0,0,0,7,8,21
withdraw,withdraw,0,,B2,4.05,3,0,1,0,6,6,21
grade,grade,0,,B1,4.8,3,0,0,0,7,12,21
spite,spite,1,spite,B2,4.04,3,0,1,0,5,6,21
exclude,exclude,1,excluded,B2,3.89,3,0,2,0,5,5,21
futile,futile,0,,off~C2,3.39,3,0,2,0,5,5,21
scroll,scroll,0,,off~C1+,3.86,3,0,2,0,4,7,21
extract,extract,0,,B2,4.02,3,2,0,0,6,7,21
sensitive,sensitive,0,,B2,4.46,3,1,0,0,6,8,20
flee,flee,0,,C1,4.05,3,3,0,0,7,7,20
stun,stun,0,,B2,4.27,3,1,0,0,7,7,19
contest,contest,0,,B2,4.53,3,1,0,0,5,6,19
promotion,promotion,1,promotion,B2,4.41,3,0,0,0,5,7,19
classify,classify,0,,B2,4.26,3,3,0,0,4,7,19
hatch,hatch,0,,off~C1+,3.82,3,0,0,0,4,6,19
assert,assert,0,,C1,3.62,3,0,1,0,5,5,19
obey,obey,0,,B2,3.83,3,0,1,0,5,5,19
adorn,adorn,0,,off~C2,3.37,3,1,0,0,7,7,19
blend,blend,1,blend,C1,3.95,3,2,0,0,6,6,19
redeem,redeem,0,,off~C1+,3.53,3,0,1,0,3,4,18
abbreviation,abbreviation,0,,off~C2,3.14,3,1,0,0,5,5,18
postpone,postpone,0,,C1,3.74,3,0,1,0,4,4,18
spectacle,spectacle,0,,C1,3.61,3,0,0,0,6,7,18
expel,expel,0,,off~C1+,3.7,3,0,1,0,4,4,18
enlighten,enlighten,0,,off~C2,3.49,3,0,1,0,4,4,18
ignorant,ignorant,0,,off~C1,4.05,3,1,0,0,4,7,18
legislation,legislation,0,,C1,4.55,3,0,0,0,4,5,18
specimen,specimen,0,,C1,3.77,3,1,0,0,5,5,18
clan,clan,0,,off~C1+,3.97,3,0,0,0,4,19,18
allocate,allocate,0,,C1,3.83,3,1,0,0,5,5,18
flatter,flatter,0,,off~C2,3.46,3,0,1,0,4,4,18
deposit,deposit,0,,B2,4.24,3,1,0,0,5,5,18
articulate,articulate,0,,C1,3.54,3,0,0,0,4,5,18
bend,bend,0,,B1,4.13,3,0,0,0,5,5,17
accelerate,accelerate,0,,C1,3.75,3,0,0,0,5,5,17
perish,perish,0,,off~C2,3.32,3,0,0,0,4,4,17
graceful,graceful,0,,off~C2,3.39,3,1,0,0,4,4,17
barrier,barrier,0,,B2,4.15,3,0,0,0,4,4,16
pillar,pillar,0,,off~C1+,3.64,3,0,0,0,4,4,16
sanctuary,sanctuary,0,,off~C1+,3.93,3,2,0,0,4,4,16
borrow,borrow,0,,A2,4.0,3,1,0,0,4,4,16
patrol,patrol,0,,C1,4.14,3,0,0,0,4,4,16
privacy,privacy,0,,B2,4.36,3,0,0,0,4,4,16
hinder,hinder,0,,off~C2,3.39,3,2,0,0,4,4,16
solitude,solitude,0,,off~C2,3.42,3,0,0,0,4,4,16
license,license,0,,C1,4.52,3,0,0,0,4,4,16
exaggerate,exaggerate,0,,C1,3.68,3,0,0,0,4,4,16
fugitive,fugitive,0,,off~C1+,3.54,3,0,0,0,4,4,16
tilt,tilt,0,,off~C1+,3.66,3,0,0,0,4,4,16
magnify,magnify,0,,off~C2,3.0,3,0,0,0,4,4,16
omen,omen,0,,off~C2,3.12,3,0,0,0,4,4,16
penalty,penalty,0,,B2,4.45,3,0,0,0,4,4,16
captivity,captivity,0,,off~C1+,3.56,3,2,0,0,4,4,16
deceive,deceive,0,,off~C2,3.39,3,0,0,0,4,4,16
scarce,scarce,0,,off~C1+,3.61,3,2,0,0,4,4,16
regal,regal,0,,off~C2,3.34,3,0,0,0,3,3,15
disgrace,disgrace,0,,off~C1+,3.73,3,0,0,0,3,3,15
blaze,blaze,0,,off~C1+,3.69,3,1,0,0,3,3,15
fluent,fluent,0,,off~C1+,3.52,3,1,0,0,3,3,15
ascend,ascend,0,,off~C2,3.24,3,1,0,0,3,3,15
infidelity,infidelity,0,,off~C2,3.26,3,0,0,0,3,3,15
dispense,dispense,0,,off~C2,3.11,3,1,0,0,3,3,15
pretend,pretend,0,,B1,4.33,3,0,0,0,3,3,15
loathe,loathe,0,,off~C2,3.11,3,0,0,0,3,3,15
superstition,superstition,0,,off~C2,3.21,3,0,0,0,3,3,15
diagram,diagram,0,,B1,3.85,3,0,0,0,3,3,15
interrogate,interrogate,0,,off~C2,3.18,3,0,0,0,3,3,15
admonish,admonish,0,,off~C2,2.66,3,0,0,0,3,3,15
persuasion,persuasion,0,,off~C2,3.33,3,0,0,0,3,3,15
allege,allege,0,,C1,4.37,3,0,0,0,3,3,15
salvage,salvage,0,,off~C1+,3.65,3,2,0,0,3,3,15
obedient,obedient,0,,off~C2,3.19,3,0,0,0,3,3,15
overrule,overrule,0,,off~C2,3.12,3,0,0,0,3,3,15
linger,linger,0,,C1,3.31,3,1,0,0,3,3,15
crease,crease,0,,off~C2,3.31,3,0,0,0,3,3,15
reimburse,reimburse,0,,off~C2,3.06,3,0,0,0,3,3,15
recite,recite,0,,off~C2,3.28,3,0,0,0,3,4,15
mock,mock,0,,off~C1+,3.85,3,1,0,0,3,3,15
affluence,affluence,0,,off~C2,2.74,3,1,0,0,3,3,15
adversary,adversary,0,,off~C2,3.29,3,0,0,0,3,3,15
subordinate,subordinate,0,,off~C2,3.45,3,0,0,0,3,3,15
swiftly,swiftly,0,,off~C1+,3.54,3,1,0,0,3,3,15
blunder,blunder,0,,off~C2,3.13,3,0,0,0,3,3,15
deceptive,deceptive,0,,off~C2,3.34,3,0,0,0,3,3,15
sift,sift,0,,off~C2,3.02,3,0,0,0,3,3,15
damp,damp,0,,off~C1+,3.62,3,0,0,0,3,3,15
good,good,0,,A1,6.12,2,1,42,39,60,250,338
year,year,0,,A1,5.96,2,2,44,3,59,404,327
become,become,0,,A1,5.4,2,1,41,4,55,272,299
find,find,0,,A1,5.76,2,0,38,4,57,255,284
long,long,0,,A1,5.81,2,0,38,4,57,170,250
accord,accord,0,,off~B2,5.28,2,0,22,59,60,359,249
take,take,0,,A1,5.92,2,0,23,4,56,175,194
consider,consider,0,,A2,5.08,2,0,33,1,50,110,190
small,small,0,,A1,5.51,2,1,22,1,46,130,166
answer,answer,0,,A1,5.17,2,0,37,9,44,110,164
call,call,0,,A1,5.59,2,0,14,0,54,130,142
include,include,0,,A1,5.52,2,1,19,5,46,111,141
try,try,0,,A1,5.5,2,0,17,3,41,81,133
claim,claim,0,,B1,4.95,2,1,16,2,40,68,111
against,against,0,,A2,5.68,2,0,12,2,36,63,107
throughout,throughout,0,,B1,4.99,2,2,19,0,32,53,98
bring,bring,0,,A1,5.27,2,0,9,1,35,58,90
light,light,0,,A1,5.33,2,1,10,2,30,100,90
attempt,attempt,0,,B2,4.85,2,1,15,0,29,44,89
land,land,0,,A1,5.22,2,1,10,1,28,69,85
lose,lose,0,,A1,5.39,2,0,10,0,33,50,83
factor,factor,1,factors,A2,4.67,2,1,13,2,26,44,81
similar,similar,0,,A1,5.21,2,1,11,0,28,41,80
fall,fall,0,,A1,5.13,2,1,9,2,26,60,80
point,point,0,,A1,5.54,2,0,9,1,37,63,79
field,field,0,,A2,5.24,2,2,10,0,30,47,75
process,process,0,,A2,5.26,2,1,6,3,30,50,75
set,set,0,,B1,5.59,2,1,9,0,34,48,74
level,level,0,,A2,5.41,2,0,8,1,26,37,69
conduct,conduct,0,,B2,4.58,2,1,7,0,27,43,69
practice,practice,0,,A1,5.06,2,1,7,1,24,48,69
house,house,0,,A1,5.71,2,2,8,0,27,48,68
measure,measure,0,,B1,4.67,2,0,7,2,24,42,67
prevent,prevent,0,,A2,4.79,2,1,3,0,30,36,66
member,member,0,,A1,5.35,2,1,7,0,28,36,64
low,low,0,,A2,5.33,2,2,6,1,26,37,64
unlike,unlike,0,,B1,4.57,2,1,11,2,22,31,62
report,report,0,,A1,5.32,2,0,8,1,23,42,62
rate,rate,0,,A2,5.14,2,0,8,1,19,39,59
represent,represent,0,,B1,4.58,2,2,6,1,20,32,58
enjoy,enjoy,0,,A1,5.09,2,1,6,1,27,35,58
dangerous,dangerous,0,,A1,4.79,2,0,3,0,23,35,57
contribution,contribution,1,contribution,B2,4.34,2,2,8,0,18,26,54
fail,fail,0,,A2,4.82,2,0,8,0,18,28,54
quality,quality,0,,A2,5.11,2,1,8,0,20,28,53
relatively,relatively,0,,B2,4.66,2,1,6,0,20,30,53
respect,respect,0,,B1,5.03,2,0,4,1,20,30,53
raise,raise,0,,A2,4.84,2,0,4,0,21,38,52
individual,individual,1,individual,A2,5.0,2,0,6,0,23,30,51
seek,seek,1,sought,B2,4.61,2,2,7,0,21,24,51
quickly,quickly,0,,A1,5.0,2,0,7,0,18,25,50
serve,serve,0,,A2,4.85,2,2,5,0,23,29,50
except,except,0,,A2,5.02,2,0,3,12,19,24,50
course,course,0,,A1,5.44,2,2,5,0,20,29,49
observe,observe,0,,B2,4.39,2,2,6,0,20,25,49
construct,construct,1,constructed,B2,4.29,2,1,7,0,15,23,49
space,space,0,,A1,5.23,2,0,4,2,17,37,48
extensive,extensive,1,extensive,B2,4.49,2,2,6,0,19,22,47
eventually,eventually,0,,B1,4.88,2,1,2,0,30,42,47
current,current,0,,B1,5.27,2,0,2,0,20,29,46
finally,finally,0,,A2,5.17,2,0,6,0,19,24,46
favor,favor,0,,off~B2,4.58,2,0,8,1,15,18,46
experiment,experiment,1,experiments,A2,4.38,2,0,1,1,22,35,45
stand,stand,0,,A1,5.14,2,1,7,0,17,26,45
easily,easily,0,,A2,4.91,2,1,5,0,19,20,44
official,official,0,,B1,5.14,2,0,1,2,18,26,44
native,native,0,,B1,4.69,2,2,3,0,18,28,44
oppose,oppose,0,,B2,4.51,2,0,7,0,16,17,42
aim,aim,0,,B1,4.51,2,0,7,0,17,18,42
trade,trade,0,,B1,5.12,2,0,8,0,12,25,42
release,release,1,released,B1,5.09,2,0,1,1,18,27,41
mistake,mistake,0,,A1,4.67,2,1,4,1,15,18,41
puzzle,puzzle,1,puzzle,B2,3.96,2,1,5,0,16,31,41
rarely,rarely,0,,B1,4.42,2,0,4,0,18,19,40
risk,risk,0,,B1,5.05,2,0,5,0,16,17,40
foreign,foreign,0,,A2,5.08,2,0,5,0,14,19,39
refuse,refuse,0,,A2,4.54,2,0,5,1,15,16,39
bear,bear,0,,A2,4.71,2,2,2,0,16,33,39
predict,predict,1,predict,A2,4.12,2,0,6,0,16,17,39
divide,divide,0,,B1,4.47,2,1,3,1,16,22,38
single,single,0,,A2,5.41,2,1,3,0,19,22,37
impose,impose,1,imposed,B2,4.16,2,1,5,0,15,17,37
earn,earn,0,,A2,4.55,2,2,4,0,16,20,37
phrase,phrase,0,,A1,4.3,2,1,1,8,16,18,36
distinguish,distinguish,1,distinguish,B2,4.2,2,1,6,0,15,15,36
mystery,mystery,0,,B1,4.45,2,1,3,0,13,19,36
store,store,0,,A2,5.02,2,1,3,1,12,20,36
manage,manage,0,,A2,4.76,2,0,3,0,17,18,35
ignore,ignore,1,ignored,B1,4.48,2,0,3,1,10,16,35
beyond,beyond,0,,B2,4.98,2,0,2,1,16,19,34
smell,smell,0,,A2,4.49,2,0,3,0,10,17,34
care,care,0,,A2,5.56,2,1,1,0,17,20,34
warm,warm,0,,A1,4.71,2,2,2,0,13,21,34
medium,medium,0,,A2,5.3,2,0,3,1,12,19,34
landscape,landscape,0,,B2,4.36,2,2,2,0,14,18,34
severe,severe,0,,B2,4.56,2,1,2,0,12,15,33
award,award,0,,A2,4.88,2,1,5,0,12,15,33
address,address,0,,A1,4.91,2,0,2,0,15,17,33
breed,breed,1,breed,C1,4.08,2,1,4,0,9,15,32
adopt,adopt,0,,B2,4.51,2,1,3,0,13,15,32
solution,solution,0,,A2,4.84,2,0,2,0,14,15,32
waste,waste,0,,B1,4.81,2,0,4,0,11,19,32
prize,prize,0,,A2,4.59,2,1,4,0,12,14,32
capture,capture,0,,B2,4.44,2,1,1,0,13,16,31
intend,intend,0,,B1,4.7,2,1,3,1,13,14,31
manufacture,manufacture,1,manufacture,B2,4.13,2,0,2,0,11,14,30
attend,attend,0,,A2,4.55,2,0,1,0,13,19,30
imagine,imagine,0,,A1,4.92,2,0,4,1,12,13,30
refute,refute,0,,off~C2,3.14,2,2,6,0,8,9,30
sustain,sustain,1,sustain,C1,4.19,2,0,5,0,11,11,30
estimate,estimate,1,estimated,B2,4.62,2,1,2,0,17,18,30
preferred,preferr,0,,off~B2,4.35,2,0,6,0,9,10,30
cure,cure,0,,B2,4.32,2,0,0,0,12,20,30
transport,transport,1,transport,A2,4.68,2,0,2,1,9,14,30
alarm,alarm,0,,B1,4.28,2,0,3,0,10,12,29
promote,promote,1,promote,B1,4.56,2,0,3,0,12,13,29
investigate,investigate,1,investigating,B1,4.31,2,0,4,0,10,13,29
summarize,summarize,1,summarize,B1,3.23,2,0,1,3,9,12,29
cut,cut,0,,A1,5.24,2,0,0,0,15,19,28
habit,habit,0,,A2,4.24,2,0,1,1,9,29,28
feed,feed,0,,A2,4.67,2,0,2,0,10,14,28
deep,deep,0,,A2,5.05,2,1,2,0,13,15,28
rival,rival,1,rival,B2,4.18,2,2,5,0,7,9,28
declare,declare,0,,B2,4.55,2,0,3,0,12,12,28
secret,secret,0,,A2,4.92,2,0,2,0,11,13,27
drop,drop,0,,A2,4.99,2,1,2,0,10,13,27
exception,exception,1,exception,B2,4.35,2,0,4,0,8,9,27
opposition,opposition,0,,B2,4.57,2,0,3,0,7,10,27
extend,extend,0,,B2,4.64,2,0,3,0,9,11,27
collapse,collapse,1,collapse,B2,4.18,2,0,4,0,8,9,27
reserve,reserve,0,,B2,4.6,2,0,3,0,8,13,26
wing,wing,0,,B1,4.61,2,1,0,0,10,17,26
shortage,shortage,1,shortage,B2,3.91,2,1,1,0,9,10,26
graduate,graduate,0,,B1,4.5,2,0,2,0,8,16,26
analyze,analyze,1,analyze,off~C1+,3.9,2,2,1,0,10,13,26
imitate,imitate,0,,off~C2,3.29,2,1,4,0,9,9,26
confirm,confirm,1,confirmed,B1,4.67,2,0,3,0,10,11,26
melt,melt,0,,B2,3.96,2,0,2,0,9,14,26
neglect,neglect,1,neglect,C1,3.79,2,0,3,1,8,10,26
inside,inside,0,,A2,5.19,2,0,0,0,15,19,25
balance,balance,1,balanced,B1,4.76,2,0,0,0,9,15,25
link,link,1,linked,A2,4.99,2,0,2,0,9,11,25
volume,volume,1,volumes,B2,4.76,2,1,0,2,11,15,25
merely,merely,1,merely,C1,4.37,2,1,1,0,10,13,25
team,team,0,,A1,5.67,2,1,0,0,13,24,25
encounter,encounter,1,encountered,B2,4.26,2,0,1,0,11,12,25
lend,lend,0,,A2,3.92,2,0,1,2,9,12,25
reward,reward,0,,B2,4.33,2,0,1,0,10,20,25
gradually,gradually,0,,B2,4.21,2,1,4,0,8,8,25
behave,behave,0,,A2,4.0,2,0,1,0,10,11,24
empire,empire,1,empire,B2,4.54,2,1,2,0,8,9,24
transform,transform,1,transformed,B2,4.08,2,0,2,0,11,11,24
notion,notion,1,notion,B2,4.17,2,0,4,0,8,8,24
pull,pull,0,,A2,4.82,2,0,0,1,11,14,24
commit,commit,1,commit,B1,4.65,2,0,0,0,10,12,24
acquire,acquire,1,acquired,B2,4.4,2,0,2,0,9,12,24
discrimination,discrimination,1,discrimination,C1,4.31,2,1,2,0,7,11,24
profession,profession,0,,B1,4.13,2,1,1,0,9,13,24
win,win,0,,A1,5.39,2,1,2,0,8,11,24
behind,behind,0,,A1,5.29,2,0,1,1,8,11,23
desire,desire,0,,B2,4.61,2,0,1,0,11,12,23
network,network,0,,A2,5.02,2,2,2,0,7,10,23
ancestor,ancestor,1,ancestor,B2,3.98,2,2,1,0,8,13,23
fit,fit,0,,A2,4.95,2,0,1,0,10,12,23
rain,rain,0,,A1,4.71,2,0,1,1,8,10,23
foster,foster,1,foster,C1,4.33,2,2,1,0,8,11,23
immediately,immediately,0,,A2,4.98,2,0,1,0,9,12,22
elaborate,elaborate,1,elaborate,C1,4.06,2,0,1,0,9,11,22
illustrate,illustrate,1,illustrate,B2,4.17,2,0,1,0,8,8,22
frighten,frighten,0,,B1,3.74,2,0,0,0,9,10,22
invite,invite,0,,A2,4.53,2,0,0,0,10,11,22
closely,closely,0,,B2,4.53,2,0,3,0,6,7,22
stem,stem,0,,C1,4.3,2,0,2,0,8,11,22
ritual,ritual,1,ritual,C1,4.02,2,0,2,0,7,12,22
border,border,0,,B1,4.7,2,0,1,0,9,9,22
page,page,0,,A1,5.12,2,0,1,0,8,15,21
whereas,whereas,1,whereas,B2,4.41,2,2,1,0,9,10,21
fabric,fabric,1,fabric,B2,4.08,2,0,0,0,8,9,21
defy,defy,1,defy,C1,3.42,2,0,3,0,7,7,21
climb,climb,0,,A1,4.22,2,0,2,0,5,9,21
emit,emit,0,,off~C2,3.32,2,2,1,0,8,10,21
income,income,1,income,B2,4.97,2,1,2,0,8,9,21
suit,suit,0,,A2,4.7,2,1,1,0,9,9,21
longevity,longevity,0,,off~C1+,3.55,2,0,2,0,5,7,20
flexible,flexible,1,flexible,B2,4.13,2,1,1,0,7,8,20
crude,crude,1,crude,C1,4.0,2,0,0,0,8,9,20
dependent,dependent,1,dependent,B2,4.28,2,0,2,0,6,7,20
tube,tube,0,,B1,4.36,2,0,0,1,6,12,20
coat,coat,0,,A1,4.36,2,1,0,0,8,8,20
protest,protest,0,,B1,4.45,2,1,2,0,7,7,20
odor,odor,0,,off~C2,3.49,2,0,1,0,7,8,20
devastate,devastate,0,,C1,3.85,2,2,3,0,6,6,20
fulfill,fulfill,0,,off~C1+,3.86,2,1,2,0,8,8,20
annual,annual,1,annual,B2,4.94,2,0,0,0,9,9,20
consume,consume,1,consume,B1,3.95,2,1,1,0,8,10,20
portrait,portrait,0,,B1,4.22,2,0,0,0,7,21,20
fade,fade,0,,C1,3.86,2,1,1,1,6,8,20
zone,zone,0,,B2,4.72,2,1,2,0,4,15,19
humble,humble,1,humble,C1,4.11,2,0,2,0,6,7,19
tongue,tongue,0,,B1,4.37,2,1,0,1,7,8,19
companion,companion,0,,C1,4.13,2,0,2,0,4,7,19
amuse,amuse,0,,B2,3.76,2,0,0,1,8,9,19
deny,deny,1,denied,B2,4.43,2,0,2,0,7,7,19
restriction,restriction,1,restriction,B2,4.31,2,0,2,0,7,7,19
undertake,undertake,0,,B2,3.85,2,0,2,0,6,6,19
count,count,0,,A2,4.83,2,0,1,0,7,9,19
retain,retain,1,retained,B2,4.16,2,1,2,0,7,7,19
consult,consult,0,,B2,4.06,2,1,1,0,6,7,19
staple,staple,0,,off~C1+,3.68,2,1,0,0,7,9,19
territory,territory,1,territory,B2,4.6,2,0,0,0,6,8,19
sequence,sequence,0,,B2,4.35,2,0,1,2,6,8,19
inflict,inflict,1,inflict,C1,3.62,2,0,3,0,4,5,19
undermine,undermine,0,,C1,3.65,2,0,3,0,5,5,19
cycle,cycle,1,cycle,A2,4.6,2,0,2,0,5,6,19
internal,internal,1,internal,B2,4.66,2,1,0,0,6,8,18
severely,severely,1,severely,B2,4.1,2,2,2,0,6,6,18
abundant,abundant,0,,off~C1+,3.77,2,1,2,0,6,6,18
satisfy,satisfy,0,,B2,4.28,2,1,0,1,7,7,18
grant,grant,1,granted,B2,4.67,2,0,0,0,7,8,18
representative,representative,0,,B2,4.57,2,0,2,0,5,6,18
commodity,commodity,0,,C1,3.86,2,1,1,0,6,7,18
quit,quit,0,,B1,4.54,2,0,0,0,6,7,18
debut,debut,0,,C1,4.52,2,2,2,0,5,6,18
perspective,perspective,1,perspective,B2,4.56,2,0,1,0,6,7,18
obstacle,obstacle,1,obstacle,B2,3.88,2,0,1,0,6,8,18
transmit,transmit,0,,B2,3.87,2,0,1,0,7,8,18
formulate,formulate,0,,C1,3.52,2,0,1,0,5,7,17
conscious,conscious,0,,B2,4.18,2,0,2,0,4,5,17
prevalent,prevalent,0,,off~C1+,3.78,2,0,2,0,5,5,17
venture,venture,0,,C1,4.26,2,2,1,0,7,7,17
branch,branch,0,,B1,4.58,2,2,2,0,4,5,17
modest,modest,1,modest,B2,4.03,2,1,2,0,5,5,17
shy,shy,0,,B1,4.16,2,1,2,0,4,8,17
leak,leak,0,,C1,4.09,2,0,0,0,5,7,17
wave,wave,0,,A2,4.62,2,0,0,0,7,7,17
conquest,conquest,0,,off~C1+,3.77,2,0,1,0,5,6,17
contaminate,contaminate,0,,off~C1+,3.7,2,0,0,0,6,7,17
moment,moment,0,,A1,5.24,2,0,0,0,7,7,17
sew,sew,0,,off~C1+,3.69,2,0,2,0,4,8,17
boost,boost,0,,B2,4.41,2,1,2,0,5,5,17
prolong,prolong,0,,off~C1+,3.81,2,0,1,0,5,5,16
flaw,flaw,0,,C1,3.85,2,1,0,1,5,6,16
embrace,embrace,1,embrace,B2,4.16,2,0,1,0,6,6,16
spill,spill,0,,B2,3.84,2,0,2,0,3,7,16
partial,partial,0,,C1,4.17,2,0,1,0,5,5,16
diminish,diminish,0,,C1,3.67,2,1,1,0,6,6,16
edict,edict,0,,off~C2,3.1,2,0,2,0,3,4,16
vehicle,vehicle,0,,A2,4.76,2,1,1,0,6,8,16
edible,edible,0,,off~C1+,3.63,2,2,2,0,3,4,16
tail,tail,0,,B1,4.34,2,0,0,0,6,6,16
dissolve,dissolve,0,,C1,3.87,2,0,2,0,3,7,16
resign,resign,0,,B2,4.04,2,0,0,0,4,6,16
fold,fold,0,,B1,4.08,2,1,0,0,4,7,16
intact,intact,1,intact,C1,3.98,2,1,1,0,6,6,16
illiteracy,illiteracy,0,,off~C2,2.86,2,2,2,0,3,7,16
riddle,riddle,0,,off~C2,3.44,2,0,1,0,4,5,16
ambitious,ambitious,0,,B1,3.95,2,0,2,0,3,4,16
heal,heal,0,,B2,4.12,2,0,0,0,5,6,16
epidemic,epidemic,0,,C1,3.8,2,1,2,0,3,7,16
intruder,intruder,0,,off~C2,3.37,2,1,2,0,3,4,16
grasp,grasp,0,,C1,3.97,2,0,0,0,6,7,16
despair,despair,0,,off~C1+,3.82,2,0,2,0,4,4,16
secular,secular,0,,C1,3.95,2,1,2,0,3,7,16
spark,spark,0,,C1,3.99,2,0,0,0,5,6,16
corner,corner,0,,A2,4.75,2,0,0,0,6,6,16
provoke,provoke,0,,C1,3.51,2,0,2,0,4,4,16
burst,burst,1,burst,C1,4.15,2,0,0,0,5,6,16
emulate,emulate,0,,off~C2,3.41,2,1,2,0,4,4,16
plague,plague,0,,off~C1+,3.89,2,2,1,0,4,4,15
esteem,esteem,0,,off~C1+,3.9,2,0,1,0,5,5,15
inhale,inhale,0,,off~C2,3.25,2,1,0,1,4,6,15
handle,handle,0,,B2,4.79,2,0,0,0,4,5,15
exceed,exceed,0,,B2,3.92,2,0,0,0,6,6,15
expectation,expectation,1,expectations,B2,4.44,2,0,0,0,7,7,15
starve,starve,0,,B2,3.79,2,0,0,0,4,5,15
monarchy,monarchy,0,,off~C1+,3.67,2,1,1,0,5,5,15
brush,brush,0,,A2,4.23,2,0,0,0,5,8,15
fortress,fortress,0,,off~C1+,3.77,2,1,0,0,5,5,15
ambition,ambition,0,,B1,3.91,2,0,1,0,4,4,15
leap,leap,0,,C1,3.94,2,1,1,0,4,4,15
instantly,instantly,1,instantly,B2,4.23,2,1,1,0,5,5,15
equivalent,equivalent,1,equivalent,B2,4.5,2,1,1,0,5,6,15
revive,revive,0,,C1,3.68,2,1,1,0,4,4,15
feat,feat,0,,C1,3.99,2,2,0,1,5,6,15
draft,draft,0,,B2,4.61,2,0,1,0,5,5,15
temporary,temporary,1,temporary,B2,4.48,2,0,0,0,5,6,15
initial,initial,1,initial,B2,4.72,2,1,0,0,6,6,15
imitation,imitation,0,,off~C2,3.47,2,0,1,0,5,6,15
occasionally,occasionally,0,,B2,4.39,2,0,0,0,6,6,14
implication,implication,0,,B2,4.1,2,0,0,0,5,5,14
gesture,gesture,0,,B2,3.9,2,0,0,0,5,5,14
seat,seat,0,,A2,4.82,2,1,0,0,6,6,14
compassion,compassion,0,,C1,3.95,2,0,1,0,4,4,14
freeze,freeze,0,,B1,4.32,2,0,0,0,5,6,14
plentiful,plentiful,0,,off~C2,3.36,2,2,0,0,4,4,14
insist,insist,0,,B2,4.06,2,0,1,0,4,4,14
safely,safely,0,,off~C1,4.22,2,0,1,0,4,4,14
load,load,0,,B2,4.58,2,1,0,0,5,5,14
convene,convene,0,,off~C2,3.4,2,1,0,1,4,5,14
omit,omit,0,,off~C1+,3.53,2,1,1,0,4,4,14
outbreak,outbreak,0,,C1,3.99,2,1,0,0,4,4,14
supposedly,supposedly,1,supposedly,C1,3.96,2,0,0,0,6,6,14
confront,confront,0,,C1,3.84,2,0,1,0,3,4,14
inadequate,inadequate,0,,C1,3.82,2,2,1,0,4,4,14
recognizable,recognizable,0,,off~C2,3.45,2,1,1,0,4,4,14
rod,rod,0,,C1,4.14,2,0,0,1,4,10,14
integrate,integrate,0,,B2,4.29,2,0,1,0,4,4,14
mutually,mutually,0,,off~C1+,3.68,2,0,1,0,4,4,14
besides,besides,1,besides,B2,4.63,2,1,1,0,4,4,14
impulse,impulse,0,,off~C1+,3.72,2,0,0,0,5,5,14
dialogue,dialogue,0,,A1,4.29,2,0,0,0,3,5,14
hostile,hostile,0,,C1,4.07,2,0,0,0,4,5,14
indication,indication,0,,B2,4.06,2,0,1,0,4,5,14
possess,possess,0,,B2,4.02,2,0,0,0,5,5,14
escalate,escalate,0,,C1,3.44,2,1,1,0,4,4,14
weave,weave,0,,C1,3.54,2,0,0,0,4,7,14
tangible,tangible,0,,off~C1+,3.66,2,1,0,0,4,4,13
revolve,revolve,0,,off~C2,3.41,2,0,0,0,3,4,13
cheer,cheer,0,,B2,4.13,2,0,0,0,5,5,13
roll,roll,0,,B1,4.75,2,1,0,0,4,4,13
boring,boring,0,,A1,4.43,2,0,0,0,4,4,13
continuously,continuously,0,,off~C1+,3.97,2,1,1,0,3,3,13
dim,dim,0,,off~C1+,3.62,2,0,0,0,3,4,13
whenever,whenever,0,,B1,4.63,2,0,0,0,4,4,13
recipient,recipient,0,,C1,3.94,2,0,0,0,5,5,13
casual,casual,0,,B2,4.23,2,0,0,0,4,4,13
fragrance,fragrance,0,,off~C1+,3.53,2,0,1,0,3,3,13
pedal,pedal,0,,off~C1+,3.64,2,0,0,0,3,5,13
resemblance,resemblance,0,,off~C1+,3.59,2,2,0,0,3,4,13
ride,ride,0,,A1,4.85,2,0,0,0,5,5,13
narrate,narrate,0,,off~C2,3.29,2,0,1,0,3,3,13
reinstate,reinstate,0,,off~C2,3.35,2,1,1,0,3,3,13
pious,pious,0,,off~C2,3.31,2,0,1,0,3,3,13
crane,crane,0,,off~C1+,3.92,2,0,0,0,3,4,13
behalf,behalf,0,,C1,4.42,2,1,0,0,4,4,13
concede,concede,0,,C1,3.63,2,0,0,1,3,4,13
dose,dose,0,,C1,4.2,2,2,0,0,5,6,13
resentment,resentment,0,,off~C1+,3.61,2,0,1,0,3,3,13
mature,mature,0,,C1,4.28,2,0,0,0,3,4,13
doctrine,doctrine,0,,C1,3.98,2,0,1,0,3,3,13
gauge,gauge,0,,off~C1,4.02,2,0,0,0,3,4,13
defiance,defiance,0,,off~C2,3.48,2,0,1,0,3,3,13
hallmark,hallmark,0,,off~C2,3.37,2,0,1,0,3,3,13
twist,twist,0,,C1,4.22,2,0,0,0,4,4,13
disruption,disruption,0,,C1,3.71,2,0,1,0,3,3,13
wipe,wipe,0,,C1,4.01,2,2,1,0,3,3,13
fluctuate,fluctuate,0,,off~C2,3.0,2,0,0,0,3,3,12
siege,siege,0,,off~C1+,3.93,2,1,0,0,3,3,12
commemorate,commemorate,0,,off~C2,3.49,2,2,0,0,4,4,12
speculate,speculate,0,,B2,3.48,2,1,0,0,4,4,12
motive,motive,0,,C1,3.94,2,0,0,0,3,3,12
margin,margin,0,,B2,4.27,2,0,0,0,4,6,12
wrap,wrap,0,,B2,4.2,2,0,0,0,4,4,12
transaction,transaction,0,,C1,4.22,2,0,0,0,4,4,12
plea,plea,0,,C1,3.95,2,0,0,0,4,4,12
subtle,subtle,0,,C1,4.08,2,0,0,0,4,5,12
verify,verify,0,,C1,3.94,2,0,0,0,4,4,12
portable,portable,0,,off~C1+,3.97,2,0,0,0,4,4,12
amateur,amateur,0,,C1,4.22,2,0,0,0,4,4,12
orchard,orchard,0,,off~C1+,3.57,2,0,0,0,3,3,12
ignite,ignite,0,,off~C2,3.35,2,0,0,0,3,3,12
voluntary,voluntary,0,,B2,4.01,2,0,0,0,3,3,12
tolerant,tolerant,0,,off~C1+,3.58,2,0,0,0,3,3,12
equation,equation,0,,C1,4.02,2,0,0,0,3,3,12
qualify,qualify,0,,B1,4.46,2,0,0,0,3,3,12
urgent,urgent,0,,B2,4.15,2,0,0,0,3,3,12
index,index,0,,B2,4.57,2,0,0,0,4,4,12
elusive,elusive,0,,off~C2,3.47,2,2,0,0,4,4,12
upheaval,upheaval,0,,off~C2,3.13,2,0,0,0,4,4,12
proclaim,proclaim,0,,C1,3.77,2,0,0,0,4,4,12
english,english,0,,off~B2,5.19,2,1,0,0,3,4,12
forecast,forecast,0,,B2,4.09,2,0,0,0,3,3,12
wardrobe,wardrobe,0,,off~C1+,3.8,2,0,0,0,3,3,12
basically,basically,0,,B2,4.63,2,0,0,0,4,4,12
alternate,alternate,0,,off~C1,4.11,2,0,0,0,3,3,11
imminent,imminent,0,,C1,3.67,2,1,0,0,3,3,11
supplement,supplement,0,,C1,4.03,2,0,0,0,3,3,11
vague,vague,0,,C1,3.87,2,0,0,0,3,3,11
frustrate,frustrate,0,,C1,4.08,2,0,0,0,3,3,11
synonym,synonym,0,,off~C2,3.21,2,1,0,0,3,3,11
instruct,instruct,0,,C1,3.84,2,0,0,0,3,4,11
gaze,gaze,0,,C1,3.7,2,0,0,0,3,3,11
precision,precision,0,,C1,4.01,2,0,0,0,3,3,11
accidentally,accidentally,0,,B2,4.22,2,0,0,0,3,3,11
tremble,tremble,0,,off~C2,3.27,2,0,0,0,3,3,11
fond,fond,0,,B2,3.89,2,0,0,0,3,3,11
enclose,enclose,0,,off~C1+,3.74,2,0,0,0,3,3,11
clash,clash,0,,C1,3.97,2,0,0,0,3,3,11
collectively,collectively,0,,off~C1+,3.82,2,1,0,0,3,3,11
accommodate,accommodate,0,,B2,4.02,2,0,0,0,3,3,11
clasp,clasp,0,,off~C2,3.1,2,0,0,0,3,3,11
insult,insult,0,,C1,3.99,2,0,0,0,3,3,11
treaty,treaty,1,treaty,C1,4.31,2,1,0,0,3,3,11
divert,divert,0,,C1,3.49,2,1,0,0,3,3,11
quiz,quiz,0,,off~C1+,3.82,2,0,0,0,3,3,11
envious,envious,0,,off~C2,3.22,2,0,0,0,3,3,11
contraction,contraction,0,,off~C2,3.46,2,0,0,0,3,3,11
invoke,invoke,0,,C1,3.33,2,0,0,0,3,3,11
assault,assault,0,,C1,4.44,2,0,0,0,3,3,11
attire,attire,0,,off~C2,3.49,2,1,0,0,3,3,11
artificially,artificially,0,,off~C2,3.44,2,0,0,0,3,3,11
abundance,abundance,0,,C1,3.86,2,1,0,0,3,3,11
peg,peg,0,,off~C2,3.49,2,0,0,0,3,5,11
conversion,conversion,0,,C1,4.24,2,0,0,0,3,3,11
utility,utility,0,,C1,4.27,2,0,0,0,3,3,11
spectator,spectator,0,,B2,3.66,2,1,0,0,3,3,11
candidate,candidate,0,,B1,4.66,2,0,0,0,3,3,11
bless,bless,0,,C1,4.23,2,1,0,0,2,2,10
sterile,sterile,0,,off~C2,3.43,2,1,0,0,2,2,10
erratic,erratic,0,,off~C2,3.34,2,1,0,0,2,2,10
dormant,dormant,0,,off~C2,3.41,2,0,0,0,2,2,10
interrogation,interrogation,0,,off~C1+,3.56,2,0,0,0,2,2,10
intimidation,intimidation,0,,off~C2,3.39,2,0,0,0,2,2,10
sponsor,sponsor,0,,B2,4.04,2,0,0,0,2,2,10
nuisance,nuisance,0,,off~C2,3.5,2,1,0,0,2,2,10
blunt,blunt,0,,off~C1+,3.9,2,0,0,0,2,2,10
scenic,scenic,0,,off~C1+,3.67,2,1,0,0,2,2,10
gratify,gratify,0,,off~C2,3.07,2,0,0,0,2,2,10
tender,tender,0,,C1,4.09,2,0,0,0,2,2,10
refund,refund,0,,off~C1+,3.94,2,0,0,0,2,2,10
tense,tense,0,,off~C1+,3.95,2,0,0,0,2,2,10
affluent,affluent,0,,off~C2,3.37,2,0,0,0,2,2,10
loudly,loudly,0,,A2,3.79,2,0,0,0,2,2,10
politely,politely,0,,off~C2,3.47,2,0,0,0,2,2,10
prolific,prolific,0,,off~C1+,3.6,2,1,0,0,2,2,10
justify,justify,0,,B2,4.14,2,0,0,0,2,2,10
affirm,affirm,0,,off~C2,3.2,2,0,0,0,2,2,10
adore,adore,0,,off~C1+,3.7,2,0,0,0,2,2,10
disguise,disguise,0,,off~C1+,3.72,2,0,0,0,2,2,10
fling,fling,0,,off~C2,3.33,2,0,0,0,2,2,10
surrender,surrender,0,,C1,4.09,2,1,0,0,2,2,10
numb,numb,0,,off~C1+,3.53,2,0,0,0,2,2,10
legible,legible,0,,off~C2,2.8,2,0,0,0,2,2,10
latitude,latitude,0,,off~C1+,3.57,2,0,0,0,2,2,10
forgive,forgive,0,,B2,4.25,2,0,0,0,2,2,10
core,core,0,,B2,4.73,2,0,0,0,2,2,10
illuminate,illuminate,0,,off~C2,3.5,2,0,0,0,2,2,10
detour,detour,0,,off~C2,3.2,2,0,0,0,2,2,10
deduct,deduct,0,,off~C2,3.16,2,0,0,0,2,2,10
ripe,ripe,0,,off~C1+,3.67,2,0,0,0,2,2,10
residence,residence,0,,C1,4.36,2,1,0,0,2,2,10
accomplice,accomplice,0,,off~C2,3.22,2,0,0,0,2,2,10
supervision,supervision,0,,C1,3.94,2,0,0,0,2,2,10
hazard,hazard,0,,C1,3.98,2,0,0,0,2,2,10
banish,banish,0,,off~C2,3.39,2,1,0,0,2,2,10
weary,weary,0,,off~C1+,3.61,2,0,0,0,2,2,10
conditionally,conditionally,0,,off~C2,2.52,2,0,0,0,2,2,10
comfortably,comfortably,0,,off~C1+,3.74,2,0,0,0,2,2,10
predictable,predictable,0,,B2,3.76,2,1,0,0,2,2,10
defer,defer,0,,off~C1+,3.54,2,0,0,0,2,2,10
urgency,urgency,0,,off~C1+,3.55,2,0,0,0,2,2,10
bundle,bundle,0,,off~C1+,3.93,2,0,0,0,2,2,10
legislate,legislate,0,,off~C2,3.01,2,0,0,0,2,2,10
inoffensive,inoffensive,0,,off~C2,2.56,2,0,0,0,2,2,10
rebuke,rebuke,0,,off~C2,3.1,2,0,0,0,2,2,10
paste,paste,0,,off~C1+,3.91,2,0,0,0,2,2,10
enviously,enviously,0,,off~C2,1.9,2,0,0,0,2,2,10
trample,trample,0,,off~C2,3.07,2,0,0,0,2,2,10
subscription,subscription,0,,C1,4.06,2,0,0,0,2,2,10
convenience,convenience,0,,B2,4.02,2,0,0,0,2,2,10
urgently,urgently,0,,off~C2,3.48,2,0,0,0,2,2,10
conspicuous,conspicuous,0,,off~C2,3.35,2,0,0,0,2,2,10
reverent,reverent,0,,off~C2,2.46,2,0,0,0,2,2,10
reap,reap,0,,off~C1+,3.53,2,0,0,0,2,2,10
pacify,pacify,0,,off~C2,2.73,2,0,0,0,2,2,10
rehearse,rehearse,0,,off~C2,2.94,2,0,0,0,2,2,10
shrill,shrill,0,,off~C2,2.88,2,0,0,0,2,2,10
deposited,deposite,0,,off~C1+,3.64,2,0,0,0,2,2,10
detach,detach,0,,off~C1+,3.79,2,0,0,0,2,2,10
reprimand,reprimand,0,,off~C2,2.9,2,0,0,0,2,2,10
comply,comply,0,,C1,4.04,2,0,0,0,2,2,10
rift,rift,0,,off~C1+,3.64,2,0,0,0,2,2,10
outlet,outlet,0,,C1,4.0,2,0,0,0,2,2,10
relent,relent,0,,off~C2,2.71,2,1,0,0,2,2,10
personally,personally,0,,B1,4.57,2,0,0,0,2,2,10
versatile,versatile,0,,off~C1+,3.66,2,2,0,0,2,2,10
hesitate,hesitate,0,,B2,3.79,2,0,0,0,2,2,10
observant,observant,0,,off~C2,3.05,2,0,0,0,2,2,10
resentful,resentful,0,,off~C2,2.97,2,0,0,0,2,2,10
sober,sober,0,,off~C1+,3.94,2,0,0,0,2,2,10
decadent,decadent,0,,off~C2,3.04,2,0,0,0,2,2,10
agenda,agenda,0,,B2,4.3,2,0,0,0,2,2,10
finite,finite,0,,off~C1+,3.75,2,1,0,0,2,2,10
receptive,receptive,0,,off~C2,3.32,2,0,0,0,2,2,10
refresh,refresh,0,,off~C1+,3.83,2,0,0,0,2,2,10
rash,rash,0,,off~C1+,3.67,2,0,0,0,2,2,10
creed,creed,0,,off~C1+,3.7,2,0,0,0,2,2,10
sip,sip,0,,off~C1+,3.67,2,0,0,0,2,2,10
assimilate,assimilate,0,,off~C2,3.07,2,0,0,0,2,2,10
fasten,fasten,0,,B1,3.02,2,0,0,0,2,2,10
disperse,disperse,0,,off~C2,3.5,2,0,0,0,2,2,10
reclaim,reclaim,0,,off~C2,3.44,2,1,0,0,2,2,10
stale,stale,0,,off~C2,3.43,2,0,0,0,2,2,10
condense,condense,0,,off~C2,3.4,2,0,0,0,2,2,10
dispose,dispose,0,,C1,3.55,2,0,0,0,2,2,10
consent,consent,0,,C1,4.36,2,0,0,0,2,2,10
relapse,relapse,0,,off~C2,3.32,2,0,0,0,2,2,10
facade,facade,0,,off~C2,3.42,2,0,0,0,2,2,10
punctuate,punctuate,0,,off~C2,2.98,2,0,0,0,2,2,10
demolish,demolish,0,,off~C1+,3.52,2,2,0,0,2,2,10
elevation,elevation,0,,off~C1+,3.9,2,1,0,0,2,2,10
irate,irate,0,,off~C2,2.78,2,0,0,0,2,2,10
oversight,oversight,0,,off~C1+,3.83,2,0,0,0,2,2,10
oblige,oblige,0,,C1,3.1,2,0,0,0,2,2,10
transgress,transgress,0,,off~C2,2.34,2,0,0,0,2,2,10
assemble,assemble,0,,C1,3.96,2,1,0,0,2,2,10
applaud,applaud,0,,C1,3.46,2,0,0,0,2,2,10
contemplation,contemplation,0,,off~C2,3.15,2,0,0,0,2,2,10
congestion,congestion,0,,off~C1+,3.66,2,1,0,0,2,2,10
yawn,yawn,0,,off~C2,3.07,2,0,0,0,2,2,10
inquiry,inquiry,0,,B2,4.25,2,0,0,0,2,2,10
inspector,inspector,0,,B2,4.25,2,0,0,0,2,2,10
plead,plead,0,,C1,3.66,2,0,0,0,2,2,10
discreet,discreet,0,,off~C2,3.43,2,0,0,0,2,2,10
applause,applause,0,,off~C1+,3.83,2,0,0,0,2,2,10
accompaniment,accompaniment,0,,off~C2,3.22,2,2,0,0,2,2,10
rinse,rinse,0,,off~C2,3.48,2,0,0,0,2,2,10
indignant,indignant,0,,off~C2,2.86,2,0,0,0,2,2,10
furnish,furnish,0,,off~C1+,3.65,2,0,0,0,2,2,10
innocently,innocently,0,,off~C2,2.88,2,0,0,0,2,2,10
proficiency,proficiency,0,,off~C2,3.43,2,1,0,0,2,2,10
conveniently,conveniently,0,,off~C1+,3.58,2,0,0,0,2,2,10
confidentially,confidentially,0,,off~C2,2.61,2,0,0,0,2,2,10
namely,namely,0,,C1,4.02,2,0,0,0,2,2,10
taunt,taunt,0,,off~C2,2.96,2,0,0,0,2,2,10
recline,recline,0,,off~C2,2.91,2,0,0,0,2,2,10
pounce,pounce,0,,off~C2,2.97,2,0,0,0,2,2,10
abduction,abduction,0,,off~C2,3.43,2,0,0,0,2,2,10
authentic,authentic,0,,C1,4.04,2,0,0,0,2,2,10
slight,slight,0,,B2,4.22,2,0,0,0,2,2,10
proclamation,proclamation,0,,off~C2,3.44,2,0,0,0,2,2,10
heresy,heresy,0,,off~C2,3.35,2,0,0,0,2,2,10
renovation,renovation,0,,off~C1+,3.74,2,2,0,0,2,2,10
trance,trance,0,,off~C2,3.49,2,1,0,0,2,2,10
negligent,negligent,0,,off~C2,3.33,2,0,0,0,2,2,10
mitigate,mitigate,0,,off~C1+,3.54,2,1,0,0,2,2,10
tranquil,tranquil,0,,off~C2,3.14,2,1,0,0,2,2,10
congregate,congregate,0,,off~C2,2.92,2,0,0,0,2,2,10
virtue,virtue,0,,C1,3.94,2,0,0,0,2,2,10
immortal,immortal,0,,off~C1+,3.77,2,0,0,0,2,2,10
omniscient,omniscient,0,,off~C2,2.71,2,0,0,0,2,2,10
jubilant,jubilant,0,,off~C2,2.63,2,0,0,0,2,2,10
mediocre,mediocre,0,,off~C1+,3.52,2,1,0,0,2,2,10
ponder,ponder,0,,off~C2,3.35,2,1,0,0,2,2,10
compress,compress,0,,off~C1+,3.62,2,0,0,0,2,2,10
vowel,vowel,0,,off~C2,3.33,2,1,0,0,2,2,10
feign,feign,0,,off~C2,2.65,2,1,0,0,2,2,10
wholesome,wholesome,0,,off~C1+,3.51,2,0,0,0,2,2,10
correspondence,correspondence,0,,C1,3.85,2,1,0,0,2,2,10
grind,grind,0,,C1,3.94,2,0,0,0,2,2,10
martyr,martyr,0,,off~C2,3.46,2,0,0,0,2,2,10
afflict,afflict,0,,off~C2,3.29,2,0,0,0,2,2,10
nutritious,nutritious,0,,off~C2,3.18,2,1,0,0,2,2,10
predicament,predicament,0,,off~C2,3.28,2,0,0,0,2,2,10
time,time,0,,A1,6.29,1,0,44,8,58,343,323
know,know,0,,A1,6.1,1,1,41,3,57,226,266
large,large,0,,A1,5.39,1,0,28,0,53,180,219
describe,describe,0,,A1,5.0,1,0,10,20,59,260,218
discuss,discuss,0,,A1,4.66,1,0,2,41,59,304,211
change,change,0,,A1,5.54,1,0,23,3,53,163,200
base,base,0,,A2,5.51,1,1,42,9,52,144,198
live,live,0,,A1,5.54,1,1,29,2,49,157,196
explain,explain,0,,A1,4.89,1,0,8,6,58,237,182
come,come,0,,A1,5.78,1,0,24,2,51,138,168
understand,understand,0,,A1,5.37,1,0,17,31,43,121,160
following,following,0,,A2,5.46,1,0,7,51,54,163,153
begin,begin,0,,A1,5.07,1,0,19,3,49,126,152
replace,replace,0,,A2,4.58,1,0,7,36,45,90,144
popular,popular,0,,A1,5.07,1,0,23,1,40,109,142
means,means,0,,B2,5.44,1,1,6,33,47,89,141
human,human,0,,A2,5.35,1,0,12,2,40,112,138
help,help,0,,A1,5.75,1,0,11,0,44,111,136
grow,grow,0,,A1,4.9,1,1,18,0,42,95,131
see,see,0,,A1,6.1,1,0,13,0,47,116,125
play,play,0,,A1,5.61,1,0,19,2,37,99,123
method,method,0,,A2,4.8,1,0,11,2,38,97,122
refer,refer,0,,A2,4.61,1,0,8,31,39,73,121
discover,discover,0,,A2,4.74,1,0,11,1,42,84,120
fact,fact,0,,A1,5.41,1,0,18,7,47,93,119
word,word,0,,A1,5.26,1,0,3,22,37,114,119
thought,thought,0,,A2,5.59,1,0,18,3,41,76,118
compare,compare,0,,A1,4.92,1,0,4,2,44,95,116
close,close,0,,A1,5.36,1,0,7,30,42,69,115
need,need,0,,A1,5.97,1,1,11,0,41,86,109
spend,spend,0,,A1,5.02,1,0,12,0,42,72,108
past,past,0,,A1,5.36,1,0,13,2,35,71,106
state,state,0,,A2,5.78,1,0,18,6,30,66,104
interest,interest,0,,A1,5.17,1,0,11,1,35,68,102
actually,actually,0,,A2,5.49,1,0,12,0,38,59,101
look,look,0,,A1,5.81,1,0,11,0,42,73,100
amount,amount,0,,A2,5.13,1,0,17,0,34,57,100
recent,recent,0,,A2,5.04,1,1,15,0,32,65,99
sell,sell,0,,A1,4.98,1,0,10,0,39,74,99
continue,continue,0,,A2,5.08,1,0,12,0,35,61,97
mention,mention,0,,A2,4.83,1,0,4,33,39,77,97
view,view,0,,A2,5.19,1,0,10,3,36,51,92
career,career,0,,A1,5.07,1,1,11,0,34,54,92
event,event,0,,A1,5.18,1,0,11,1,32,61,92
introduce,introduce,0,,A1,4.72,1,1,4,4,37,62,91
argue,argue,0,,A2,4.46,1,0,9,0,30,58,89
condition,condition,0,,A2,4.98,1,1,10,0,35,61,88
occur,occur,1,occurs,B1,4.57,1,0,14,0,29,49,87
term,term,1,terms,A2,5.23,1,1,13,2,26,45,85
prove,prove,0,,B1,4.77,1,1,9,1,33,57,84
design,design,1,design,A1,5.17,1,0,7,1,29,54,84
highly,highly,0,,B1,4.89,1,1,9,1,30,47,83
die,die,0,,A1,5.2,1,1,10,0,29,59,82
establish,establish,1,established,B2,4.9,1,0,12,2,29,44,81
region,region,0,,A2,5.0,1,0,14,0,29,55,81
effort,effort,0,,B1,4.92,1,0,11,1,33,48,81
source,source,0,,A2,5.15,1,1,10,1,33,46,79
nearly,nearly,0,,A2,5.0,1,0,15,0,31,42,79
enough,enough,0,,A1,5.54,1,0,8,0,38,51,79
right,right,0,,A1,5.96,1,0,9,0,25,72,78
say,say,0,,A1,6.01,1,0,9,2,38,77,77
subject,subject,0,,A1,4.96,1,1,7,0,32,49,77
accept,accept,0,,A2,4.85,1,0,10,2,27,39,76
speak,speak,0,,A1,5.03,1,1,11,0,28,60,75
young,young,0,,A1,5.43,1,0,6,0,32,60,74
determine,determine,0,,B1,4.64,1,0,10,1,33,45,74
ever,ever,0,,A1,5.66,1,0,13,0,26,48,73
species,species,0,,B2,4.85,1,0,8,1,26,51,72
face,face,0,,A1,5.45,1,0,8,1,29,44,70
left,left,0,,A1,5.62,1,0,12,0,25,38,70
plan,plan,0,,A1,5.29,1,0,6,3,26,41,70
control,control,0,,A2,5.4,1,1,8,2,28,42,69
complex,complex,1,complex,B1,4.86,1,0,10,1,24,42,68
allow,allow,0,,A2,5.03,1,1,8,1,32,44,68
student,student,0,,A1,5.25,1,0,7,0,25,79,67
value,value,0,,B1,5.15,1,1,11,0,25,41,67
treat,treat,0,,B1,4.75,1,0,4,2,27,54,65
leave,leave,0,,A1,5.34,1,1,4,0,33,48,63
support,support,0,,A2,5.53,1,0,8,0,23,35,63
involve,involve,1,involves,A2,5.1,1,0,7,1,26,34,62
fight,fight,0,,A2,5.23,1,0,7,0,25,42,61
object,object,0,,A1,4.56,1,0,7,2,22,42,60
activity,activity,0,,A1,4.91,1,1,6,0,23,43,60
recognize,recognize,0,,A2,4.52,1,0,8,0,23,40,60
tell,tell,0,,A1,5.54,1,0,3,0,31,46,59
decide,decide,0,,A1,5.09,1,0,4,0,32,44,58
sign,sign,0,,A2,5.08,1,0,6,2,25,48,58
size,size,0,,A2,5.13,1,0,7,0,22,36,57
sound,sound,1,sound,A1,5.15,1,1,3,0,24,40,56
substance,substance,0,,B1,4.23,1,0,6,1,26,43,56
date,date,0,,A1,5.22,1,1,2,1,28,35,55
turn,turn,0,,A1,5.32,1,0,4,1,29,46,55
force,force,0,,B1,5.23,1,0,4,1,23,32,54
sleep,sleep,0,,A1,5.05,1,0,4,2,19,51,54
remarkable,remarkable,0,,B2,4.29,1,0,6,0,23,35,53
phenomenon,phenomenon,1,phenomenon,B2,4.13,1,1,8,2,18,35,53
buy,buy,0,,A1,5.32,1,0,3,0,27,38,53
relationship,relationship,0,,A2,5.15,1,1,4,2,19,32,53
symbol,symbol,1,symbol,A2,4.31,1,1,5,0,24,44,52
advantage,advantage,0,,A2,4.78,1,0,7,0,19,24,52
film,film,0,,A1,5.2,1,1,4,1,19,41,52
half,half,0,,A1,5.41,1,0,8,0,19,33,51
apply,apply,0,,A2,4.81,1,1,7,1,21,28,51
record,record,0,,A2,5.21,1,0,7,2,19,33,51
destroy,destroy,0,,A2,4.61,1,0,5,0,20,26,50
composer,composer,1,composer,B2,3.85,1,1,11,0,14,25,50
issue,issue,0,,B1,5.23,1,1,6,0,20,30,50
realize,realize,0,,A2,4.83,1,0,7,1,20,29,50
remains,remains,0,,C1,4.8,1,1,7,0,21,29,50
rich,rich,0,,A1,4.91,1,1,5,1,22,26,49
ban,ban,0,,B1,4.55,1,1,9,1,15,24,49
coast,coast,0,,A2,4.87,1,1,8,0,18,33,48
ask,ask,0,,A1,5.34,1,0,2,3,27,35,48
audience,audience,1,audience,A2,4.73,1,1,7,0,17,24,48
colony,colony,1,colony,B2,4.12,1,0,8,1,13,37,48
contribute,contribute,1,contribute,B2,4.39,1,0,6,0,21,26,47
local,local,0,,A1,5.43,1,0,2,0,24,36,47
rare,rare,0,,B1,4.77,1,1,7,0,16,23,46
unique,unique,1,unique,B2,4.75,1,1,9,0,22,23,46
reduce,reduce,0,,A2,4.73,1,1,4,0,20,25,46
pollution,pollution,0,,A2,4.2,1,0,8,1,13,36,46
carry,carry,0,,A1,4.89,1,0,2,0,24,35,45
side,side,0,,A2,5.5,1,0,6,0,20,31,45
succeed,succeed,0,,A2,4.29,1,1,7,0,20,22,45
enable,enable,1,enables,B2,4.3,1,0,1,0,21,27,44
deal,deal,0,,A2,5.32,1,0,4,0,17,22,44
originally,originally,0,,B1,4.69,1,1,8,0,19,21,43
pass,pass,0,,A2,5.05,1,0,2,0,20,30,43
return,return,0,,A1,5.19,1,0,3,2,19,31,43
lie,lie,0,,A1,4.84,1,1,3,1,21,25,43
star,star,0,,A1,5.19,1,1,5,1,15,42,43
approach,approach,1,approach,B2,4.93,1,0,4,0,22,25,43
generate,generate,1,generate,B2,4.34,1,0,6,0,18,21,43
gain,gain,0,,B2,4.81,1,1,6,0,19,22,43
project,project,0,,A1,5.22,1,0,1,1,18,29,42
indicate,indicate,1,indicates,B1,4.35,1,1,8,1,15,23,42
effective,effective,0,,B1,4.89,1,0,3,0,19,25,42
survive,survive,1,survive,B1,4.52,1,1,5,0,19,21,42
cost,cost,0,,A1,5.24,1,1,3,0,18,31,42
avoid,avoid,0,,A2,4.87,1,1,8,0,17,19,42
powerful,powerful,0,,B1,4.85,1,0,5,0,17,24,42
policy,policy,0,,B1,5.17,1,0,5,2,14,26,41
growth,growth,0,,B1,5.03,1,0,4,1,16,21,41
soon,soon,0,,A1,5.32,1,0,2,0,22,31,40
search,search,0,,A2,4.96,1,0,2,1,19,31,40
skill,skill,1,skilled,A1,4.77,1,0,4,0,16,19,40
machine,machine,0,,A1,4.9,1,1,6,0,13,29,40
fly,fly,0,,A1,4.75,1,0,4,0,15,43,39
pattern,pattern,0,,A2,4.56,1,0,0,0,17,26,39
aware,aware,1,aware,B1,4.78,1,1,6,0,15,18,39
market,market,0,,A1,5.29,1,0,1,1,17,30,39
surface,surface,1,surface,B1,4.83,1,1,0,0,20,33,39
fruit,fruit,0,,A1,4.57,1,0,2,2,13,40,39
commercial,commercial,0,,B1,4.92,1,0,5,0,14,23,39
piece,piece,0,,A1,5.04,1,0,3,1,21,27,38
rapidly,rapidly,0,,B2,4.34,1,1,8,0,14,19,38
break,break,0,,A1,5.18,1,0,4,0,17,21,38
else,else,0,,A1,5.38,1,0,7,0,13,17,38
detail,detail,0,,A1,4.91,1,0,4,1,18,21,38
launch,launch,0,,B2,4.69,1,0,6,0,16,22,38
locate,locate,1,located,B1,4.86,1,0,5,0,18,21,37
debate,debate,1,debate,B2,4.64,1,0,5,0,14,17,37
drink,drink,0,,A1,4.9,1,0,1,2,15,36,37
examine,examine,0,,B1,4.18,1,0,4,0,17,18,37
male,male,0,,A2,4.89,1,1,6,0,15,27,37
put,put,0,,A1,5.66,1,1,1,0,20,27,36
consumption,consumption,1,consumption,B2,4.35,1,1,5,0,14,17,36
found,found,0,,B2,5.68,1,1,3,0,14,19,36
emerge,emerge,1,emerged,B2,4.16,1,0,7,0,15,16,35
outstanding,outstanding,1,outstanding,B2,4.5,1,1,6,0,11,14,35
device,device,1,device,A2,4.67,1,0,3,0,17,28,35
remove,remove,1,remove,A2,4.79,1,0,2,0,15,20,35
cultural,cultural,1,cultural,B1,4.75,1,1,1,0,17,27,35
toward,toward,0,,off~B2,4.72,1,1,4,0,12,16,35
content,content,1,content,B1,5.0,1,0,3,0,15,18,35
belong,belong,0,,A2,4.38,1,0,5,0,16,18,34
decrease,decrease,0,,B2,4.17,1,0,7,0,13,13,34
center,center,0,,off~B2,5.19,1,0,5,0,16,18,34
wind,wind,0,,A2,4.84,1,0,3,1,13,31,34
threaten,threaten,0,,B2,4.36,1,0,4,0,13,16,33
focus,focus,0,,A2,5.0,1,0,3,1,13,17,33
stage,stage,0,,A2,5.1,1,0,4,0,12,21,33
heat,heat,0,,A2,4.86,1,1,3,0,11,26,33
crop,crop,0,,B2,4.15,1,1,2,0,15,21,32
image,image,1,image,A2,4.94,1,0,2,0,16,30,32
disappear,disappear,0,,A2,4.26,1,0,3,0,15,16,32
rural,rural,0,,B2,4.59,1,0,6,0,8,19,32
export,export,1,exports,B1,4.24,1,0,6,0,9,17,32
habitat,habitat,1,habitat,B2,3.98,1,1,4,0,15,17,31
settle,settle,0,,B2,4.44,1,1,4,0,13,15,31
copy,copy,0,,A2,4.77,1,1,1,0,15,23,31
afford,afford,0,,B1,4.57,1,0,1,0,14,16,31
game,game,0,,A1,5.72,1,1,0,2,12,66,31
hear,hear,0,,A1,5.27,1,0,0,0,17,23,31
tool,tool,0,,A2,4.59,1,0,1,1,13,18,30
organization,organization,0,,A2,4.92,1,0,0,0,12,18,30
bad,bad,0,,A1,5.53,1,0,3,0,11,15,30
creature,creature,0,,B2,4.21,1,0,2,0,13,22,30
letter,letter,0,,A1,4.95,1,1,0,1,14,41,30
impressive,impressive,0,,B1,4.47,1,1,5,0,13,13,30
weight,weight,0,,A2,5.02,1,0,0,0,14,22,30
heavy,heavy,0,,A2,4.96,1,0,2,0,13,19,30
marine,marine,1,marine,C1,4.53,1,1,2,1,9,30,30
expose,expose,1,exposed,B2,4.51,1,0,3,0,12,17,30
route,route,1,route,A2,4.67,1,0,1,0,12,22,30
campaign,campaign,0,,B1,5.0,1,1,5,0,11,15,30
match,match,0,,A1,5.13,1,0,4,0,12,17,29
display,display,1,display,B2,4.63,1,1,5,0,13,15,29
diet,diet,0,,A1,4.57,1,1,0,0,12,22,29
generation,generation,1,generation,B1,4.82,1,0,2,1,16,30,29
hide,hide,1,hidden,A2,4.54,1,0,2,0,13,18,29
contemporary,contemporary,1,contemporary,B2,4.49,1,0,5,0,11,14,29
attitude,attitude,1,attitudes,B1,4.58,1,0,1,0,13,14,29
forest,forest,0,,A2,4.7,1,0,2,0,13,19,29
instrument,instrument,0,,A2,4.32,1,0,1,1,11,26,29
journey,journey,0,,A1,4.65,1,1,1,2,13,22,29
site,site,1,site,A2,5.22,1,1,1,0,12,30,29
necessarily,necessarily,0,,B1,4.48,1,0,5,0,10,13,29
swim,swim,0,,A1,4.43,1,1,2,0,11,30,28
largely,largely,0,,B2,4.61,1,1,6,0,10,11,28
court,court,0,,B1,5.41,1,0,3,0,14,21,28
celebrate,celebrate,0,,A2,4.49,1,1,1,1,14,19,28
weather,weather,0,,A1,4.87,1,0,2,0,10,21,28
guide,guide,0,,A2,4.75,1,0,5,1,9,26,28
editor,editor,1,editor,B1,4.62,1,0,2,0,11,20,28
combine,combine,0,,B1,4.68,1,0,1,0,15,17,28
adult,adult,1,adults,A1,4.8,1,0,0,0,14,21,27
extent,extent,1,extent,B2,4.47,1,0,6,0,9,10,27
perhaps,perhaps,0,,A2,5.09,1,0,2,0,17,23,27
mostly,mostly,0,,A2,4.83,1,0,3,0,13,14,27
argument,argument,0,,A2,4.64,1,0,2,1,10,14,27
immune,immune,1,immune,B2,4.14,1,0,5,0,8,18,27
eliminate,eliminate,1,eliminate,B2,4.15,1,0,3,0,10,13,27
busy,busy,0,,A1,4.75,1,0,4,0,11,14,27
catch,catch,0,,A2,4.9,1,0,1,0,17,22,27
reputation,reputation,0,,B2,4.47,1,1,5,0,10,12,26
apart,apart,0,,B1,4.78,1,0,6,0,10,11,26
supply,supply,0,,B1,4.81,1,0,1,0,12,14,26
adapt,adapt,1,adapted,B2,4.17,1,0,3,0,13,15,26
distance,distance,0,,A2,4.85,1,0,0,0,14,23,26
credit,credit,1,credit,A2,5.0,1,0,4,0,10,13,26
purchase,purchase,1,purchase,B2,4.71,1,0,2,0,13,13,26
convey,convey,1,convey,B2,3.83,1,1,1,1,9,16,26
unearth,unearth,0,,off~C2,3.19,1,1,5,0,8,10,26
initiate,initiate,1,initiate,C1,3.99,1,0,4,0,9,13,26
initially,initially,1,initially,B2,4.49,1,0,6,0,7,9,26
tradition,tradition,1,traditions,A2,4.5,1,0,1,0,11,13,26
acknowledge,acknowledge,1,acknowledged,B2,4.18,1,1,5,0,10,11,26
expense,expense,1,expense,B2,4.33,1,0,5,0,9,12,26
quantity,quantity,0,,A2,4.07,1,0,2,0,11,17,25
recognition,recognition,1,recognition,B2,4.47,1,0,2,0,12,14,25
degree,degree,0,,A2,4.94,1,0,3,0,12,14,25
legend,legend,1,legend,B2,4.44,1,0,1,0,12,15,25
anywhere,anywhere,0,,A2,4.71,1,1,3,0,12,12,25
exercise,exercise,1,exercise,A1,4.68,1,0,1,0,9,33,25
doubt,doubt,0,,B1,4.9,1,0,4,0,11,12,25
differ,differ,0,,B2,4.03,1,1,3,1,10,10,25
characterize,characterize,1,characterize,C1,4.01,1,1,5,0,9,10,25
background,background,0,,A2,4.77,1,0,2,0,12,12,25
expand,expand,1,expand,B1,4.35,1,0,4,0,11,11,24
reality,reality,0,,B1,4.89,1,0,2,1,10,21,24
front,front,0,,A1,5.28,1,1,1,0,12,16,24
accident,accident,0,,A2,4.71,1,0,4,0,6,18,24
essential,essential,0,,B1,4.61,1,1,1,0,14,15,24
employ,employ,0,,A2,4.42,1,0,3,0,13,13,24
equally,equally,0,,B1,4.39,1,0,3,0,9,12,24
controversial,controversial,1,controversial,B2,4.23,1,0,4,0,8,10,24
prey,prey,1,prey,C1,3.98,1,1,4,0,8,10,24
manner,manner,0,,A2,4.55,1,0,2,0,11,13,24
talent,talent,0,,B1,4.64,1,0,4,0,10,11,24
pose,pose,1,posed,B2,4.1,1,0,2,1,8,16,24
really,really,0,,A1,5.97,1,0,1,0,12,20,24
safe,safe,0,,A2,5.07,1,1,1,0,8,14,24
consequence,consequence,1,consequences,B1,4.47,1,0,1,0,13,15,23
battle,battle,0,,B1,4.94,1,0,2,0,11,16,23
promise,promise,0,,A2,4.71,1,0,3,1,9,11,23
carefully,carefully,0,,A2,4.46,1,0,3,0,11,12,23
felt,felt,0,,off~B2,5.13,1,0,2,1,8,13,23
typical,typical,0,,A2,4.59,1,1,2,0,9,12,23
tooth,tooth,0,,A1,4.58,1,0,2,0,7,22,23
renowned,renowned,1,renowned,C1,3.96,1,1,4,0,8,9,23
apparent,apparent,1,apparent,B2,4.32,1,0,6,0,5,10,23
advocate,advocate,1,advocate,C1,4.21,1,0,3,0,12,14,23
contact,contact,1,contact,B1,4.99,1,0,2,0,8,12,22
profound,profound,1,profound,C1,3.94,1,0,3,0,8,11,22
sculpture,sculpture,0,,B1,3.92,1,0,2,0,9,14,22
portrayal,portrayal,0,,off~C1+,3.55,1,1,4,0,7,8,22
devise,devise,1,devise,C1,3.59,1,0,3,1,9,10,22
utilize,utilize,0,,C1,3.83,1,1,5,0,7,11,22
wool,wool,0,,B1,3.91,1,0,4,0,6,14,22
approximately,approximately,0,,B1,4.64,1,0,2,0,13,13,22
previous,previous,0,,B1,5.0,1,0,4,0,9,10,22
remarkably,remarkably,1,remarkably,B2,3.77,1,1,4,0,8,10,22
beach,beach,0,,A1,4.92,1,0,2,0,7,15,22
discipline,discipline,0,,B2,4.23,1,0,3,0,6,11,22
capital,capital,0,,A1,5.01,1,1,2,0,9,14,22
critical,critical,0,,B2,4.83,1,0,5,0,5,8,22
deliver,deliver,0,,B1,4.62,1,0,2,1,8,18,22
operate,operate,0,,B2,4.75,1,0,1,0,9,10,21
office,office,0,,A1,5.4,1,1,1,1,9,17,21
neighbor,neighbor,1,neighboring,off~C1,4.24,1,0,2,0,8,10,21
conflict,conflict,1,conflict,B2,4.64,1,1,3,0,7,11,21
depict,depict,0,,C1,3.77,1,0,2,0,9,11,21
professional,professional,1,professional,A2,5.05,1,0,0,1,9,15,21
heavily,heavily,0,,B1,4.54,1,0,3,0,8,9,21
virtually,virtually,1,virtually,off~C1,4.26,1,1,3,0,10,11,21
rest,rest,0,,A2,5.23,1,1,0,0,11,16,21
inevitable,inevitable,1,inevitable,B2,4.08,1,0,5,0,6,7,21
repeat,repeat,0,,A1,4.49,1,0,1,0,9,10,21
aid,aid,1,aids,B2,4.75,1,1,0,0,11,11,21
perfect,perfect,0,,A1,5.2,1,0,0,1,12,14,21
correspondent,correspondent,0,,C1,3.86,1,0,4,1,5,9,21
monarch,monarch,0,,off~C1+,3.69,1,1,4,0,6,11,21
gift,gift,0,,A2,4.78,1,1,3,1,9,9,21
currency,currency,0,,B1,4.37,1,0,2,1,4,25,21
round,round,0,,A2,5.14,1,0,1,0,10,11,20
tire,tire,0,,A1,4.71,1,0,3,0,9,9,20
vary,vary,1,varied,B2,4.25,1,1,1,0,11,12,20
station,station,0,,A1,5.01,1,0,0,1,8,19,20
schedule,schedule,0,,A2,4.67,1,0,2,0,6,9,20
facial,facial,0,,off~C1,4.1,1,1,2,0,8,12,20
perceive,perceive,1,perceive,B2,4.16,1,1,2,0,9,11,20
press,press,0,,B1,5.16,1,0,2,0,8,12,20
irreconcilable,irreconcilable,0,,off~C2,2.68,1,0,5,0,4,6,20
fresh,fresh,0,,A2,4.83,1,0,2,0,9,13,20
loss,loss,0,,B1,5.07,1,0,2,0,10,15,20
dramatically,dramatically,1,dramatically,B2,3.95,1,1,4,0,6,9,20
undergo,undergo,0,,B2,3.81,1,1,1,0,10,10,20
alter,alter,1,alter,B2,4.05,1,0,2,0,6,9,20
component,component,0,,B2,4.44,1,0,2,0,8,10,20
sharp,sharp,0,,B1,4.48,1,0,4,0,8,8,20
failure,failure,1,failure,B2,4.72,1,0,2,0,8,23,20
private,private,0,,B1,5.19,1,0,1,0,11,12,20
direct,direct,0,,A2,4.91,1,0,3,0,6,8,20
scatter,scatter,1,scattered,C1,3.97,1,0,3,0,8,10,20
hire,hire,0,,B1,4.41,1,0,2,0,10,11,20
counterpart,counterpart,1,counterpart,C1,3.75,1,1,3,1,7,9,20
concentrate,concentrate,1,concentrated,B1,4.07,1,1,3,0,8,8,20
moral,moral,0,,B2,4.46,1,0,3,0,8,15,20
extensively,extensively,1,extensively,B2,3.87,1,1,3,0,8,8,20
cultivate,cultivate,0,,C1,3.6,1,1,1,0,10,11,20
mount,mount,0,,B2,4.47,1,0,2,0,7,9,20
bridge,bridge,0,,A2,4.77,1,0,2,0,7,39,20
modify,modify,0,,B2,4.24,1,0,1,1,6,11,20
charm,charm,0,,B2,4.12,1,0,3,0,8,9,20
escape,escape,0,,B1,4.64,1,0,0,0,8,11,20
rigid,rigid,1,rigid,off~C1+,3.75,1,0,5,0,5,6,20
talk,talk,0,,A1,5.42,1,0,0,0,10,12,19
throw,throw,0,,A2,4.83,1,0,0,0,8,11,19
inhabitant,inhabitant,1,inhabitant,B2,4.07,1,1,2,0,8,8,19
forget,forget,0,,A1,5.06,1,0,3,0,8,8,19
migrate,migrate,0,,off~C2,3.43,1,1,1,0,7,11,19
myth,myth,1,myth,B2,4.08,1,0,3,0,6,15,19
domesticate,domesticate,0,,off~C2,3.17,1,1,4,0,4,12,19
aside,aside,0,,B2,4.59,1,0,3,1,7,9,19
playing,playe,0,,off~B2,5.37,1,1,0,0,10,14,19
ending,ending,0,,A2,4.68,1,0,3,0,7,7,19
anticipate,anticipate,1,anticipated,B2,4.08,1,0,2,0,8,10,19
directly,directly,0,,B1,4.9,1,0,1,0,9,10,19
emphasize,emphasize,0,,B2,3.71,1,1,0,1,9,10,19
beneficial,beneficial,1,beneficial,B2,4.08,1,0,2,0,7,10,19
invade,invade,1,invade,B2,3.74,1,0,3,0,8,8,19
genius,genius,1,genius,B2,4.33,1,0,3,0,5,7,19
host,host,0,,B1,4.77,1,0,1,1,7,20,19
track,track,0,,A2,5.02,1,1,2,0,6,8,18
alike,alike,1,alike,C1,4.13,1,1,1,0,10,11,18
traffic,traffic,0,,A1,4.85,1,0,2,0,7,9,18
malnutrition,malnutrition,0,,off~C2,3.24,1,1,3,0,5,10,18
ceremony,ceremony,0,,B1,4.42,1,0,0,0,7,10,18
hardship,hardship,0,,off~C1+,3.56,1,1,4,0,5,8,18
conclude,conclude,0,,B1,4.35,1,0,1,1,11,12,18
prosperous,prosperous,0,,off~C1+,3.6,1,1,3,0,7,7,18
passenger,passenger,0,,A2,4.38,1,0,2,1,4,7,18
punctuation,punctuation,0,,off~C2,3.29,1,0,2,0,5,22,18
season,season,0,,A2,5.48,1,0,0,1,8,35,18
revolutionary,revolutionary,1,revolutionary,C1,4.17,1,0,2,1,9,9,18
repair,repair,0,,A2,4.41,1,0,1,0,6,14,18
masterpiece,masterpiece,0,,off~C1+,3.81,1,0,2,0,8,10,18
soft,soft,0,,A2,4.68,1,0,1,0,8,13,18
restore,restore,0,,B2,4.18,1,1,2,0,7,10,18
defeat,defeat,0,,B2,4.51,1,1,2,0,7,8,18
herd,herd,0,,off~C1+,3.77,1,1,2,0,6,9,18
add,add,0,,A1,5.16,1,0,1,0,12,15,18
emotion,emotion,1,emotions,B1,4.37,1,0,1,0,6,11,18
harsh,harsh,1,harsh,C1,4.14,1,0,2,0,8,8,18
fascinate,fascinate,0,,off~C1+,3.6,1,0,2,0,8,8,18
access,access,1,access,B1,5.05,1,1,1,0,8,14,18
secure,secure,0,,B2,4.64,1,1,2,0,7,8,18
migration,migration,1,migration,C1,4.14,1,0,0,1,6,11,18
boast,boast,0,,C1,3.61,1,0,1,1,7,8,18
luxury,luxury,0,,B1,4.35,1,0,1,0,8,11,18
subsequently,subsequently,1,subsequently,B2,4.23,1,1,2,1,7,8,17
immediate,immediate,0,,B1,4.52,1,0,2,0,6,7,17
excessive,excessive,1,excessive,B2,4.12,1,0,3,0,7,7,17
fill,fill,0,,A1,4.7,1,1,0,0,11,13,17
competition,competition,0,,A2,4.91,1,1,1,1,8,9,17
costly,costly,1,costly,C1,3.93,1,1,2,0,6,8,17
equipment,equipment,1,equipment,A2,4.88,1,0,0,0,7,9,17
exposure,exposure,1,exposure,B2,4.44,1,1,2,0,5,9,17
implement,implement,0,,B2,4.23,1,0,2,1,6,8,17
weak,weak,0,,A2,4.66,1,0,2,0,7,9,17
performance,performance,0,,B1,5.16,1,0,1,0,7,10,17
acute,acute,0,,C1,4.0,1,1,4,0,4,8,17
reluctant,reluctant,1,reluctant,C1,3.81,1,0,3,1,5,6,17
corruption,corruption,1,corruption,C1,4.35,1,0,2,0,6,10,17
warn,warn,0,,B1,4.18,1,0,1,0,7,8,17
wound,wound,0,,B2,4.32,1,0,2,0,5,9,17
ingredient,ingredient,0,,B1,4.14,1,1,0,0,7,9,17
tie,tie,0,,A2,4.51,1,0,2,0,6,7,17
entirely,entirely,0,,B2,4.72,1,0,1,0,8,8,17
arrangement,arrangement,0,,A2,4.25,1,0,2,0,5,6,16
path,path,0,,B1,4.71,1,0,1,0,9,10,16
pick,pick,0,,A2,5.08,1,0,1,0,7,12,16
broke,broke,0,,off~B2,4.85,1,0,2,0,7,7,16
sentiment,sentiment,0,,C1,4.03,1,0,3,0,4,5,16
dull,dull,0,,B2,3.94,1,1,3,0,6,6,16
immense,immense,1,immense,C1,3.88,1,1,2,0,6,6,16
daily,daily,0,,A2,5.07,1,0,0,0,7,9,16
notice,notice,0,,A2,4.9,1,0,1,0,7,8,16
lifestyle,lifestyle,0,,A2,4.29,1,0,1,0,8,9,16
dot,dot,0,,B2,4.05,1,1,2,0,6,9,16
permit,permit,0,,B2,4.22,1,0,1,0,7,7,16
pursuit,pursuit,1,pursuit,B2,4.12,1,0,1,0,6,8,16
dig,dig,0,,B2,4.22,1,1,0,0,7,11,16
artificial,artificial,0,,B2,4.24,1,0,2,0,6,10,16
spirit,spirit,0,,B1,4.79,1,0,0,0,10,11,16
narrative,narrative,0,,B1,4.39,1,0,3,0,5,9,16
organize,organize,0,,A2,4.51,1,0,1,0,6,7,16
spin,spin,0,,C1,4.38,1,0,1,1,7,8,16
distinctive,distinctive,1,distinctive,C1,4.0,1,1,1,1,7,8,16
data,data,1,data,A2,5.34,1,1,0,0,8,10,16
connect,connect,0,,A2,4.68,1,0,0,0,8,9,16
outlaw,outlaw,0,,off~C1+,3.51,1,0,2,0,6,7,16
request,request,0,,A2,4.76,1,0,1,0,6,10,16
delicate,delicate,1,delicate,C1,4.01,1,0,0,0,8,9,16
sink,sink,0,,B1,4.21,1,0,2,0,5,9,15
rescue,rescue,0,,B2,4.48,1,0,1,0,6,7,15
rebel,rebel,1,rebel,C1,4.08,1,0,1,0,6,7,15
spot,spot,0,,B1,4.89,1,0,1,0,7,8,15
enhance,enhance,0,,B2,4.08,1,0,2,0,7,7,15
tale,tale,0,,B2,4.29,1,0,1,0,9,10,15
prior,prior,0,,B2,4.85,1,0,3,0,4,5,15
excitement,excitement,0,,B1,4.19,1,0,0,0,7,10,15
prospect,prospect,1,prospect,B2,4.13,1,0,1,0,6,7,15
exert,exert,1,exert,C1,3.36,1,1,2,0,5,7,15
calculate,calculate,0,,B2,4.1,1,0,1,0,6,6,15
enthusiastic,enthusiastic,0,,B2,3.84,1,1,2,0,6,6,15
bar,bar,0,,A2,4.94,1,1,2,0,5,9,15
comparable,comparable,1,comparable,C1,4.08,1,0,2,0,6,6,15
graze,graze,0,,off~C2,3.49,1,0,2,0,4,8,15
persist,persist,0,,C1,3.53,1,1,3,0,4,5,15
visible,visible,1,visible,B2,4.39,1,0,1,0,6,7,15
exclusive,exclusive,1,exclusive,C1,4.56,1,0,2,0,7,7,15
nutritional,nutritional,0,,off~C1+,3.64,1,1,1,0,5,7,15
outrage,outrage,1,outrage,C1,3.84,1,0,1,0,9,9,15
revenue,revenue,0,,B2,4.64,1,0,3,0,4,5,15
entrance,entrance,0,,B1,4.39,1,0,2,0,5,7,15
violate,violate,0,,C1,3.91,1,0,3,0,4,6,15
monitor,monitor,0,,B2,4.37,1,0,1,1,6,7,15
bark,bark,0,,off~C1+,3.85,1,1,0,0,5,8,14
flock,flock,0,,off~C1+,3.69,1,1,2,0,5,5,14
voice,voice,0,,A2,5.07,1,0,0,0,6,7,14
bitter,bitter,0,,B2,4.21,1,0,1,0,7,8,14
excess,excess,0,,C1,4.21,1,0,3,0,4,4,14
assign,assign,1,assign,B2,4.39,1,0,1,0,7,7,14
seed,seed,0,,B1,4.37,1,0,0,0,6,10,14
resort,resort,0,,B2,4.37,1,0,2,0,4,5,14
combat,combat,0,,C1,4.56,1,0,1,0,5,6,14
convert,convert,0,,B2,4.21,1,0,1,0,6,6,14
pipe,pipe,0,,B1,4.25,1,0,2,0,5,10,14
hang,hang,0,,B1,4.6,1,0,0,0,7,7,14
ailment,ailment,0,,off~C2,3.22,1,1,2,0,5,6,14
hardly,hardly,0,,B1,4.53,1,1,0,0,9,9,14
collaboration,collaboration,1,collaboration,C1,4.28,1,1,1,1,6,7,14
fragment,fragment,0,,B2,3.82,1,0,2,0,5,6,14
awkward,awkward,1,awkward,B2,4.29,1,1,2,0,5,6,14
wait,wait,0,,A1,5.35,1,0,0,0,7,7,14
ordinary,ordinary,0,,A2,4.42,1,0,1,0,7,7,14
operation,operation,0,,B1,4.92,1,0,2,0,5,5,14
prejudice,prejudice,1,prejudice,C1,3.79,1,0,1,0,6,9,14
pseudonym,pseudonym,0,,off~C2,3.1,1,1,2,0,4,5,14
anniversary,anniversary,0,,B2,4.53,1,1,0,0,6,6,14
grain,grain,0,,B1,4.18,1,0,0,0,6,13,14
deficiency,deficiency,0,,C1,3.64,1,0,2,1,3,5,14
split,split,0,,B2,4.65,1,0,0,0,5,8,14
ridiculous,ridiculous,1,ridiculous,B2,4.46,1,0,0,0,5,7,14
poorly,poorly,0,,off~C1,4.1,1,1,3,0,3,5,14
tremendous,tremendous,1,tremendous,C1,4.07,1,0,2,0,6,6,14
durable,durable,0,,off~C1+,3.68,1,1,2,0,5,5,14
check,check,0,,A1,5.31,1,0,1,0,5,6,14
narrow,narrow,0,,A2,4.39,1,0,0,0,8,8,14
scale,scale,0,,B2,4.83,1,0,2,0,5,9,14
rose,rose,0,,B2,4.82,1,1,1,0,5,6,14
layer,layer,1,layer,B1,4.4,1,0,0,0,7,13,14
advent,advent,0,,off~C1+,3.67,1,1,2,0,6,6,14
flame,flame,0,,B2,4.07,1,0,1,0,6,6,14
suspect,suspect,0,,B2,4.51,1,0,1,0,6,7,14
seemingly,seemingly,1,seemingly,C1,4.1,1,0,0,0,8,10,14
absence,absence,1,absence,C1,4.34,1,1,2,0,6,6,14
interior,interior,1,interior,C1,4.55,1,1,2,0,5,10,14
nomadic,nomadic,0,,off~C2,3.13,1,1,2,0,3,8,14
withstand,withstand,0,,off~C1+,3.65,1,1,2,0,4,6,14
essence,essence,0,,C1,4.03,1,0,2,0,5,5,14
recall,recall,0,,B2,4.4,1,0,3,0,4,4,14
negotiation,negotiation,0,,B2,4.21,1,0,3,0,4,4,14
fatigue,fatigue,0,,off~C1+,3.86,1,0,2,0,4,7,13
reminder,reminder,0,,C1,4.12,1,0,0,0,6,7,13
pleasant,pleasant,0,,B1,4.22,1,0,0,0,7,7,13
survey,survey,0,,A2,4.69,1,0,0,1,4,10,13
contend,contend,0,,C1,3.56,1,0,1,0,6,6,13
attach,attach,1,attached,B1,4.52,1,0,0,0,8,12,13
possibly,possibly,0,,B1,4.77,1,0,1,0,6,7,13
permanent,permanent,0,,B2,4.57,1,1,1,0,6,6,13
hit,hit,0,,A2,5.37,1,0,0,0,9,11,13
swamp,swamp,0,,off~C1+,3.84,1,0,2,0,3,7,13
typically,typically,0,,B1,4.62,1,0,1,0,5,5,13
excavate,excavate,0,,off~C2,3.25,1,0,1,0,5,7,13
post,post,0,,A1,5.43,1,0,0,1,5,13,13
lecture,lecture,0,,A2,4.14,1,0,0,0,7,8,13
inhabit,inhabit,0,,off~C1+,3.52,1,0,1,0,7,8,13
pest,pest,0,,off~C1+,3.64,1,1,2,0,3,5,13
commitment,commitment,0,,B2,4.43,1,0,2,0,5,5,13
negotiate,negotiate,0,,B2,3.99,1,0,1,0,4,5,13
seldom,seldom,0,,C1,3.63,1,1,2,0,5,5,13
differently,differently,0,,A2,4.23,1,0,0,0,6,6,13
reinforce,reinforce,0,,B2,3.83,1,0,0,0,4,6,13
manuscript,manuscript,0,,C1,3.92,1,1,1,0,5,5,13
formerly,formerly,0,,B2,4.24,1,0,2,0,5,5,13
seize,seize,1,seize,C1,4.03,1,1,2,0,3,7,13
crucial,crucial,1,crucial,B2,4.28,1,0,0,0,6,7,13
category,category,1,categories,B1,4.57,1,0,0,1,5,9,13
diversity,diversity,1,diversity,B2,4.32,1,0,2,0,5,6,13
scribe,scribe,0,,off~C2,3.08,1,0,2,0,3,12,13
oral,oral,0,,C1,4.26,1,0,0,0,4,5,12
voyage,voyage,0,,off~C1+,3.89,1,1,0,0,5,6,12
ashore,ashore,0,,off~C1+,3.52,1,1,1,1,4,5,12
sit,sit,0,,A1,4.9,1,0,0,0,5,6,12
routine,routine,0,,A1,4.37,1,0,0,0,5,12,12
fault,fault,0,,B2,4.64,1,0,2,0,3,8,12
wherever,wherever,0,,B2,4.27,1,0,1,0,5,5,12
assess,assess,0,,B2,4.07,1,0,1,0,4,5,12
emphasis,emphasis,1,emphasis,B2,4.19,1,0,1,0,5,5,12
precede,precede,0,,B2,3.74,1,0,2,0,4,4,12
contradict,contradict,0,,off~C2,3.35,1,0,1,0,4,4,12
occupy,occupy,0,,B2,4.32,1,0,1,0,5,5,12
format,format,0,,B2,4.47,1,0,0,0,6,7,12
cross,cross,0,,A2,5.0,1,0,1,0,4,5,12
push,push,0,,A2,4.82,1,0,0,0,6,7,12
partially,partially,0,,C1,4.19,1,0,1,1,4,5,12
exploration,exploration,0,,B2,4.19,1,0,2,0,3,7,12
fossil,fossil,0,,B2,3.99,1,0,0,0,4,5,12
forward,forward,0,,A2,5.12,1,0,0,0,5,6,12
innovation,innovation,0,,B2,4.32,1,0,0,0,5,7,12
minor,minor,1,minor,B2,4.62,1,0,0,0,4,5,12
withdrawal,withdrawal,0,,C1,4.05,1,0,1,1,4,5,12
joy,joy,0,,B2,4.55,1,0,1,0,5,6,12
absolutely,absolutely,0,,B1,4.98,1,0,2,0,4,4,12
situate,situate,0,,C1,4.19,1,1,1,0,4,5,12
adequate,adequate,1,adequate,B2,4.05,1,0,1,0,5,6,12
cancelled,cancell,0,,off~C1,4.22,1,0,2,0,4,4,12
envelope,envelope,0,,B2,3.86,1,0,0,0,4,34,12
decorate,decorate,0,,B1,3.94,1,0,0,0,6,6,12
edge,edge,0,,B1,4.74,1,0,0,0,7,8,12
convention,convention,0,,B2,4.5,1,0,1,0,4,11,12
ahead,ahead,0,,B1,5.01,1,0,2,0,4,4,12
obligation,obligation,0,,B2,4.07,1,0,2,0,4,4,12
bold,bold,1,bold,B2,4.26,1,0,0,0,4,6,12
promptly,promptly,0,,off~C1+,3.84,1,0,2,0,4,4,12
wit,wit,0,,C1,3.96,1,0,1,0,4,5,12
arguably,arguably,0,,C1,3.9,1,0,2,0,4,4,12
sacred,sacred,1,sacred,C1,4.24,1,0,0,0,5,8,12
tip,tip,0,,A2,4.58,1,0,0,0,6,7,12
condemn,condemn,0,,C1,3.97,1,1,2,0,4,4,12
evident,evident,1,evident,B2,3.99,1,0,1,0,6,6,12
sacrifice,sacrifice,0,,C1,4.29,1,1,2,0,3,7,12
pitch,pitch,0,,B2,4.43,1,0,0,0,5,6,12
entertain,entertain,1,entertaining,B1,4.11,1,0,0,0,6,6,12
dare,dare,1,dare,B2,4.31,1,1,1,0,5,5,12
stretch,stretch,0,,B2,4.35,1,0,1,0,5,5,12
preparation,preparation,0,,B2,4.32,1,0,1,0,4,5,12
row,row,0,,B1,4.6,1,0,0,0,6,7,12
soar,soar,0,,C1,3.44,1,1,0,0,6,6,12
noble,noble,0,,C1,4.24,1,1,2,0,3,7,12
substitute,substitute,0,,C1,4.17,1,1,0,0,5,5,12
drought,drought,0,,B2,3.9,1,1,1,0,4,6,12
annually,annually,1,annually,B2,4.16,1,0,0,0,7,8,12
crack,crack,0,,B2,4.41,1,0,0,1,4,9,12
compel,compel,0,,C1,3.98,1,1,1,0,4,5,12
proposal,proposal,0,,B2,4.47,1,0,1,0,5,5,11
practically,practically,0,,off~C1,4.19,1,0,2,0,3,3,11
vivid,vivid,0,,off~C1+,3.75,1,1,1,0,5,5,11
cautious,cautious,0,,C1,3.79,1,0,2,0,3,3,11
ferment,ferment,0,,off~C2,3.18,1,0,1,0,3,4,11
evoke,evoke,0,,C1,3.27,1,1,1,0,5,5,11
disastrous,disastrous,0,,C1,3.68,1,0,1,0,4,4,11
plight,plight,0,,off~C2,3.46,1,0,2,0,2,3,11
aspire,aspire,0,,C1,3.47,1,1,2,0,3,3,11
sympathetic,sympathetic,0,,B2,3.81,1,0,1,0,4,4,11
mode,mode,0,,B2,4.63,1,1,1,0,5,5,11
occupation,occupation,0,,B2,4.2,1,0,0,0,4,4,11
paw,paw,0,,off~C2,3.48,1,0,0,0,4,6,11
vital,vital,0,,B2,4.38,1,0,1,0,5,5,11
worthwhile,worthwhile,0,,C1,3.74,1,1,2,0,3,3,11
meticulous,meticulous,0,,off~C2,3.24,1,0,0,1,4,5,11
objection,objection,0,,C1,3.77,1,0,1,0,3,4,11
solely,solely,0,,C1,4.2,1,0,0,0,5,5,11
prison,prison,0,,A2,4.8,1,1,0,0,4,6,11
trigger,trigger,0,,B2,4.25,1,1,1,0,3,4,11
census,census,0,,off~C1,4.19,1,1,2,0,2,6,11
pastime,pastime,0,,off~C2,3.1,1,1,1,0,5,5,11
realm,realm,0,,C1,4.06,1,0,0,0,5,6,11
flat,flat,0,,A1,4.72,1,0,0,0,7,8,11
tropical,tropical,0,,B2,4.18,1,0,0,0,6,6,11
edition,edition,0,,B2,4.8,1,1,1,0,3,6,11
sting,sting,0,,off~C1+,3.8,1,0,0,0,4,4,11
immunity,immunity,0,,off~C1+,3.91,1,0,2,0,2,3,11
courageous,courageous,0,,off~C1+,3.59,1,0,2,0,2,3,11
confound,confound,0,,off~C2,2.82,1,0,2,0,3,3,11
victim,victim,0,,B1,4.56,1,0,0,0,3,5,11
prescribe,prescribe,0,,C1,3.91,1,0,0,0,5,6,11
admission,admission,0,,C1,4.15,1,0,1,0,4,4,11
impression,impression,0,,B1,4.35,1,1,1,0,5,5,11
comparison,comparison,0,,B1,4.51,1,0,1,1,4,5,11
delight,delight,0,,B2,4.09,1,0,1,0,5,5,11
underestimate,underestimate,0,,off~C1+,3.69,1,0,2,0,3,3,11
donate,donate,0,,B1,4.06,1,0,0,0,4,5,11
retreat,retreat,0,,C1,4.13,1,0,0,1,3,5,11
nomad,nomad,0,,off~C2,3.07,1,0,2,0,2,6,11
dispatch,dispatch,0,,off~C1+,3.76,1,0,2,0,2,6,11
overly,overly,0,,C1,3.83,1,0,2,0,3,3,11
outnumber,outnumber,0,,off~C2,2.98,1,1,2,0,3,3,11
direction,direction,0,,A2,4.93,1,1,0,0,5,5,11
highlight,highlight,0,,B1,4.28,1,0,1,0,4,4,11
foreigner,foreigner,0,,C1,3.87,1,0,0,0,4,7,11
regulation,regulation,0,,B2,4.5,1,0,1,0,4,4,11
dialect,dialect,0,,off~C1+,3.54,1,1,0,0,4,7,11
pave,pave,0,,off~C1+,3.62,1,1,1,0,4,4,11
stress,stress,1,stress,A2,4.73,1,0,0,0,6,9,11
incessant,incessant,0,,off~C2,3.03,1,0,2,0,2,3,11
supplier,supplier,0,,off~C1+,3.91,1,1,1,0,5,5,11
burden,burden,0,,C1,4.23,1,0,2,0,2,3,11
lamp,lamp,0,,A2,4.05,1,0,0,0,4,8,11
essentially,essentially,1,essentially,B2,4.42,1,0,0,0,5,6,11
dump,dump,0,,B2,4.08,1,0,0,0,3,5,11
shade,shade,0,,B2,4.16,1,1,0,0,5,6,11
attest,attest,0,,off~C2,3.25,1,1,0,1,4,5,11
highway,highway,0,,B2,4.49,1,0,0,0,3,6,11
enforce,enforce,0,,C1,3.96,1,0,0,0,4,5,11
pray,pray,0,,B1,4.4,1,0,0,0,4,4,11
chiefly,chiefly,0,,off~C2,3.42,1,1,2,0,3,3,11
halt,halt,0,,C1,3.93,1,1,2,0,3,3,11
textile,textile,0,,off~C1+,3.75,1,1,2,0,2,6,11
pacifist,pacifist,0,,off~C2,3.07,1,1,2,0,2,6,11
chew,chew,0,,off~C1+,3.66,1,0,0,0,4,5,11
navigational,navigational,0,,off~C2,2.99,1,1,0,0,3,7,11
legalize,legalize,0,,off~C2,3.28,1,0,1,0,3,4,11
beam,beam,0,,C1,4.14,1,1,0,0,3,13,11
tact,tact,0,,off~C2,3.08,1,0,2,0,2,3,11
regenerate,regenerate,0,,off~C2,3.15,1,0,2,0,2,3,11
invariably,invariably,0,,off~C2,3.44,1,0,1,0,4,4,10
cluster,cluster,0,,C1,3.99,1,0,0,1,4,5,10
fragile,fragile,0,,C1,3.86,1,0,1,0,4,4,10
conference,conference,0,,A2,5.01,1,0,0,0,4,6,10
ring,ring,0,,A2,4.81,1,0,0,0,5,6,10
dust,dust,0,,B1,4.41,1,0,0,0,5,6,10
defend,defend,0,,B2,4.47,1,0,0,0,4,4,10
package,package,0,,B1,4.46,1,0,0,0,4,6,10
rotate,rotate,0,,C1,3.77,1,0,0,0,4,6,10
empty,empty,0,,A2,4.59,1,1,0,0,5,5,10
separately,separately,0,,off~C1,4.08,1,0,0,0,3,4,10
peculiar,peculiar,0,,C1,3.67,1,0,1,0,4,4,10
alleviate,alleviate,0,,off~C1+,3.52,1,1,1,0,4,4,10
mistakenly,mistakenly,0,,off~C2,3.45,1,0,1,0,3,3,10
reign,reign,0,,C1,4.07,1,1,0,0,5,5,10
confusion,confusion,0,,B2,4.19,1,0,1,0,3,3,10
suffix,suffix,0,,off~C2,3.05,1,1,0,1,2,4,10
obscure,obscure,0,,off~C1+,3.85,1,1,1,0,4,4,10
celebration,celebration,0,,B1,4.29,1,0,0,1,4,8,10
precisely,precisely,0,,B2,4.2,1,0,0,0,4,6,10
repetition,repetition,0,,off~C2,3.48,1,0,1,0,3,3,10
normally,normally,0,,A2,4.57,1,0,0,0,4,4,10
cruel,cruel,0,,B1,4.12,1,0,0,0,4,5,10
diverse,diverse,0,,B2,4.24,1,1,0,0,5,5,10
budget,budget,0,,B2,4.82,1,1,0,0,4,4,10
erupt,erupt,0,,B2,3.39,1,1,1,0,3,3,10
instruction,instruction,0,,A2,4.37,1,0,0,0,5,5,10
magical,magical,0,,C1,4.22,1,0,0,0,4,5,10
illustration,illustration,0,,B2,3.92,1,0,0,0,4,4,10
phase,phase,0,,B2,4.64,1,0,1,0,3,3,10
raid,raid,0,,C1,4.19,1,1,0,0,3,5,10
overlook,overlook,0,,C1,3.68,1,0,0,0,4,5,10
score,score,0,,A2,4.83,1,0,1,0,4,5,10
ornament,ornament,0,,off~C2,3.39,1,0,1,0,3,3,10
tune,tune,0,,B2,4.27,1,0,1,0,4,4,10
reproduction,reproduction,0,,C1,3.79,1,0,0,0,4,6,10
register,register,0,,B2,4.59,1,0,0,0,3,4,10
sake,sake,0,,C1,4.4,1,0,0,0,4,4,10
thread,thread,0,,C1,4.44,1,1,0,0,4,4,10
inscription,inscription,0,,off~C1+,3.54,1,1,0,0,4,6,10
ray,ray,0,,C1,4.69,1,0,0,0,4,7,10
keen,keen,0,,B1,4.13,1,1,1,0,4,4,10
recount,recount,0,,C1,3.24,1,0,1,0,4,4,10
captivate,captivate,0,,off~C2,3.17,1,0,1,0,4,4,10
possession,possession,0,,A2,4.38,1,0,0,0,5,5,10
corporation,corporation,0,,B2,4.59,1,1,0,1,2,5,10
monument,monument,1,monument,B2,3.9,1,0,1,0,4,4,10
howl,howl,0,,off~C2,3.18,1,0,0,0,4,4,10
hypothesis,hypothesis,0,,B2,3.87,1,0,0,1,4,5,10
milestone,milestone,0,,off~C1+,3.71,1,1,1,0,4,4,10
miraculous,miraculous,0,,off~C2,3.43,1,0,0,0,4,5,10
uncover,uncover,0,,off~C1+,3.73,1,1,0,0,5,5,10
angle,angle,0,,B2,4.38,1,0,0,0,4,5,10
anxiety,anxiety,1,anxiety,B2,4.45,1,0,0,0,4,6,10
incident,incident,0,,B2,4.54,1,0,0,0,3,4,10
edifice,edifice,0,,off~C2,2.93,1,0,1,0,3,3,10
landmark,landmark,0,,C1,3.89,1,1,0,0,3,4,10
fiber,fiber,0,,off~C1,4.06,1,0,0,0,4,4,10
recipe,recipe,0,,A2,4.23,1,0,1,0,3,3,10
silent,silent,0,,B1,4.45,1,0,0,0,3,5,10
visual,visual,0,,B2,4.5,1,0,0,1,4,5,10
wander,wander,0,,B2,3.8,1,0,1,0,4,4,10
payment,payment,0,,B1,4.66,1,0,1,0,4,4,10
bore,bore,0,,A1,4.2,1,0,1,0,3,3,10
donor,donor,0,,C1,3.92,1,0,0,0,3,4,10
organ,organ,0,,B2,4.14,1,1,0,0,4,4,9
compensate,compensate,0,,C1,3.78,1,1,1,0,3,3,9
silence,silence,0,,B2,4.46,1,0,0,0,3,5,9
delegation,delegation,0,,C1,3.92,1,0,0,1,3,6,9
embroider,embroider,0,,off~C2,3.34,1,0,0,0,3,3,9
revolution,revolution,1,revolution,B2,4.56,1,0,0,0,4,4,9
faith,faith,0,,B2,4.82,1,0,1,0,3,3,9
corrupt,corrupt,0,,C1,4.14,1,0,0,0,3,4,9
brief,brief,0,,B2,4.52,1,0,1,0,3,3,9
descendant,descendant,0,,off~C1+,3.71,1,1,0,0,3,4,9
beneath,beneath,0,,C1,4.24,1,0,0,0,4,4,9
apartment,apartment,0,,A1,4.65,1,0,0,0,3,4,9
calendar,calendar,0,,off~B2,4.3,1,1,0,0,3,4,9
metaphor,metaphor,0,,B2,3.73,1,0,0,0,3,4,9
someday,someday,0,,off~C1,4.05,1,0,1,0,3,3,9
propel,propel,0,,off~C2,3.48,1,1,0,0,3,4,9
competitor,competitor,0,,B1,4.11,1,1,0,0,3,3,9
relief,relief,0,,B2,4.55,1,0,0,0,3,4,9
cheerful,cheerful,0,,B1,3.6,1,0,0,0,4,4,9
suppress,suppress,0,,C1,3.66,1,0,1,0,3,3,9
discomfort,discomfort,0,,off~C1+,3.65,1,0,0,0,4,4,9
orchestra,orchestra,0,,B2,4.01,1,0,0,0,3,5,9
frank,frank,0,,off~B2,4.75,1,0,0,0,3,3,9
prominence,prominence,0,,off~C1+,3.54,1,0,1,0,3,3,9
eagerly,eagerly,0,,off~C2,3.49,1,1,0,0,5,5,9
hollow,hollow,0,,B2,3.95,1,0,0,0,4,4,9
collaborate,collaborate,0,,C1,3.51,1,0,1,0,3,3,9
tendency,tendency,0,,B2,3.96,1,1,0,0,4,4,9
differentiate,differentiate,0,,C1,3.62,1,1,0,0,4,4,9
administration,administration,1,administration,B2,4.93,1,0,0,0,4,4,9
maze,maze,0,,off~C1+,3.65,1,0,1,0,3,3,9
lucrative,lucrative,0,,off~C1+,3.56,1,0,1,0,3,3,9
bestow,bestow,0,,off~C2,3.39,1,0,0,1,3,4,9
sibling,sibling,0,,B2,4.05,1,0,0,0,5,5,9
kit,kit,0,,B2,4.42,1,0,0,0,3,3,9
privilege,privilege,0,,C1,4.2,1,0,0,0,5,5,9
revert,revert,0,,off~C2,3.35,1,0,1,0,3,3,9
entitle,entitle,0,,C1,4.51,1,0,0,0,3,5,9
tunnel,tunnel,0,,B2,4.24,1,0,0,0,3,3,9
chapter,chapter,1,chapter,B1,4.65,1,0,0,0,5,7,9
meaningful,meaningful,0,,C1,4.14,1,1,1,0,3,3,9
switch,switch,0,,B1,4.6,1,0,0,1,3,4,9
overrun,overrun,0,,off~C2,3.36,1,1,1,0,3,3,9
dawn,dawn,0,,C1,4.27,1,0,0,0,3,4,9
closing,closing,0,,off~B2,4.46,1,0,1,0,3,3,9
virtuous,virtuous,0,,off~C2,3.23,1,0,0,1,3,4,9
constrain,constrain,0,,off~C2,3.41,1,0,0,1,3,4,9
invaluable,invaluable,0,,off~C1+,3.54,1,0,1,0,3,3,9
column,column,0,,A2,4.33,1,0,0,0,3,4,9
revival,revival,0,,C1,3.93,1,1,0,0,3,3,9
fixe,fixe,0,,B1,4.7,1,0,0,0,5,5,9
commence,commence,0,,C1,3.78,1,0,1,0,3,3,9
royalty,royalty,0,,off~C1+,3.8,1,0,1,0,3,3,9
hut,hut,0,,off~C1+,3.84,1,1,0,0,3,3,9
misery,misery,0,,C1,3.89,1,0,1,0,3,3,9
erode,erode,0,,off~C2,3.33,1,0,1,0,3,3,9
majestic,majestic,0,,off~C1+,3.57,1,0,1,0,3,3,9
backdrop,backdrop,0,,C1,3.58,1,1,0,1,3,4,9
soothe,soothe,0,,off~C2,3.45,1,0,1,0,3,3,9
expedition,expedition,0,,B1,3.99,1,1,0,0,3,5,9
indefinitely,indefinitely,0,,off~C1+,3.65,1,0,0,0,2,4,9
bathe,bathe,0,,off~C2,3.22,1,0,1,0,2,2,8
grace,grace,0,,C1,4.56,1,0,0,0,3,3,8
similarly,similarly,0,,B1,4.3,1,0,0,0,3,3,8
terrify,terrify,0,,B2,3.94,1,0,0,0,2,3,8
rude,rude,0,,A2,4.25,1,1,1,0,2,2,8
oppress,oppress,0,,off~C1+,3.56,1,0,1,0,2,2,8
exhale,exhale,0,,off~C2,3.11,1,0,1,0,2,2,8
expansion,expansion,0,,B2,4.54,1,0,0,0,3,3,8
wage,wage,0,,B2,4.44,1,0,0,0,2,3,8
worsen,worsen,0,,off~C2,3.13,1,1,1,0,2,2,8
slope,slope,0,,B2,3.9,1,1,0,0,2,3,8
trail,trail,0,,C1,4.45,1,1,0,0,4,4,8
subsequent,subsequent,0,,B2,4.39,1,0,0,0,4,4,8
finance,finance,0,,B2,4.65,1,0,0,0,3,3,8
tent,tent,0,,B1,4.05,1,0,0,0,3,3,8
lean,lean,0,,B2,4.14,1,0,0,0,3,3,8
accusation,accusation,0,,C1,3.85,1,0,1,0,2,2,8
gap,gap,0,,A2,4.47,1,1,0,0,4,4,8
joint,joint,0,,B2,4.71,1,1,1,0,2,2,8
bit,bit,0,,A2,5.37,1,0,0,0,4,4,8
plow,plow,0,,off~C2,3.21,1,0,0,0,4,4,8
dictate,dictate,0,,C1,3.58,1,0,0,0,4,4,8
innumerable,innumerable,0,,off~C2,3.03,1,1,1,0,2,2,8
abstain,abstain,0,,off~C2,3.07,1,0,0,0,2,3,8
navigation,navigation,0,,B2,4.03,1,1,0,0,3,3,8
regrettably,regrettably,0,,off~C2,2.88,1,0,1,0,2,2,8
rarity,rarity,0,,off~C2,3.36,1,1,0,0,2,3,8
deprivation,deprivation,0,,off~C2,3.44,1,0,0,1,2,3,8
mimic,mimic,0,,off~C2,3.49,1,1,1,0,2,2,8
distribute,distribute,0,,B2,4.31,1,0,0,0,3,3,8
slaughter,slaughter,0,,off~C1+,3.84,1,1,0,0,2,6,8
timid,timid,0,,off~C2,3.25,1,0,0,0,2,3,8
inject,inject,0,,C1,3.44,1,0,0,0,2,3,8
polish,polish,0,,off~C1,4.29,1,0,0,0,3,3,8
morality,morality,0,,C1,3.86,1,0,1,0,2,2,8
clarity,clarity,0,,C1,3.9,1,1,1,0,2,2,8
headache,headache,0,,A2,3.97,1,0,0,0,2,4,8
inconsiderate,inconsiderate,0,,off~C2,3.04,1,0,1,0,2,2,8
blur,blur,0,,off~C1+,3.55,1,1,0,0,2,3,8
gossip,gossip,0,,off~C1+,3.88,1,0,0,0,2,3,8
thesis,thesis,0,,B2,4.05,1,0,0,0,2,3,8
offspring,offspring,0,,C1,3.77,1,0,1,0,2,2,8
conservation,conservation,0,,B2,4.33,1,1,0,0,3,3,8
concur,concur,0,,off~C2,3.18,1,0,1,0,2,2,8
turbulent,turbulent,0,,off~C2,3.47,1,0,1,0,2,2,8
finely,finely,0,,off~C1+,3.52,1,0,1,0,2,2,8
compile,compile,0,,C1,3.98,1,0,1,0,2,2,8
opaque,opaque,0,,off~C2,3.37,1,0,0,1,2,3,8
mosaic,mosaic,0,,off~C1+,3.58,1,0,0,0,3,3,8
bravely,bravely,0,,off~C2,3.27,1,0,1,0,2,2,8
hazardous,hazardous,0,,off~C1+,3.71,1,0,1,0,2,2,8
fork,fork,0,,A2,4.03,1,0,0,0,3,3,8
random,random,0,,B2,4.58,1,0,0,0,3,3,8
mutual,mutual,0,,C1,4.26,1,0,1,0,2,2,8
pure,pure,0,,B2,4.64,1,0,0,0,3,4,8
deliberately,deliberately,0,,B2,4.02,1,1,0,0,4,4,8
dilemma,dilemma,0,,C1,3.73,1,0,1,0,2,2,8
criterion,criterion,0,,B2,4.21,1,0,1,0,2,2,8
aboard,aboard,0,,off~C1,4.14,1,0,0,0,4,4,8
populous,populous,0,,off~C2,3.41,1,0,1,0,2,2,8
intention,intention,0,,B1,4.33,1,0,0,0,4,4,8
division,division,0,,B2,4.86,1,0,1,0,2,2,8
enigma,enigma,0,,off~C2,3.24,1,1,0,0,2,3,8
fragrant,fragrant,0,,off~C2,3.21,1,0,1,0,2,2,8
deficient,deficient,0,,off~C2,3.33,1,0,1,0,2,2,8
tight,tight,0,,B1,4.57,1,0,0,0,4,4,8
selection,selection,0,,B2,4.62,1,0,0,0,3,3,8
pot,pot,0,,B1,4.4,1,0,0,0,3,3,8
principally,principally,0,,off~C2,3.4,1,1,1,0,2,2,8
district,district,0,,B2,5.04,1,1,0,0,3,3,8
filter,filter,0,,C1,4.28,1,0,0,0,2,3,8
tarnish,tarnish,0,,off~C2,2.95,1,0,1,0,2,2,8
plunder,plunder,0,,off~C2,3.1,1,1,0,0,2,3,8
inflexible,inflexible,0,,off~C2,2.89,1,0,1,0,2,2,8
meanwhile,meanwhile,0,,B1,4.48,1,0,0,0,4,4,8
extravagant,extravagant,0,,off~C2,3.4,1,1,1,0,2,2,8
restraint,restraint,0,,C1,3.64,1,0,1,0,2,2,8
quest,quest,0,,C1,4.27,1,1,0,1,2,3,8
innocence,innocence,0,,off~C1+,3.83,1,0,0,0,2,3,8
bulk,bulk,0,,C1,4.19,1,0,1,0,2,2,8
fraud,fraud,0,,B2,4.37,1,0,0,0,2,3,8
wrath,wrath,0,,off~C1+,3.7,1,0,1,0,2,2,8
cough,cough,0,,off~C1+,3.95,1,0,0,0,3,3,8
silently,silently,0,,off~C1+,3.58,1,0,0,0,2,4,8
swell,swell,0,,off~C1+,3.64,1,1,1,0,2,2,8
discern,discern,0,,off~C2,3.23,1,0,1,0,2,2,8
behold,behold,0,,off~C1+,3.76,1,0,1,0,2,2,8
retrieve,retrieve,0,,C1,3.69,1,0,0,0,3,3,8
monologue,monologue,0,,off~C2,3.27,1,0,0,0,2,4,8
badge,badge,0,,B2,4.02,1,0,0,0,2,4,8
renounce,renounce,0,,off~C2,3.19,1,0,1,0,2,2,8
sensor,sensor,0,,off~C1+,3.93,1,0,0,0,2,7,8
refuge,refuge,0,,C1,3.91,1,1,0,0,3,5,8
adverse,adverse,0,,C1,3.89,1,0,1,0,2,2,8
edit,edit,0,,B2,4.31,1,0,1,0,2,2,8
suspicious,suspicious,0,,C1,4.09,1,0,0,0,3,3,8
consistently,consistently,0,,B2,4.24,1,1,1,0,2,2,8
eloquent,eloquent,0,,off~C2,3.21,1,0,1,0,2,2,8
craft,craft,0,,B2,4.3,1,0,0,0,2,5,8
gradual,gradual,0,,off~C1+,3.67,1,0,1,0,2,2,8
defective,defective,0,,off~C1+,3.57,1,1,0,0,2,9,8
idealize,idealize,0,,off~C2,2.94,1,1,1,0,2,2,8
security,security,1,security,B1,5.2,1,0,0,0,3,3,8
encompass,encompass,0,,C1,3.41,1,0,1,0,2,2,8
league,league,0,,B2,5.13,1,0,0,0,2,7,8
vendor,vendor,0,,off~C1+,3.79,1,1,0,0,2,4,8
evacuate,evacuate,0,,C1,3.66,1,0,1,0,2,2,8
plunge,plunge,0,,C1,3.49,1,1,0,0,2,3,8
sprawl,sprawl,0,,off~C2,3.19,1,0,1,0,2,2,8
stubborn,stubborn,0,,off~C1+,3.76,1,0,1,0,2,2,8
revere,revere,0,,off~C2,3.34,1,0,1,0,2,2,8
delicacy,delicacy,0,,off~C2,3.18,1,1,0,0,2,3,8
fraction,fraction,0,,B2,3.96,1,1,1,0,2,2,8
mandatory,mandatory,0,,C1,4.13,1,0,1,0,2,2,8
subscribe,subscribe,0,,off~C1,4.02,1,0,1,0,2,2,8
provision,provision,0,,C1,4.14,1,0,1,0,2,2,8
emblematic,emblematic,0,,off~C2,2.87,1,0,1,0,2,2,8
credible,credible,0,,C1,3.77,1,0,1,0,2,2,8
suction,suction,0,,off~C2,3.36,1,0,0,0,2,7,8
hesitant,hesitant,0,,off~C2,3.41,1,0,1,0,2,2,8
shortcoming,shortcoming,0,,off~C2,3.45,1,0,0,1,2,3,8
extravagance,extravagance,0,,off~C2,2.81,1,0,0,0,2,3,8
exploitation,exploitation,0,,C1,3.84,1,0,1,0,2,2,8
sanitary,sanitary,0,,off~C2,3.37,1,0,0,0,2,4,8
script,script,0,,B1,4.36,1,1,0,0,2,5,8
overturn,overturn,0,,C1,3.49,1,0,1,0,2,2,8
polite,polite,0,,A2,3.92,1,0,0,0,2,3,8
hiatus,hiatus,0,,off~C2,3.49,1,0,1,0,2,2,8
misplace,misplace,0,,off~C2,3.39,1,0,1,0,2,2,8
simultaneously,simultaneously,0,,C1,4.17,1,0,1,0,2,2,8
quotation,quotation,0,,B1,3.51,1,0,0,1,2,2,7
plummet,plummet,0,,off~C2,2.91,1,1,0,0,3,3,7
pool,pool,0,,A1,4.67,1,0,0,0,2,2,7
fence,fence,0,,B1,4.21,1,0,0,0,3,3,7
brightly,brightly,0,,off~C2,3.44,1,0,0,0,3,3,7
asset,asset,0,,B2,4.56,1,0,0,0,3,3,7
circulation,circulation,0,,C1,3.96,1,0,0,0,3,3,7
discount,discount,0,,B1,4.35,1,0,0,0,3,3,7
albeit,albeit,0,,C1,3.91,1,0,0,0,3,3,7
proudly,proudly,0,,off~C1+,3.71,1,0,0,0,3,3,7
awkwardly,awkwardly,0,,off~C2,3.25,1,1,0,0,2,2,7
curious,curious,0,,B2,4.45,1,0,0,0,3,3,7
rejection,rejection,0,,C1,3.9,1,0,0,0,2,2,7
trophy,trophy,0,,C1,4.17,1,0,0,0,2,2,7
awaken,awaken,0,,off~C2,3.35,1,0,0,0,3,3,7
reply,reply,0,,A2,4.5,1,0,0,0,3,3,7
extension,extension,0,,B2,4.46,1,0,0,0,3,3,7
submerge,submerge,0,,off~C1+,3.51,1,0,0,0,3,3,7
surpass,surpass,0,,off~C1+,3.62,1,1,0,0,3,3,7
confiscate,confiscate,0,,off~C2,3.48,1,0,0,0,3,3,7
span,span,0,,C1,4.07,1,1,0,0,3,3,7
folding,folding,0,,B2,3.7,1,0,0,0,3,8,7
firm,firm,0,,B2,4.79,1,0,0,0,3,4,7
false,false,0,,A1,4.63,1,0,0,0,2,2,7
torment,torment,0,,off~C2,3.36,1,0,0,0,2,2,7
outdated,outdate,0,,off~C1+,3.66,1,0,0,0,2,2,7
flammable,flammable,0,,off~C2,3.17,1,1,0,0,2,2,7
converse,converse,0,,off~C2,3.48,1,0,0,0,2,2,7
generously,generously,0,,off~C2,3.29,1,0,0,0,2,2,7
enroll,enroll,0,,off~C1+,3.92,1,0,0,0,3,3,7
endurance,endurance,0,,off~C1+,3.74,1,0,0,0,3,3,7
consonant,consonant,0,,off~C2,3.09,1,0,0,0,2,2,7
conscience,conscience,0,,C1,3.96,1,1,0,0,3,3,7
management,management,0,,B1,5.13,1,0,0,0,2,2,7
peasant,peasant,0,,C1,3.66,1,0,0,0,2,2,7
etiquette,etiquette,0,,off~C2,3.4,1,0,0,0,2,2,7
privately,privately,0,,off~C1,4.01,1,0,0,0,2,2,7
navigator,navigator,0,,off~C2,3.29,1,0,0,0,3,3,7
endeavor,endeavor,0,,off~C1+,3.56,1,0,0,0,3,3,7
well-balance,well-balance,0,,off~B2,4.74,1,0,0,0,2,2,7
quote,quote,0,,B1,4.51,1,0,0,0,3,3,7
frame,frame,0,,B1,4.58,1,0,0,0,3,3,7
interval,interval,0,,B2,3.77,1,0,0,0,3,3,7
timing,timing,0,,B2,4.29,1,0,0,0,2,2,7
trim,trim,0,,off~C1+,3.89,1,0,0,0,2,2,7
convent,convent,0,,off~C2,3.48,1,0,0,0,2,2,7
pavement,pavement,0,,off~C1+,3.61,1,0,0,0,2,2,7
orphan,orphan,0,,off~C1+,3.58,1,0,0,0,2,2,7
parallel,parallel,0,,B2,4.27,1,0,0,0,3,3,7
fairly,fairly,0,,B1,4.5,1,0,0,0,2,2,7
overstate,overstate,0,,off~C2,2.93,1,0,0,0,3,3,7
debt,debt,0,,B2,4.69,1,0,0,0,3,3,7
battlefield,battlefield,0,,C1,3.93,1,0,0,0,3,3,7
distinctively,distinctively,0,,off~C2,2.76,1,0,0,0,2,2,7
float,float,0,,B2,4.18,1,0,0,0,3,5,7
clue,clue,0,,B1,4.18,1,0,0,0,3,3,7
slightly,slightly,0,,B1,4.75,1,1,0,0,3,4,7
vein,vein,0,,C1,3.77,1,0,0,0,2,2,7
injustice,injustice,0,,C1,3.81,1,1,0,0,2,2,7
formulation,formulation,0,,off~C2,3.48,1,0,0,0,2,2,7
error,error,0,,A2,4.55,1,0,0,0,3,3,7
recollection,recollection,0,,off~C2,3.28,1,0,0,0,2,2,7
insert,insert,0,,B2,4.01,1,0,0,0,3,4,7
fare,fare,0,,B2,3.94,1,0,0,0,3,3,7
litter,litter,0,,B2,3.71,1,0,0,0,3,3,7
exterior,exterior,0,,off~C1+,3.91,1,0,0,0,3,3,7
trivial,trivial,0,,off~C1+,3.66,1,0,0,0,3,3,7
hue,hue,0,,off~C2,3.49,1,1,0,0,3,3,7
donation,donation,0,,B2,4.1,1,0,0,0,2,2,7
apology,apology,0,,B2,4.05,1,0,0,0,3,3,7
ambassador,ambassador,0,,C1,4.35,1,0,0,0,2,2,7
respectable,respectable,0,,off~C1+,3.71,1,0,0,0,2,2,7
glimmer,glimmer,0,,off~C2,3.11,1,0,0,0,3,3,7
interfere,interfere,0,,C1,3.88,1,0,0,0,3,3,7
tame,tame,0,,off~C1+,3.56,1,1,0,0,2,2,7
witty,witty,0,,off~C1+,3.56,1,0,0,0,2,2,7
inhibit,inhibit,0,,C1,3.34,1,0,0,0,3,3,7
hybrid,hybrid,0,,off~C1,4.11,1,0,0,0,3,3,7
fortitude,fortitude,0,,off~C2,3.15,1,0,0,1,2,2,7
contagious,contagious,0,,off~C1+,3.58,1,0,0,0,2,2,7
sparkle,sparkle,0,,off~C1+,3.56,1,0,0,0,2,2,7
cooperative,cooperative,0,,C1,3.86,1,0,0,0,3,3,7
ostentatious,ostentatious,0,,off~C2,2.68,1,0,0,0,2,2,7
inscribe,inscribe,0,,off~C2,3.38,1,1,0,0,3,4,7
obviously,obviously,0,,B1,4.8,1,0,0,0,2,2,7
arid,arid,0,,off~C2,3.37,1,1,0,0,2,2,7
forecaster,forecaster,0,,off~C2,2.43,1,0,0,0,2,2,7
irrigation,irrigation,0,,off~C1+,3.69,1,1,0,0,2,2,7
delete,delete,0,,B2,4.22,1,0,0,0,2,2,7
aviator,aviator,0,,off~C2,2.97,1,0,0,0,2,2,7
brutal,brutal,0,,C1,4.1,1,0,0,0,2,2,7
beg,beg,0,,B2,4.05,1,0,0,0,2,2,6
casually,casually,0,,off~C1+,3.66,1,0,0,0,2,2,6
quarrel,quarrel,0,,off~C2,3.31,1,0,0,0,2,2,6
devour,devour,0,,off~C2,3.17,1,1,0,0,2,2,6
jewel,jewel,0,,off~C1+,3.68,1,0,0,0,2,2,6
fracture,fracture,0,,off~C1+,3.7,1,0,0,0,2,2,6
bullet,bullet,0,,B2,4.24,1,0,0,0,2,2,6
integrity,integrity,0,,C1,4.22,1,0,0,0,2,2,6
intricately,intricately,0,,off~C2,2.73,1,0,0,0,2,2,6
twig,twig,0,,off~C2,3.12,1,0,0,0,2,2,6
beat,beat,0,,A2,5.01,1,0,0,0,2,2,6
captive,captive,0,,off~C1+,3.7,1,0,0,0,2,2,6
sharply,sharply,0,,off~C1+,3.89,1,1,0,0,2,2,6
diversion,diversion,0,,off~C1+,3.51,1,0,0,0,2,2,6
guess,guess,0,,A1,5.17,1,0,0,0,2,2,6
pamper,pamper,0,,off~C2,2.96,1,0,0,0,2,2,6
somehow,somehow,0,,B2,4.53,1,0,0,0,2,2,6
hind,hind,0,,off~C2,3.5,1,1,0,0,2,2,6
undeniable,undeniable,0,,off~C2,3.34,1,0,0,0,2,2,6
nourish,nourish,0,,off~C2,2.9,1,0,0,0,2,2,6
orient,orient,0,,off~C1,4.12,1,1,0,0,2,2,6
visualize,visualize,0,,off~C2,3.27,1,0,0,0,2,2,6
stare,stare,0,,B2,3.91,1,0,0,0,2,2,6
blanket,blanket,0,,B2,4.07,1,1,0,0,2,2,6
drawback,drawback,0,,off~C2,3.21,1,0,0,0,2,2,6
curriculum,curriculum,0,,B2,4.12,1,0,0,0,2,2,6
equilibrium,equilibrium,0,,off~C1+,3.6,1,0,0,0,2,2,6
prophecy,prophecy,0,,off~C1+,3.71,1,0,0,0,2,2,6
mobility,mobility,0,,C1,4.05,1,0,0,0,2,2,6
orally,orally,0,,off~C2,3.12,1,0,0,0,2,2,6
accumulate,accumulate,0,,C1,3.7,1,0,0,0,2,2,6
equalize,equalize,0,,off~C2,2.57,1,0,0,0,2,2,6
outline,outline,0,,B2,3.92,1,0,0,0,2,3,6
narrator,narrator,0,,off~C1+,3.81,1,0,0,0,2,2,6
deliberation,deliberation,0,,off~C2,3.06,1,0,0,0,2,2,6
oppressive,oppressive,0,,off~C2,3.45,1,0,0,0,2,2,6
venom,venom,0,,off~C1+,3.57,1,1,0,0,2,2,6
preservation,preservation,0,,C1,4.01,1,0,0,0,2,2,6
obedience,obedience,0,,off~C2,3.5,1,0,0,0,2,2,6
reflection,reflection,0,,C1,4.17,1,1,0,0,2,2,6
evaluate,evaluate,0,,B2,4.01,1,1,0,0,2,2,6
deception,deception,0,,off~C1+,3.65,1,0,0,0,2,2,6
cargo,cargo,0,,C1,4.19,1,0,0,0,2,2,6
blouse,blouse,0,,off~C2,3.38,1,0,0,0,2,2,6
inclusion,inclusion,0,,C1,4.02,1,0,0,0,2,2,6
accordingly,accordingly,0,,C1,4.02,1,1,0,0,2,2,6
assist,assist,0,,B1,4.42,1,0,0,0,2,2,6
lease,lease,0,,off~C1,4.17,1,0,0,0,2,2,6
escort,escort,0,,off~C1,4.0,1,0,0,0,2,2,6
posture,posture,0,,off~C1+,3.65,1,0,0,0,2,2,6
dismay,dismay,0,,off~C2,3.26,1,0,0,0,2,2,6
philanthropist,philanthropist,0,,off~C2,3.12,1,1,0,0,2,2,6
adhere,adhere,0,,C1,3.57,1,1,0,0,2,2,6
utter,utter,0,,off~C1+,3.85,1,0,0,0,2,2,6
tutor,tutor,0,,off~C1+,3.67,1,0,0,0,2,2,6
consecutive,consecutive,0,,C1,4.18,1,1,0,0,2,2,6
glance,glance,0,,C1,3.91,1,0,0,0,2,2,6
pillage,pillage,0,,off~C2,2.76,1,1,0,0,2,2,6
raw,raw,0,,B2,4.53,1,1,0,0,2,2,6
abrasive,abrasive,0,,off~C2,3.22,1,1,0,0,2,2,6
lavishly,lavishly,0,,off~C2,2.8,1,1,0,0,2,2,6
pilgrimage,pilgrimage,0,,off~C2,3.5,1,1,0,0,2,2,6
distraction,distraction,0,,off~C1+,3.78,1,0,0,0,2,2,6
query,query,0,,C1,3.64,1,0,0,0,2,2,6
fad,fad,0,,off~C2,3.26,1,0,0,0,2,2,6
disclose,disclose,0,,C1,3.84,1,0,0,0,2,2,6
rebellious,rebellious,0,,off~C2,3.36,1,0,0,0,2,2,6
illusion,illusion,0,,B2,3.94,1,0,0,0,2,2,6
stack,stack,0,,off~C1,4.05,1,0,0,0,2,2,6
forge,forge,0,,C1,3.78,1,1,0,0,2,3,6
hilarious,hilarious,0,,B2,4.27,1,0,0,0,2,2,6
drag,drag,0,,B2,4.29,1,0,0,0,2,2,6
insufficient,insufficient,0,,C1,3.77,1,1,0,0,2,2,6
mansion,mansion,0,,off~C1,4.02,1,1,0,0,2,2,6
vigorous,vigorous,0,,off~C2,3.46,1,0,0,0,2,2,6
animate,animate,0,,off~C1,4.07,1,0,0,0,2,2,6
ingest,ingest,0,,off~C2,3.11,1,0,0,0,2,2,6
probe,probe,0,,C1,3.99,1,0,0,0,2,2,6
notorious,notorious,0,,C1,3.83,1,1,0,0,2,2,6
slogan,slogan,0,,B2,3.72,1,1,0,0,2,2,6
lenient,lenient,0,,off~C2,3.13,1,0,0,0,2,2,6
stiff,stiff,0,,B2,3.9,1,0,0,0,2,2,6
sketch,sketch,0,,C1,4.04,1,0,0,0,2,2,6
integral,integral,0,,C1,3.96,1,0,0,0,2,2,6
volunteer,volunteer,0,,B1,4.29,1,0,0,0,2,3,6
openly,openly,0,,B2,4.11,1,0,0,0,2,2,6
alternatively,alternatively,0,,off~C1+,3.81,1,0,0,0,2,2,6
signify,signify,0,,off~C2,3.29,1,0,0,0,2,2,6
glide,glide,0,,off~C2,3.33,1,0,0,0,2,3,6
rally,rally,0,,C1,4.34,1,1,0,0,2,2,6
descent,descent,0,,C1,3.93,1,1,0,0,2,2,6
convincingly,convincingly,0,,off~C2,3.1,1,0,0,0,2,2,6
fool,fool,0,,B2,4.29,1,0,0,0,2,2,6
shadow,shadow,0,,B2,4.44,1,0,0,0,2,2,6
drape,drape,0,,off~C2,3.18,1,0,0,0,2,2,6
shatter,shatter,0,,C1,3.75,1,0,0,0,2,2,6
union,union,0,,B1,5.08,1,0,0,0,2,2,6
outrageous,outrageous,0,,off~C1+,3.77,1,0,0,0,2,2,6
succumb,succumb,0,,off~C2,3.16,1,1,0,0,2,2,6
sustenance,sustenance,0,,off~C2,2.99,1,1,0,0,2,2,6
scrape,scrape,0,,off~C2,3.4,1,0,0,0,2,2,6
stumble,stumble,0,,C1,3.66,1,0,0,0,2,2,6
blink,blink,0,,off~C1+,3.73,1,0,0,0,2,2,6
exaggeration,exaggeration,0,,off~C2,3.3,1,0,0,0,2,2,6
collide,collide,0,,off~C2,3.29,1,0,0,0,2,2,6
brake,brake,0,,off~C1+,3.95,1,0,0,0,2,2,6
scarcely,scarcely,0,,off~C2,3.33,1,0,0,0,2,2,6
barely,barely,0,,B2,4.49,1,0,0,0,2,2,6
accent,accent,0,,B2,4.14,1,0,0,0,2,2,6
prophetic,prophetic,0,,off~C2,3.19,1,0,0,0,2,2,6
elementary,elementary,0,,B2,4.33,1,0,0,0,2,2,6
clutch,clutch,0,,off~C1+,3.88,1,0,0,0,2,2,6
acquaintance,acquaintance,0,,off~C1+,3.55,1,0,0,0,2,2,6
adequately,adequately,0,,B2,3.64,1,0,0,0,2,2,6
deliberate,deliberate,0,,B2,3.82,1,0,0,0,2,2,6
disrepair,disrepair,0,,off~C2,2.79,1,1,0,0,2,2,6
publicity,publicity,0,,B2,4.0,1,0,0,0,2,2,6
glory,glory,0,,C1,4.36,1,1,0,0,2,2,6
strand,strand,0,,C1,3.68,1,1,0,0,2,2,6
tribute,tribute,0,,C1,4.25,1,0,0,0,2,2,6
faithful,faithful,0,,off~C1,4.1,1,0,0,0,2,2,6
simmer,simmer,0,,off~C2,3.27,1,1,0,0,2,2,6
presently,presently,0,,C1,3.72,1,0,0,0,2,2,6
shuffle,shuffle,0,,off~C2,3.49,1,0,0,0,2,2,6
organic,organic,0,,B2,4.4,1,0,0,0,2,2,6
consultation,consultation,0,,C1,4.02,1,0,0,0,2,2,6
outweigh,outweigh,0,,off~C2,3.27,1,0,0,0,2,2,6
guarded,guarde,0,,off~C1+,3.63,1,0,0,0,2,2,6
replenish,replenish,0,,off~C2,3.04,1,0,0,0,2,2,6
marsh,marsh,0,,off~C1+,3.87,1,0,0,0,2,2,6
resolution,resolution,0,,B2,4.59,1,0,0,0,2,3,6
confine,confine,0,,C1,3.82,1,1,0,0,2,2,6
coincidence,coincidence,0,,B2,3.96,1,0,0,0,2,2,6
entrust,entrust,0,,off~C2,3.45,1,0,0,0,2,2,6
sore,sore,0,,off~C1,3.99,1,0,0,0,2,2,6
inconspicuous,inconspicuous,0,,off~C2,2.76,1,1,0,0,2,2,6
severity,severity,0,,off~C1+,3.71,1,0,0,0,2,2,6
mundane,mundane,0,,off~C2,3.43,1,0,0,0,2,2,6
procession,procession,0,,off~C1+,3.57,1,0,0,0,2,2,6
eminence,eminence,0,,off~C2,3.21,1,0,0,0,2,2,6
homeland,homeland,0,,C1,3.95,1,0,0,0,2,2,6
invasive,invasive,0,,off~C1+,3.69,1,0,0,0,2,2,6
hypothesize,hypothesize,0,,off~C2,3.02,1,1,0,0,2,2,6
suspicion,suspicion,0,,C1,3.97,1,0,0,0,2,2,6
recitation,recitation,0,,off~C2,2.9,1,0,0,0,2,2,6
toil,toil,0,,off~C2,3.03,1,1,0,0,2,2,6
pile,pile,0,,B2,4.14,1,0,0,0,2,2,6
adhesive,adhesive,0,,off~C2,3.37,1,0,0,0,2,2,6
livelihood,livelihood,0,,off~C2,3.42,1,0,0,0,2,2,6
invasion,invasion,0,,B2,4.23,1,0,0,0,2,2,6
performer,performer,0,,off~C1+,3.8,1,0,0,0,2,2,6
constituent,constituent,0,,off~C1+,3.73,1,0,0,0,2,2,6
transcend,transcend,0,,off~C2,3.1,1,0,0,0,2,2,6
underline,underline,0,,off~C2,3.1,1,0,0,0,2,2,6
dignify,dignify,0,,off~C2,3.28,1,0,0,0,2,2,6
drill,drill,0,,off~C1,4.09,1,0,0,0,1,1,5
fanatic,fanatic,0,,off~C2,3.23,1,0,0,0,1,1,5
pathetic,pathetic,0,,off~C1,4.11,1,0,0,0,1,1,5
optimistic,optimistic,0,,B2,3.87,1,0,0,0,1,1,5
impersonation,impersonation,0,,off~C2,2.87,1,0,0,0,1,1,5
immunization,immunization,0,,off~C2,3.01,1,1,0,0,1,1,5
diameter,diameter,0,,off~C1,4.08,1,0,0,0,1,1,5
partition,partition,0,,off~C1+,3.67,1,0,0,0,1,1,5
malice,malice,0,,off~C2,3.34,1,0,0,0,1,1,5
nominate,nominate,0,,C1,3.57,1,0,0,0,1,1,5
quarantine,quarantine,0,,off~C1+,3.64,1,1,0,0,1,1,5
inhibition,inhibition,0,,off~C2,3.39,1,0,0,0,1,1,5
courtesy,courtesy,0,,C1,4.13,1,0,0,0,1,1,5
conformity,conformity,0,,off~C2,3.2,1,1,0,0,1,1,5
vigilance,vigilance,0,,off~C2,3.16,1,0,0,0,1,1,5
reverence,reverence,0,,off~C2,3.22,1,0,0,0,1,1,5
wrestle,wrestle,0,,off~C2,3.48,1,0,0,0,1,1,5
immaculately,immaculately,0,,off~C2,2.46,1,0,0,0,1,1,5
relentlessly,relentlessly,0,,off~C2,3.21,1,1,0,0,1,1,5
superficially,superficially,0,,off~C2,2.9,1,0,0,0,1,1,5
luxurious,luxurious,0,,off~C1+,3.55,1,0,0,0,1,1,5
casualty,casualty,0,,C1,3.61,1,0,0,0,1,1,5
expulsion,expulsion,0,,off~C2,3.41,1,0,0,0,1,1,5
assembly,assembly,0,,C1,4.61,1,1,0,0,1,1,5
enact,enact,0,,C1,3.75,1,0,0,0,1,1,5
perspire,perspire,0,,off~C2,2.11,1,0,0,0,1,1,5
jurist,jurist,0,,off~C2,2.7,1,1,0,0,1,1,5
facet,facet,0,,off~C2,3.18,1,0,0,0,1,1,5
defensively,defensively,0,,off~C2,3.28,1,0,0,0,1,1,5
persistent,persistent,0,,C1,3.9,1,0,0,0,1,1,5
possessive,possessive,0,,off~C2,3.17,1,0,0,0,1,1,5
aggravate,aggravate,0,,off~C2,3.47,1,0,0,0,1,1,5
pragmatic,pragmatic,0,,off~C2,3.49,1,1,0,0,1,1,5
unhealthy,unhealthy,0,,off~C1+,3.72,1,0,0,0,1,1,5
static,static,0,,off~C1,4.05,1,0,0,0,1,1,5
moist,moist,0,,off~C1+,3.69,1,0,0,0,1,1,5
taint,taint,0,,off~C2,3.38,1,0,0,0,1,1,5
lure,lure,0,,off~C1+,3.67,1,1,0,0,1,1,5
bake,bake,0,,B1,3.91,1,0,0,0,1,1,5
rewrite,rewrite,0,,off~C2,3.47,1,1,0,0,1,1,5
scar,scar,0,,off~C1+,3.77,1,0,0,0,1,1,5
bond,bond,0,,B2,4.59,1,1,0,0,1,1,5
mist,mist,0,,off~C1+,3.67,1,0,0,0,1,1,5
endow,endow,0,,off~C2,3.41,1,1,0,0,1,1,5
betray,betray,0,,C1,3.42,1,0,0,0,1,1,5
dearly,dearly,0,,off~C2,3.48,1,0,0,0,1,1,5
cupboard,cupboard,0,,A2,3.44,1,0,0,0,1,1,5
irreversible,irreversible,0,,off~C2,3.28,1,0,0,0,1,1,5
pardonable,pardonable,0,,off~C2,1.45,1,0,0,0,1,1,5
comprehensible,comprehensible,0,,off~C2,2.71,1,1,0,0,1,1,5
invisible,invisible,0,,C1,4.09,1,0,0,0,1,1,5
sanctity,sanctity,0,,off~C2,3.04,1,0,0,0,1,1,5
condescend,condescend,0,,off~C2,3.1,1,0,0,0,1,1,5
attentive,attentive,0,,off~C2,3.3,1,0,0,0,1,1,5
heirloom,heirloom,0,,off~C2,2.98,1,0,0,0,1,1,5
whisper,whisper,0,,B2,3.74,1,0,0,0,1,1,5
ladder,ladder,0,,B2,4.03,1,0,0,0,1,1,5
plumber,plumber,0,,off~C2,3.36,1,0,0,0,1,1,5
mournfully,mournfully,0,,off~C2,1.96,1,0,0,0,1,1,5
flawlessly,flawlessly,0,,off~C2,2.92,1,1,0,0,1,1,5
tactfully,tactfully,0,,off~C2,2.36,1,0,0,0,1,1,5
recklessly,recklessly,0,,off~C2,2.99,1,0,0,0,1,1,5
knot,knot,0,,off~C1+,3.72,1,0,0,0,1,1,5
bequeath,bequeath,0,,off~C2,3.02,1,1,0,0,1,1,5
gnaw,gnaw,0,,off~C2,2.56,1,0,0,0,1,1,5
hesitation,hesitation,0,,off~C1+,3.55,1,0,0,0,1,1,5
trust,trust,0,,B2,5.13,1,1,0,0,1,1,5
upgrade,upgrade,0,,C1,4.24,1,0,0,0,1,1,5
session,session,0,,B2,4.72,1,0,0,0,1,1,5
mercilessly,mercilessly,0,,off~C2,2.92,1,0,0,0,1,1,5
tidy,tidy,0,,A2,3.53,1,0,0,0,1,1,5
randomly,randomly,0,,off~C1+,3.97,1,0,0,0,1,1,5
reasonably,reasonably,0,,B2,4.03,1,0,0,0,1,1,5
rudely,rudely,0,,off~C2,2.89,1,0,0,0,1,1,5
consistency,consistency,0,,C1,3.99,1,0,0,0,1,1,5
aspiration,aspiration,0,,C1,3.3,1,0,0,0,1,1,5
prerequisite,prerequisite,0,,off~C2,3.24,1,0,0,0,1,1,5
malfunction,malfunction,0,,off~C2,3.29,1,1,0,0,1,1,5
interject,interject,0,,off~C2,2.37,1,0,0,0,1,1,5
explosive,explosive,0,,C1,3.97,1,0,0,0,1,1,5
subsidy,subsidy,0,,C1,3.74,1,1,0,0,1,1,5
broaden,broaden,0,,off~C2,3.3,1,0,0,0,1,1,5
impartiality,impartiality,0,,off~C2,2.91,1,0,0,0,1,1,5
confiscation,confiscation,0,,off~C2,2.99,1,0,0,0,1,1,5
burning,burning,0,,off~B2,4.5,1,1,0,0,1,1,5
platform,platform,0,,A2,4.67,1,0,0,0,1,1,5
instigate,instigate,0,,off~C2,2.76,1,0,0,0,1,1,5
pretension,pretension,0,,off~C2,2.34,1,0,0,0,1,1,5
persecution,persecution,0,,off~C1+,3.72,1,1,0,0,1,1,5
adjective,adjective,0,,off~C2,3.34,1,0,0,0,1,1,5
lubricate,lubricate,0,,off~C2,2.43,1,0,0,0,1,1,5
sincerity,sincerity,0,,off~C2,3.34,1,0,0,0,1,1,5
relativity,relativity,0,,off~C2,3.34,1,0,0,0,1,1,5
fatality,fatality,0,,off~C2,3.16,1,0,0,0,1,1,5
inhospitable,inhospitable,0,,off~C2,2.76,1,1,0,0,1,1,5
industrious,industrious,0,,off~C2,2.79,1,0,0,0,1,1,5
insistent,insistent,0,,off~C2,3.05,1,0,0,0,1,1,5
deface,deface,0,,off~C2,2.74,1,0,0,0,1,1,5
insensitive,insensitive,0,,off~C2,3.45,1,0,0,0,1,1,5
softly,softly,0,,off~C1+,3.77,1,0,0,0,1,1,5
faultlessly,faultlessly,0,,off~C2,1.71,1,0,0,0,1,1,5
peculiarly,peculiarly,0,,off~C2,2.61,1,0,0,0,1,1,5
guidance,guidance,0,,C1,4.33,1,1,0,0,1,1,5
exhaustion,exhaustion,0,,off~C2,3.49,1,0,0,0,1,1,5
yarn,yarn,0,,off~C1+,3.6,1,0,0,0,1,1,5
sensibly,sensibly,0,,off~C2,2.93,1,0,0,0,1,1,5
blast,blast,0,,C1,4.32,1,0,0,0,1,1,5
hoard,hoard,0,,off~C2,3.23,1,1,0,0,1,1,5
manually,manually,0,,off~C1+,3.7,1,0,0,0,1,1,5
menace,menace,0,,off~C1+,3.54,1,0,0,0,1,1,5
wither,wither,0,,off~C2,3.02,1,1,0,0,1,1,5
persistence,persistence,0,,off~C1+,3.51,1,0,0,0,1,1,5
triumph,triumph,0,,C1,3.96,1,0,0,0,1,1,5
affectionate,affectionate,0,,off~C2,3.35,1,0,0,0,1,1,5
pluck,pluck,0,,off~C2,3.13,1,0,0,0,1,1,5
growl,growl,0,,off~C2,3.14,1,0,0,0,1,1,5
memorize,memorize,0,,off~C2,3.22,1,0,0,0,1,1,5
bandage,bandage,0,,off~C2,3.24,1,0,0,0,1,1,5
patiently,patiently,0,,off~C2,3.48,1,0,0,0,1,1,5
falsely,falsely,0,,off~C1+,3.61,1,0,0,0,1,1,5
absent,absent,0,,C1,3.98,1,0,0,0,1,1,5
preposterous,preposterous,0,,off~C2,3.13,1,0,0,0,1,1,5
ferocious,ferocious,0,,off~C2,3.21,1,1,0,0,1,1,5
superfluous,superfluous,0,,off~C2,3.0,1,0,0,0,1,1,5
backward,backward,0,,off~C1+,3.71,1,0,0,0,1,1,5
overgrown,overgrow,0,,off~C2,3.12,1,0,0,0,1,1,5
nail,nail,0,,B1,4.21,1,0,0,0,1,1,5
hypocrite,hypocrite,0,,off~C2,3.4,1,0,0,0,1,1,5
rehearsal,rehearsal,0,,off~C1+,3.68,1,0,0,0,1,1,5
assignment,assignment,0,,B1,4.18,1,0,0,0,1,1,5
ill-fated,ill-fated,0,,off~C2,3.18,1,1,0,0,1,1,5
instinctively,instinctively,0,,off~C2,3.25,1,0,0,0,1,1,5
desperately,desperately,0,,B2,3.98,1,0,0,0,1,1,5
literal,literal,0,,off~C1+,3.77,1,0,0,0,1,1,5
poles,poles,0,,off~C1+,3.88,1,0,0,0,1,1,5
rumor,rumor,0,,off~C1,4.01,1,0,0,0,1,1,5
indulgence,indulgence,0,,off~C2,3.19,1,0,0,0,1,1,5
illumination,illumination,0,,off~C2,3.35,1,0,0,0,1,1,5
allusion,allusion,0,,off~C2,2.94,1,0,0,0,1,1,5
ascension,ascension,0,,off~C2,3.34,1,1,0,0,1,1,5
colonialist,colonialist,0,,off~C2,2.44,1,0,0,0,1,1,5
lobbyist,lobbyist,0,,off~C2,3.1,1,0,0,0,1,1,5
pluralist,pluralist,0,,off~C2,2.24,1,0,0,0,1,1,5
authorize,authorize,0,,C1,3.38,1,0,0,0,1,1,5
earnestly,earnestly,0,,off~C2,2.87,1,0,0,0,1,1,5
furiously,furiously,0,,off~C2,3.19,1,0,0,0,1,1,5
acutely,acutely,0,,off~C2,3.13,1,0,0,0,1,1,5
priority,priority,0,,B2,4.41,1,0,0,0,1,1,5
taut,taut,0,,off~C2,2.91,1,0,0,0,1,1,5
drab,drab,0,,off~C2,3.01,1,0,0,0,1,1,5
nausea,nausea,0,,off~C1+,3.54,1,0,0,0,1,1,5
inaugurate,inaugurate,0,,off~C2,3.32,1,1,0,0,1,1,5
charity,charity,0,,A2,4.45,1,0,0,0,1,1,5
productive,productive,0,,C1,4.22,1,1,0,0,1,1,5
replica,replica,0,,off~C1+,3.67,1,1,0,0,1,1,5
culprit,culprit,0,,off~C2,3.4,1,0,0,0,1,1,5
outlast,outlast,0,,off~C2,2.81,1,0,0,0,1,1,5
skyrocket,skyrocket,0,,off~C2,2.88,1,1,0,0,1,1,5
flaunt,flaunt,0,,off~C2,2.92,1,0,0,0,1,1,5
grimace,grimace,0,,off~C2,2.61,1,0,0,0,1,1,5
lull,lull,0,,off~C2,3.08,1,0,0,0,1,1,5
mercifully,mercifully,0,,off~C2,2.65,1,0,0,0,1,1,5
malicious,malicious,0,,off~C1+,3.67,1,0,0,0,1,1,5
maternal,maternal,0,,off~C1+,3.77,1,0,0,0,1,1,5
generosity,generosity,0,,off~C1+,3.62,1,0,0,0,1,1,5
intolerable,intolerable,0,,off~C2,3.17,1,0,0,0,1,1,5
indifferent,indifferent,0,,off~C2,3.44,1,0,0,0,1,1,5
kneel,kneel,0,,off~C2,3.32,1,0,0,0,1,1,5
radiant,radiant,0,,off~C2,3.49,1,0,0,0,1,1,5
impartially,impartially,0,,off~C2,2.43,1,0,0,0,1,1,5
valiantly,valiantly,0,,off~C2,2.63,1,0,0,0,1,1,5
morbid,morbid,0,,off~C2,3.26,1,0,0,0,1,1,5
selective,selective,0,,C1,3.88,1,0,0,0,1,1,5
shrug,shrug,0,,C1,3.3,1,0,0,0,1,1,5
alternately,alternately,0,,off~C2,3.22,1,0,0,0,1,1,5
viciously,viciously,0,,off~C2,2.93,1,0,0,0,1,1,5
competent,competent,0,,C1,3.92,1,0,0,0,1,1,5
fraudulent,fraudulent,0,,off~C1+,3.61,1,0,0,0,1,1,5
digression,digression,0,,off~C2,2.25,1,0,0,0,1,1,5
idol,idol,0,,off~C1+,3.94,1,0,0,0,1,1,5
withhold,withhold,0,,off~C2,3.28,1,0,0,0,1,1,5
overwhelm,overwhelm,0,,C1,3.15,1,0,0,0,1,1,5
agile,agile,0,,off~C2,3.41,1,1,0,0,1,1,5
cordial,cordial,0,,off~C2,3.1,1,0,0,0,1,1,5
foolishly,foolishly,0,,off~C2,2.96,1,0,0,0,1,1,5
submissive,submissive,0,,off~C2,3.25,1,0,0,0,1,1,5
intuition,intuition,0,,off~C1+,3.54,1,0,0,0,1,1,5
rotation,rotation,0,,C1,4.08,1,0,0,0,1,1,5
punishment,punishment,0,,B1,4.34,1,0,0,0,1,1,5
confession,confession,0,,C1,3.88,1,0,0,0,1,1,5
formula,formula,0,,C1,4.45,1,0,0,0,1,1,5
prosecute,prosecute,0,,C1,3.54,1,0,0,0,1,1,5
incompetent,incompetent,0,,off~C1+,3.65,1,0,0,0,1,1,5
explode,explode,0,,B1,3.8,1,0,0,0,1,1,5
mend,mend,0,,off~C2,3.33,1,0,0,0,1,1,5
fuse,fuse,0,,off~C1+,3.62,1,0,0,0,1,1,5
responsibly,responsibly,0,,off~C2,3.24,1,0,0,0,1,1,5
restrictive,restrictive,0,,off~C1+,3.54,1,0,0,0,1,1,5
vertical,vertical,0,,B2,4.15,1,0,0,0,1,1,5
inference,inference,0,,off~C2,3.25,1,0,0,0,1,1,5
adoption,adoption,0,,C1,4.17,1,0,0,0,1,1,5
file,file,0,,B1,4.75,1,0,0,0,1,1,5
thereafter,thereafter,0,,C1,3.97,1,1,0,0,1,1,5
wherein,wherein,0,,off~C1+,3.78,1,0,0,0,1,1,5
entangle,entangle,0,,off~C2,3.18,1,1,0,0,1,1,5
preoccupied,preoccupy,0,,off~C2,3.26,1,0,0,0,1,1,5
unjustly,unjustly,0,,off~C2,2.93,1,0,0,0,1,1,5
passively,passively,0,,off~C2,3.01,1,0,0,0,1,1,5
improvise,improvise,0,,off~C2,3.37,1,0,0,0,1,1,5
impeccable,impeccable,0,,off~C2,3.25,1,0,0,0,1,1,5
implausible,implausible,0,,off~C2,2.88,1,0,0,0,1,1,5
obstinate,obstinate,0,,off~C2,2.73,1,0,0,0,1,1,5
vigilant,vigilant,0,,off~C2,3.34,1,0,0,0,1,1,5
figurative,figurative,0,,off~C2,3.12,1,0,0,0,1,1,5
remorseful,remorseful,0,,off~C2,2.6,1,0,0,0,1,1,5
flake,flake,0,,off~C2,3.38,1,0,0,0,1,1,5
poll,poll,0,,C1,4.35,1,0,0,0,1,1,5
conceive,conceive,0,,C1,3.87,1,1,0,0,1,1,5
intent,intent,0,,C1,4.28,1,0,0,0,1,1,5
privileged,privileged,0,,off~C1+,3.81,1,0,0,0,1,1,5
renovate,renovate,0,,off~C1+,3.56,1,0,0,0,1,1,5
jovial,jovial,0,,off~C2,2.74,1,0,0,0,1,1,5
thrust,thrust,0,,off~C1+,3.86,1,0,0,0,1,1,5
famine,famine,0,,off~C1+,3.61,1,1,0,0,1,1,5
grievance,grievance,0,,off~C2,3.39,1,0,0,0,1,1,5
meadow,meadow,0,,off~C1+,3.6,1,0,0,0,1,1,5
banquet,banquet,0,,off~C1+,3.59,1,1,0,0,1,1,5
diction,diction,0,,off~C2,2.71,1,0,0,0,1,1,5
junction,junction,0,,C1,3.94,1,1,0,0,1,1,5
acceleration,acceleration,0,,off~C1+,3.73,1,0,0,0,1,1,5
meek,meek,0,,off~C2,3.32,1,0,0,0,1,1,5
recuperate,recuperate,0,,off~C2,2.73,1,0,0,0,1,1,5
doubtful,doubtful,0,,off~C1+,3.52,1,0,0,0,1,1,5
timeless,timeless,0,,off~C1+,3.53,1,1,0,0,1,1,5
joyful,joyful,0,,off~C2,3.4,1,0,0,0,1,1,5
fearless,fearless,0,,off~C1+,3.55,1,0,0,0,1,1,5
mourn,mourn,0,,off~C2,3.43,1,1,0,0,1,1,5
fleet,fleet,0,,C1,4.33,1,1,0,0,1,1,5
collar,collar,0,,off~C1,4.04,1,0,0,0,1,1,5
disqualify,disqualify,0,,off~C2,3.44,1,1,0,0,1,1,5
disfigure,disfigure,0,,off~C2,2.93,1,0,0,0,1,1,5
disarm,disarm,0,,off~C2,3.21,1,0,0,0,1,1,5
extinguish,extinguish,0,,off~C2,3.19,1,1,0,0,1,1,5
commotion,commotion,0,,off~C2,3.13,1,0,0,0,1,1,5
gravitate,gravitate,0,,off~C2,2.87,1,0,0,0,1,1,5
inaccuracy,inaccuracy,0,,off~C2,2.77,1,0,0,0,1,1,5
void,void,0,,off~C1,4.01,1,0,0,0,1,1,5
soften,soften,0,,off~C2,3.36,1,0,0,0,1,1,5
confrontation,confrontation,0,,C1,3.72,1,0,0,0,1,1,5
recollect,recollect,0,,off~C2,2.69,1,0,0,0,1,1,5
alteration,alteration,0,,off~C1+,3.54,1,1,0,0,1,1,5
acquittal,acquittal,0,,off~C2,3.04,1,0,0,0,1,1,5
pitifully,pitifully,0,,off~C2,2.34,1,0,0,0,1,1,5
gently,gently,0,,off~C1,4.08,1,0,0,0,1,1,5
cautiously,cautiously,0,,off~C2,3.32,1,0,0,0,1,1,5
framework,framework,0,,B2,4.29,1,0,0,0,1,1,5
amend,amend,0,,C1,3.55,1,0,0,0,1,1,5
occupant,occupant,0,,off~C2,3.46,1,0,0,0,1,1,5
regrettable,regrettable,0,,off~C2,2.96,1,0,0,0,1,1,5
renewable,renewable,0,,off~C1+,3.91,1,1,0,0,1,1,5
pretence,pretence,0,,off~C2,2.73,1,0,0,0,1,1,5
secretive,secretive,0,,off~C2,3.26,1,0,0,0,1,1,5
tightly,tightly,0,,off~C1+,3.76,1,0,0,0,1,1,5
accumulation,accumulation,0,,C1,3.59,1,0,0,0,1,1,5
skirmish,skirmish,0,,off~C2,3.06,1,1,0,0,1,1,5
inventory,inventory,0,,off~C1,4.14,1,0,0,0,1,1,5
flare,flare,0,,off~C1+,3.64,1,0,0,0,1,1,5
gloat,gloat,0,,off~C2,2.62,1,0,0,0,1,1,5
feud,feud,0,,off~C1+,3.62,1,0,0,0,1,1,5
intrude,intrude,0,,off~C2,2.81,1,0,0,0,1,1,5
loyally,loyally,0,,off~C2,2.44,1,0,0,0,1,1,5
mischief,mischief,0,,off~C2,3.36,1,0,0,0,1,1,5
ferocity,ferocity,0,,off~C2,2.9,1,0,0,0,1,1,5
decompose,decompose,0,,off~C2,2.75,1,1,0,0,1,1,5
deflate,deflate,0,,off~C2,2.61,1,0,0,0,1,1,5
mild,mild,0,,B1,4.11,1,1,0,0,1,1,5
grief,grief,0,,C1,4.08,1,0,0,0,1,1,5
vacant,vacant,0,,off~C1+,3.8,1,1,0,0,1,1,5
considerably,considerably,0,,B2,4.0,1,1,0,0,1,1,5
preferably,preferably,0,,off~C1+,3.71,1,0,0,0,1,1,5
contemplative,contemplative,0,,off~C2,2.89,1,0,0,0,1,1,5
fictitious,fictitious,0,,off~C2,3.25,1,0,0,0,1,1,5
discriminatory,discriminatory,0,,off~C2,3.46,1,1,0,0,1,1,5
flip,flip,0,,off~C1,4.2,1,0,0,0,1,1,5
precept,precept,0,,off~C2,2.83,1,0,0,0,1,1,5
cackle,cackle,0,,off~C2,2.41,1,1,0,0,1,1,5
scissors,scissors,0,,off~C1+,3.58,1,0,0,0,1,1,5
erroneously,erroneously,0,,off~C2,3.08,1,0,0,0,1,1,5
abusive,abusive,0,,off~C1+,3.87,1,0,0,0,1,1,5
commend,commend,0,,off~C2,3.3,1,0,0,0,1,1,5
passionate,passionate,0,,B2,4.09,1,0,0,0,1,1,5
tempt,tempt,0,,C1,3.22,1,0,0,0,1,1,5
memorial,memorial,0,,C1,4.41,1,1,0,0,1,1,5
enrichment,enrichment,0,,off~C1+,3.52,1,0,0,0,1,1,5
leakage,leakage,0,,off~C2,3.24,1,0,0,0,1,1,5
fondly,fondly,0,,off~C2,3.2,1,1,0,0,1,1,5
hasty,hasty,0,,off~C2,3.29,1,0,0,0,1,1,5
feasible,feasible,0,,off~C1+,3.72,1,1,0,0,1,1,5
inadmissible,inadmissible,0,,off~C2,2.77,1,0,0,0,1,1,5
inseparable,inseparable,0,,off~C2,3.13,1,0,0,0,1,1,5
matriarchal,matriarchal,0,,off~C2,2.27,1,0,0,0,1,1,5
superficial,superficial,0,,off~C1+,3.56,1,0,0,0,1,1,5
coincidental,coincidental,0,,off~C2,2.95,1,0,0,0,1,1,5
limp,limp,0,,off~C2,3.43,1,0,0,0,1,1,5
suggestive,suggestive,0,,off~C2,3.21,1,1,0,0,1,1,5
affinity,affinity,0,,off~C1+,3.61,1,0,0,0,1,1,5
disparity,disparity,0,,off~C2,3.42,1,1,0,0,1,1,5
cradle,cradle,0,,off~C2,3.5,1,0,0,0,1,1,5
assessment,assessment,0,,B2,4.46,1,1,0,0,1,1,5
audacious,audacious,0,,off~C2,2.95,1,1,0,0,1,1,5
retroactive,retroactive,0,,off~C2,2.92,1,0,0,0,1,1,5
fuss,fuss,0,,off~C1+,3.62,1,0,0,0,1,1,5
stimulus,stimulus,0,,C1,3.82,1,1,0,0,1,1,5
alumnus,alumnus,0,,off~C1+,3.89,1,0,0,0,1,1,5
advertise,advertise,0,,A2,3.75,1,0,0,0,1,1,5
anthem,anthem,0,,off~C1+,3.91,1,1,0,0,1,1,5
slice,slice,0,,B1,4.0,1,1,0,0,1,1,5
disinterest,disinterest,0,,off~C2,2.56,1,0,0,0,1,1,5
distaste,distaste,0,,off~C2,2.92,1,0,0,0,1,1,5
shudder,shudder,0,,off~C2,3.11,1,0,0,0,1,1,5
fend,fend,0,,off~C2,3.21,1,1,0,0,1,1,5
bask,bask,0,,off~C2,2.93,1,0,0,0,1,1,5
revision,revision,0,,B2,3.82,1,0,0,0,1,1,5
prodigy,prodigy,0,,off~C2,3.25,1,1,0,0,1,1,5
complacent,complacent,0,,off~C2,3.19,1,0,0,0,1,1,5
pilgrim,pilgrim,0,,off~C2,3.48,1,1,0,0,1,1,5
juror,juror,0,,off~C2,3.46,1,0,0,0,1,1,5
mediator,mediator,0,,off~C2,3.29,1,0,0,0,1,1,5
confess,confess,0,,B2,3.82,1,0,0,0,1,1,5
grudge,grudge,0,,off~C2,3.33,1,1,0,0,1,1,5
revelation,revelation,0,,C1,3.96,1,0,0,0,1,1,5
eviction,eviction,0,,off~C2,3.41,1,0,0,0,1,1,5
oration,oration,0,,off~C2,2.6,1,1,0,0,1,1,5
escalation,escalation,0,,off~C2,3.32,1,0,0,0,1,1,5
tracing,tracing,0,,off~C1+,3.56,1,0,0,0,1,1,5
compliment,compliment,0,,off~C1+,3.91,1,0,0,0,1,1,5
swore,sweare,0,,off~C1+,3.53,1,0,0,0,1,1,5
ripple,ripple,0,,off~C2,3.41,1,0,0,0,1,1,5
abstinence,abstinence,0,,off~C2,3.18,1,0,0,0,1,1,5
pry,pry,0,,off~C2,3.08,1,0,0,0,1,1,5
soak,soak,0,,C1,3.61,1,0,0,0,1,1,5
pause,pause,0,,B2,4.0,1,0,0,0,1,1,5
oblivious,oblivious,0,,off~C2,3.31,1,0,0,0,1,1,5
insure,insure,0,,off~C1+,3.69,1,0,0,0,1,1,5
zealous,zealous,0,,off~C2,2.99,1,0,0,0,1,1,5
premature,premature,0,,off~C1+,3.7,1,0,0,0,1,1,5
abrupt,abrupt,0,,off~C2,3.38,1,0,0,0,1,1,5
valid,valid,0,,B2,4.38,1,0,0,0,1,1,5
clip,clip,0,,B2,4.26,1,0,0,0,1,1,5
dwell,dwell,0,,off~C1+,3.57,1,0,0,0,1,1,5
adept,adept,0,,off~C2,3.33,1,0,0,0,1,1,5
tedious,tedious,0,,off~C2,3.5,1,1,0,0,1,1,5
amorous,amorous,0,,off~C2,2.76,1,0,0,0,1,1,5
subtraction,subtraction,0,,off~C2,2.91,1,1,0,0,1,1,5
fanciful,fanciful,0,,off~C2,2.97,1,0,0,0,1,1,5
resourceful,resourceful,0,,off~C2,3.08,1,0,0,0,1,1,5
tolerable,tolerable,0,,off~C2,3.11,1,0,0,0,1,1,5
shortcut,shortcut,0,,off~C2,3.35,1,0,0,0,1,1,5
standby,standby,0,,off~C2,3.42,1,0,0,0,1,1,5
obstruct,obstruct,0,,off~C2,3.09,1,0,0,0,1,1,5
vocation,vocation,0,,off~C2,3.2,1,0,0,0,1,1,5
pedestal,pedestal,0,,off~C2,3.35,1,0,0,0,1,1,5
revenge,revenge,0,,C1,4.28,1,0,0,0,1,1,5
needlessly,needlessly,0,,off~C2,3.06,1,0,0,0,1,1,5
suitably,suitably,0,,off~C2,3.13,1,1,0,0,1,1,5
pension,pension,0,,B2,4.22,1,0,0,0,1,1,5
ordeal,ordeal,0,,off~C2,3.47,1,0,0,0,1,1,5
prohibitive,prohibitive,0,,off~C2,2.95,1,0,0,0,1,1,5
enumerate,enumerate,0,,off~C2,2.4,1,0,0,0,1,1,5
luckily,luckily,0,,off~C1+,3.92,1,0,0,0,1,1,5
faithfully,faithfully,0,,off~C2,3.27,1,1,0,0,1,1,5
morally,morally,0,,off~C1+,3.63,1,0,0,0,1,1,5
intercept,intercept,0,,off~C1+,3.57,1,0,0,0,1,1,5
moisture,moisture,0,,off~C1+,3.9,1,1,0,0,1,1,5
arbitrary,arbitrary,0,,C1,3.85,1,0,0,0,1,1,5
ordinarily,ordinarily,0,,off~C2,3.26,1,1,0,0,1,1,5
deterioration,deterioration,0,,off~C2,3.43,1,1,0,0,1,1,5
unify,unify,0,,C1,3.87,1,0,0,0,1,1,5
prioritize,prioritize,0,,off~C2,3.31,1,0,0,0,1,1,5
embroiled,embroil,0,,off~C2,2.97,1,1,0,0,1,1,5
dejected,deject,0,,off~C2,2.77,1,0,0,0,1,1,5
gnarled,gnarl,0,,off~C2,2.37,1,0,0,0,1,1,5
clench,clench,0,,off~C2,2.91,1,1,0,0,1,1,5
glaze,glaze,0,,off~C2,3.34,1,0,0,0,1,1,5
expire,expire,0,,C1,3.81,1,0,0,0,1,1,5
confide,confide,0,,off~C2,2.98,1,0,0,0,1,1,5
substitution,substitution,0,,C1,3.41,1,0,0,0,1,1,5
narrowly,narrowly,0,,off~C1+,3.65,1,0,0,0,1,1,5
honestly,honestly,0,,off~B2,4.69,1,0,0,0,1,1,5
hub,hub,0,,off~C1,4.08,1,1,0,0,1,1,5
retaliate,retaliate,0,,off~C2,3.1,1,0,0,0,1,1,5
coherence,coherence,0,,off~C2,3.09,1,0,0,0,1,1,5
prune,prune,0,,off~C2,2.96,1,0,0,0,1,1,5
fantasize,fantasize,0,,off~C2,2.82,1,0,0,0,1,1,5
uprising,uprising,0,,off~C1+,3.74,1,1,0,0,1,1,5
supervise,supervise,0,,C1,3.32,1,0,0,0,1,1,5
swear,swear,0,,B2,4.51,1,0,0,0,1,1,5
undo,undo,0,,off~C1+,3.57,1,0,0,0,1,1,5
placid,placid,0,,off~C2,3.01,1,0,0,0,1,1,5
idle,idle,0,,off~C1+,3.7,1,0,0,0,1,1,5
amiable,amiable,0,,off~C2,2.84,1,0,0,0,1,1,5
deprive,deprive,0,,C1,3.69,1,0,0,0,1,1,5
protrude,protrude,0,,off~C2,2.49,1,0,0,0,1,1,5
wrongly,wrongly,0,,off~C2,3.46,1,1,0,0,1,1,5
subsidize,subsidize,0,,off~C2,2.93,1,1,0,0,1,1,5
bait,bait,0,,off~C1+,3.85,1,0,0,0,1,1,5
shear,shear,0,,off~C2,3.4,1,1,0,0,1,1,5
precedent,precedent,0,,C1,3.78,1,0,0,0,1,1,5
portfolio,portfolio,0,,C1,4.15,1,0,0,0,1,1,5
repressive,repressive,0,,off~C2,3.08,1,1,0,0,1,1,5
heighten,heighten,0,,C1,3.47,1,0,0,0,1,1,5
tasteful,tasteful,0,,off~C2,3.0,1,0,0,0,1,1,5
straighten,straighten,0,,off~C2,3.27,1,0,0,0,1,1,5
reciprocal,reciprocal,0,,off~C2,3.22,1,0,0,0,1,1,5
reconstructive,reconstructive,0,,off~C2,2.85,1,1,0,0,1,1,5
retroactively,retroactively,0,,off~C2,2.94,1,0,0,0,1,1,5
disproportionately,disproportionately,0,,off~C2,3.3,1,1,0,0,1,1,5
residually,residually,0,,off~C2,1.08,1,0,0,0,1,1,5
pardon,pardon,0,,off~C1+,3.82,1,0,0,0,1,1,5
fluid,fluid,0,,C1,4.22,1,0,0,0,1,1,5
competence,competence,0,,C1,3.58,1,0,0,0,1,1,5
slay,slay,0,,off~C1+,3.54,1,1,0,0,1,1,5
wring,wring,0,,off~C2,2.75,1,0,0,0,1,1,5
inversion,inversion,0,,off~C2,3.26,1,0,0,0,1,1,5
abstention,abstention,0,,off~C2,2.51,1,0,0,0,1,1,5
discretion,discretion,0,,C1,3.9,1,0,0,0,1,1,5
tighten,tighten,0,,C1,3.51,1,0,0,0,1,1,5
unit,unit,0,,A2,4.95,1,1,0,0,1,1,5
epoch,epoch,0,,off~C2,3.19,1,1,0,0,1,1,5
summit,summit,0,,C1,4.3,1,0,0,0,1,1,5
nucleus,nucleus,0,,off~C1+,3.59,1,0,0,0,1,1,5
paternal,paternal,0,,off~C2,3.26,1,0,0,0,1,1,5
diagonal,diagonal,0,,off~C2,3.36,1,0,0,0,1,1,5
adjourn,adjourn,0,,off~C2,2.71,1,0,0,0,1,1,5
grab,grab,0,,B2,4.52,1,0,0,0,1,1,5
fallout,fallout,0,,off~C1+,3.69,1,0,0,0,1,1,5
overpay,overpay,0,,off~C2,2.9,1,0,0,0,1,1,5
overjoyed,overjoy,0,,off~C2,2.97,1,0,0,0,1,1,5
inherent,inherent,0,,C1,3.83,1,0,0,0,1,1,5
eternal,eternal,0,,C1,4.11,1,0,0,0,1,1,5
amicable,amicable,0,,off~C2,2.97,1,1,0,0,1,1,5
lodge,lodge,0,,off~C1,4.08,1,0,0,0,1,1,5
instructive,instructive,0,,off~C2,2.98,1,0,0,0,1,1,5
apparatus,apparatus,0,,C1,3.78,1,0,0,0,1,1,5
skeleton,skeleton,0,,off~C1+,3.8,1,0,0,0,1,1,5
mentor,mentor,0,,C1,3.93,1,0,0,0,1,1,5
orator,orator,0,,off~C2,2.9,1,1,0,0,1,1,5
notify,notify,0,,C1,3.83,1,0,0,0,1,1,5
catalogue,catalogue,0,,C1,3.91,1,1,0,0,1,1,5
superstitious,superstitious,0,,off~C2,3.14,1,0,0,0,1,1,5
critique,critique,0,,C1,3.83,1,0,0,0,1,1,5
argumentative,argumentative,0,,off~C2,2.89,1,0,0,0,1,1,5
defender,defender,0,,B2,4.11,1,0,0,0,1,1,5
unorthodox,unorthodox,0,,off~C2,3.16,1,0,0,0,1,1,5
commuter,commuter,0,,off~C2,3.44,1,0,0,0,1,1,5
collaborator,collaborator,0,,off~C2,3.32,1,0,0,0,1,1,5
engulf,engulf,0,,off~C2,3.07,1,0,0,0,1,1,5
flap,flap,0,,off~C2,3.49,1,1,0,0,1,1,5
pad,pad,0,,C1,4.01,1,0,0,0,1,1,5
evenly,evenly,0,,off~C1+,3.65,1,1,0,0,1,1,5
mildly,mildly,0,,off~C2,3.43,1,0,0,0,1,1,5
janitor,janitor,0,,off~C2,3.2,1,0,0,0,1,1,5
captor,captor,0,,off~C2,2.95,1,0,0,0,1,1,5
revoke,revoke,0,,off~C2,3.49,1,1,0,0,1,1,5
negligence,negligence,0,,off~C1+,3.65,1,0,0,0,1,1,5
decadence,decadence,0,,off~C2,2.86,1,0,0,0,1,1,5
lenience,lenience,0,,off~C2,1.66,1,0,0,0,1,1,5
pale,pale,0,,B1,4.08,1,0,0,0,1,1,5
prestige,prestige,0,,off~C1+,3.75,1,0,0,0,1,1,5
abolition,abolition,0,,off~C1+,3.51,1,1,0,0,1,1,5
deluge,deluge,0,,off~C2,3.05,1,0,0,0,1,1,5
caption,caption,0,,off~C1+,3.72,1,1,0,0,1,1,5
neutralise,neutralise,0,,off~C2,2.43,1,0,0,0,1,1,5
extort,extort,0,,off~C2,2.82,1,0,0,0,1,1,5
retractable,retractable,0,,off~C2,2.94,1,0,0,0,1,1,5
susceptible,susceptible,0,,off~C1+,3.67,1,0,0,0,1,1,5
commendable,commendable,0,,off~C2,3.07,1,0,0,0,1,1,5
compliant,compliant,0,,off~C2,3.42,1,0,0,0,1,1,5
explicit,explicit,0,,C1,3.96,1,0,0,0,1,1,5
allegiance,allegiance,0,,off~C1+,3.69,1,1,0,0,1,1,5
dismantle,dismantle,0,,off~C2,3.31,1,1,0,0,1,1,5
delineate,delineate,0,,off~C2,2.72,1,0,0,0,1,1,5
civilized,civilized,0,,off~C1+,3.52,1,0,0,0,1,1,5
hostage,hostage,0,,C1,3.9,1,0,0,0,1,1,5
cling,cling,0,,C1,3.49,1,0,0,0,1,1,5
grin,grin,0,,C1,3.59,1,0,0,0,1,1,5
longitude,longitude,0,,off~C2,3.26,1,0,0,0,1,1,5
inquire,inquire,0,,off~C2,3.38,1,0,0,0,1,1,5
filthy,filthy,0,,off~C1+,3.8,1,0,0,0,1,1,5
underscore,underscore,0,,off~C2,2.97,1,0,0,0,1,1,5
overload,overload,0,,off~C2,3.5,1,0,0,0,1,1,5
utmost,utmost,0,,off~C1+,3.61,1,0,0,0,1,1,5
emphatic,emphatic,0,,off~C2,3.09,1,0,0,0,1,1,5
rustic,rustic,0,,off~C2,3.37,1,0,0,0,1,1,5
guilt,guilt,0,,C1,4.13,1,0,0,0,1,1,5
sane,sane,0,,off~C1+,3.67,1,0,0,0,1,1,5
avert,avert,0,,off~C2,3.14,1,0,0,0,1,1,5
seduction,seduction,0,,off~C2,3.22,1,0,0,0,1,1,5
confer,confer,0,,C1,3.19,1,0,0,0,1,1,5
coarse,coarse,0,,off~C2,3.41,1,0,0,0,1,1,5
bulky,bulky,0,,off~C2,3.3,1,0,0,0,1,1,5
invisibly,invisibly,0,,off~C2,2.26,1,0,0,0,1,1,5
indignantly,indignantly,0,,off~C2,2.14,1,0,0,0,1,1,5
foolish,foolish,0,,off~C1+,3.89,1,0,0,0,1,1,5
lethargic,lethargic,0,,off~C2,2.78,1,0,0,0,1,1,5
swift,swift,0,,off~C1,4.15,1,0,0,0,1,1,5
calmly,calmly,0,,off~C1+,3.56,1,0,0,0,1,1,5
broadly,broadly,0,,B2,3.82,1,0,0,0,1,1,5
overcast,overcast,0,,off~C2,3.05,1,0,0,0,1,1,5
applicable,applicable,0,,C1,4.13,1,0,0,0,1,1,5
lament,lament,0,,off~C2,3.25,1,0,0,0,1,1,5
reproach,reproach,0,,off~C2,2.94,1,0,0,0,1,1,5
recoup,recoup,0,,off~C2,2.98,1,0,0,0,1,1,5
impersonate,impersonate,0,,off~C2,2.75,1,0,0,0,1,1,5
hurry,hurry,0,,B1,4.14,1,0,0,0,1,1,5
kindly,kindly,0,,off~C1,4.0,1,0,0,0,1,1,5
boldly,boldly,0,,off~C2,3.28,1,0,0,0,1,1,5
plainly,plainly,0,,off~C2,3.38,1,0,0,0,1,1,5
fleeting,fleeting,0,,off~C2,3.32,1,0,0,0,1,1,5
fume,fume,0,,off~C2,3.34,1,0,0,0,1,1,5
complimentary,complimentary,0,,off~C2,3.35,1,0,0,0,1,1,5
blissful,blissful,0,,off~C2,3.0,1,0,0,0,1,1,5
mournful,mournful,0,,off~C2,2.73,1,0,0,0,1,1,5
humid,humid,0,,off~C2,3.5,1,0,0,0,1,1,5
obstruction,obstruction,0,,off~C1+,3.55,1,0,0,0,1,1,5
condone,condone,0,,off~C2,3.17,1,0,0,0,1,1,5
narration,narration,0,,off~C2,3.32,1,0,0,0,1,1,5
compulsory,compulsory,0,,B2,3.7,1,0,0,0,1,1,5
ambiguous,ambiguous,0,,off~C1+,3.57,1,0,0,0,1,1,5
matriarch,matriarch,0,,off~C2,2.71,1,0,0,0,1,1,5
wavelength,wavelength,0,,off~C2,3.45,1,0,0,0,1,1,5
wasteland,wasteland,0,,off~C2,3.19,1,0,0,0,1,1,5
obnoxious,obnoxious,0,,off~C2,3.38,1,0,0,0,1,1,5
scrupulous,scrupulous,0,,off~C2,2.57,1,0,0,0,1,1,5
divisive,divisive,0,,off~C2,3.34,1,0,0,0,1,1,5
punitive,punitive,0,,off~C2,3.39,1,0,0,0,1,1,5
peninsula,peninsula,0,,off~C1,4.03,1,0,0,0,1,1,5
repertoire,repertoire,0,,off~C2,3.43,1,0,0,0,1,1,5
cornerstone,cornerstone,0,,off~C2,3.39,1,0,0,0,1,1,5
pathway,pathway,0,,C1,3.77,1,0,0,0,1,1,5
fray,fray,0,,off~C2,3.28,1,0,0,0,1,1,5
ajar,ajar,0,,off~C2,2.57,1,0,0,0,1,1,5
ablaze,ablaze,0,,off~C2,2.93,1,0,0,0,1,1,5
depart,depart,0,,B2,3.78,1,0,0,0,1,1,5
intercede,intercede,0,,off~C2,2.56,1,0,0,0,1,1,5
indisposed,indispose,0,,off~C2,2.3,1,0,0,0,1,1,5
untamed,untamed,0,,off~C2,2.75,1,1,0,0,1,1,5
inflame,inflame,0,,off~C2,3.14,1,0,0,0,1,1,5
people,people,0,,A1,6.25,0,0,60,14,60,625,446
use,use,0,,A1,5.81,0,0,44,15,59,494,386
work,work,0,,A1,5.96,0,0,56,3,60,385,354
world,world,0,,A1,5.89,0,0,43,2,57,275,278
country,country,0,,A1,5.48,0,0,38,0,56,272,266
text,text,0,,A1,5.01,0,0,38,60,60,366,257
life,life,0,,A1,5.89,0,0,36,1,55,228,245
century,century,0,,A1,5.02,0,0,36,6,53,252,239
last,last,0,,A1,5.86,0,0,21,58,60,249,233
study,study,0,,A1,5.26,0,0,35,5,54,227,228
great,great,0,,A1,5.88,0,0,41,2,54,152,220
different,different,0,,A1,5.59,0,0,20,8,56,178,209
believe,believe,0,,A1,5.51,0,0,26,11,54,155,208
appropriate,appropriate,0,,B2,4.67,0,0,37,40,54,146,202
main,main,0,,A1,5.24,0,0,12,59,59,342,189
new,new,0,,A1,6.25,0,0,15,1,53,187,181
animal,animal,0,,A1,4.84,0,0,18,3,44,185,181
write,write,0,,A1,5.09,0,0,29,1,45,139,176
like,like,0,,A1,6.41,0,0,21,3,55,135,175
ancient,ancient,0,,A2,4.68,0,0,22,1,43,156,170
purpose,purpose,0,,A2,4.88,0,0,8,59,59,316,169
scientist,scientist,0,,A1,4.5,0,0,23,2,47,160,167
way,way,0,,A1,6.01,0,0,21,4,52,144,162
today,today,0,,A1,5.55,0,0,20,3,52,149,161
line,line,0,,A1,5.49,0,0,3,60,60,277,160
water,water,0,,A1,5.52,0,0,12,2,48,167,160
child,child,0,,A1,5.47,0,0,16,2,46,190,158
important,important,0,,A1,5.44,0,0,16,3,43,103,157
name,name,0,,A1,5.61,0,0,15,3,45,185,154
city,city,0,,A1,5.61,0,0,20,1,45,122,154
number,number,0,,A1,5.62,0,0,21,3,45,133,153
present,present,0,,A1,5.18,0,0,7,10,54,130,151
part,part,0,,A1,5.78,0,0,22,2,46,118,151
choose,choose,0,,A1,4.91,0,0,38,0,46,101,149
food,food,0,,A1,5.4,0,0,16,2,42,155,148
art,art,0,,A1,5.29,0,0,28,1,40,146,147
book,book,0,,A1,5.43,0,0,14,5,43,184,146
create,create,0,,A1,5.05,0,0,19,2,50,115,144
high,high,0,,A1,5.75,0,0,27,1,43,105,142
order,order,0,,A1,5.49,0,0,24,7,42,84,141
early,early,0,,A1,5.43,0,0,14,3,45,104,141
history,history,0,,A1,5.39,0,0,11,0,46,106,138
common,common,0,,A1,5.2,0,0,19,2,42,81,136
day,day,0,,A1,5.95,0,0,17,3,45,116,135
increase,increase,0,,A2,5.08,0,0,20,2,39,92,135
age,age,0,,A1,5.32,0,0,21,2,39,116,134
produce,produce,0,,A2,4.87,0,0,21,1,45,107,133
research,research,1,research,A2,5.39,0,0,22,1,38,100,133
type,type,0,,A1,5.27,0,0,14,1,45,83,129
mean,mean,0,,A1,5.53,0,0,4,31,45,84,126
influence,influence,1,influence,B1,4.78,0,0,23,1,39,74,126
lead,lead,0,,A2,5.2,0,0,19,0,47,80,125
author,author,1,author,A2,4.95,0,0,13,15,41,81,123
person,person,0,,A1,5.55,0,0,14,7,42,93,123
title,title,0,,A1,5.1,0,0,4,48,52,98,122
idea,idea,0,,A1,5.36,0,0,9,12,37,81,120
old,old,0,,A1,5.75,0,0,15,2,42,96,120
result,result,0,,A1,5.23,0,0,14,6,44,96,118
difficult,difficult,0,,A1,5.07,0,0,16,0,38,68,118
population,population,0,,A2,5.01,0,0,22,1,29,72,115
problem,problem,0,,A1,5.4,0,0,15,0,35,81,114
government,government,0,,A2,5.57,0,0,15,0,34,90,114
artist,artist,0,,A1,4.8,0,0,21,1,33,98,113
late,late,0,,A1,5.49,0,0,11,0,49,110,112
famous,famous,0,,A1,4.84,0,0,12,0,36,74,111
eat,eat,0,,A1,5.13,0,0,13,2,37,93,108
woman,woman,0,,A1,5.57,0,0,17,2,29,152,107
system,system,0,,A2,5.56,0,0,11,1,34,110,106
public,public,0,,A2,5.57,0,0,15,1,33,79,104
learn,learn,0,,A1,5.17,0,0,13,2,36,82,103
appear,appear,0,,A2,4.85,0,0,14,2,35,65,102
effect,effect,0,,A2,5.02,0,0,13,2,36,69,102
disease,disease,0,,A2,4.9,0,0,11,1,33,95,101
build,build,0,,A1,5.07,0,0,11,1,34,69,100
plant,plant,0,,A1,4.89,0,0,10,1,33,84,100
modern,modern,0,,A1,5.07,0,0,14,1,31,71,100
money,money,0,,A1,5.64,0,0,5,2,38,83,98
language,language,0,,A1,5.1,0,0,12,1,33,115,97
think,think,0,,A1,6.08,0,0,13,4,35,57,97
writing,writing,0,,A1,5.07,0,0,12,1,35,74,97
develope,develope,0,,off~B2,4.95,0,0,14,1,34,59,96
man,man,0,,A1,5.82,0,0,9,1,37,97,95
example,example,0,,A1,5.27,0,0,3,8,47,90,95
strong,strong,0,,A1,5.22,0,0,14,0,32,52,94
mainly,mainly,0,,B1,4.6,0,0,6,26,37,56,94
read,read,0,,A1,5.54,0,0,10,0,31,89,93
political,political,0,,B1,5.29,0,0,20,0,27,61,93
role,role,0,,A2,5.16,0,0,17,1,30,45,91
affect,affect,0,,A2,4.64,0,0,13,1,40,59,90
area,area,0,,A1,5.46,0,0,11,0,37,61,90
body,body,0,,A1,5.4,0,0,8,0,33,78,90
group,group,0,,A1,5.57,0,0,12,0,32,66,90
certain,certain,0,,A2,5.16,0,0,15,0,30,52,90
end,end,0,,A1,5.68,0,0,12,2,39,61,89
period,period,0,,A1,5.21,0,0,17,0,34,54,89
living,living,0,,B1,5.3,0,0,11,1,36,70,89
million,million,0,,A1,5.33,0,0,6,0,36,83,88
home,home,0,,A1,5.81,0,0,9,0,39,69,87
remain,remain,0,,B1,4.83,0,0,13,0,39,60,86
likely,likely,0,,A2,5.2,0,0,14,7,29,52,85
feature,feature,1,features,A2,4.94,0,0,10,3,35,56,84
experience,experience,0,,A2,5.27,0,0,8,0,34,65,84
scientific,scientific,0,,B1,4.67,0,0,10,0,26,62,83
able,able,0,,A2,5.43,0,0,12,0,32,53,83
want,want,0,,A1,6.04,0,0,9,2,32,54,82
novel,novel,0,,A2,4.63,0,0,8,1,29,80,82
industry,industry,0,,A2,5.19,0,0,11,0,23,61,82
suggest,suggest,0,,A2,4.75,0,0,7,4,35,54,82
suffer,suffer,0,,B1,4.53,0,0,10,2,32,54,81
get,get,0,,A1,6.28,0,0,7,2,34,69,81
develop,develop,0,,A2,4.75,0,0,15,0,26,44,80
thousand,thousand,0,,A1,4.77,0,0,6,0,39,66,79
publish,publish,0,,A2,5.07,0,0,9,0,34,65,79
natural,natural,0,,A1,5.11,0,0,8,0,32,63,79
move,move,0,,A1,5.35,0,0,7,0,31,63,79
writer,writer,0,,A1,4.69,0,0,8,2,27,61,79
th-century,th-century,0,,off~C1,4.14,0,0,10,1,25,51,78
extremely,extremely,0,,A2,4.79,0,0,15,1,33,45,78
color,color,0,,off~B2,4.91,0,0,8,1,28,72,78
information,information,0,,A1,5.43,0,0,3,12,28,52,78
culture,culture,0,,A1,5.03,0,0,10,2,25,73,78
bird,bird,0,,A1,4.63,0,0,9,1,22,82,77
story,story,0,,A1,5.45,0,0,8,1,28,68,77
development,development,0,,B1,5.31,0,0,11,1,27,48,75
hundred,hundred,0,,A1,4.71,0,0,9,1,38,61,74
regard,regard,0,,B2,4.67,0,0,13,2,27,39,73
travel,travel,0,,A1,5.0,0,0,5,1,30,60,72
economic,economic,0,,B1,5.1,0,0,17,1,20,44,72
characteristic,characteristic,0,,B2,4.28,0,0,9,2,24,38,71
improve,improve,0,,A1,4.79,0,0,4,0,30,46,71
social,social,0,,A2,5.42,0,0,8,0,25,58,71
teach,teach,0,,A1,4.72,0,0,8,0,28,46,70
traditional,traditional,0,,A2,4.84,0,0,4,0,30,47,70
health,health,0,,A1,5.44,0,0,9,0,25,60,69
society,society,0,,A2,5.17,0,0,10,1,28,52,69
family,family,0,,A1,5.66,0,0,3,1,33,60,69
tree,tree,0,,A1,4.85,0,0,10,3,19,72,69
building,building,0,,A1,5.29,0,0,8,2,26,63,69
music,music,0,,A1,5.52,0,0,10,0,22,59,69
theory,theory,1,theory,B1,4.88,0,0,11,1,24,46,68
military,military,0,,B2,5.2,0,0,14,0,20,47,68
reach,reach,0,,A2,4.94,0,0,11,0,30,42,66
kind,kind,0,,A1,5.45,0,0,8,0,26,50,66
school,school,0,,A1,5.71,0,0,9,0,21,69,66
stop,stop,0,,A1,5.52,0,0,11,0,29,43,66
hard,hard,0,,A1,5.53,0,0,15,1,25,45,66
historian,historian,1,historian,B2,3.9,0,0,14,1,19,45,65
decade,decade,1,decades,B1,4.58,0,0,12,0,24,40,65
invent,invent,0,,A2,4.17,0,0,9,0,27,44,65
movement,movement,0,,A2,4.97,0,0,4,2,26,51,65
paint,paint,0,,A1,4.6,0,0,10,0,21,57,64
widely,widely,0,,B2,4.54,0,0,13,0,23,32,64
literature,literature,0,,B1,4.62,0,0,12,1,20,48,64
exist,exist,0,,A2,4.75,0,0,8,1,29,38,64
recently,recently,0,,A2,5.02,0,0,11,1,27,42,64
leader,leader,0,,A2,4.95,0,0,9,1,24,43,64
researcher,researcher,0,,A2,4.39,0,0,3,2,26,58,64
protect,protect,0,,A2,4.92,0,0,9,0,26,39,64
variety,variety,0,,A2,4.75,0,0,8,0,29,41,63
thing,thing,0,,A1,5.74,0,0,7,2,29,57,63
power,power,0,,A2,5.52,0,0,10,0,24,42,63
reason,reason,0,,A1,5.32,0,0,4,7,30,44,63
fine,fine,0,,A1,5.23,0,0,11,0,23,38,63
war,war,0,,A2,5.46,0,0,8,1,25,47,63
importance,importance,1,importance,B1,4.56,0,0,3,0,27,38,63
international,international,0,,A2,5.36,0,0,9,0,23,45,62
unusual,unusual,0,,A2,4.45,0,0,4,1,28,46,62
completely,completely,0,,A2,5.0,0,0,10,1,26,35,62
demand,demand,0,,B2,4.84,0,0,7,2,27,42,62
seem,seem,0,,A2,5.24,0,0,7,1,35,46,61
surprise,surprise,0,,A2,4.75,0,0,5,7,24,38,61
evidence,evidence,1,evidence,A2,5.14,0,0,10,1,23,33,60
structure,structure,1,structure,A2,4.84,0,0,10,2,20,42,60
behavior,behavior,0,,off~B2,4.69,0,0,6,0,25,57,59
science,science,0,,A1,5.12,0,0,8,2,20,69,59
visit,visit,0,,A1,5.04,0,0,7,1,27,44,59
law,law,0,,A2,5.46,0,0,9,1,20,54,59
successful,successful,0,,A2,4.94,0,0,6,0,24,37,58
serious,serious,0,,A2,5.1,0,0,11,0,23,32,58
short,short,0,,A1,5.33,0,0,6,1,24,33,58
poor,poor,0,,A1,5.09,0,0,6,0,23,42,58
sea,sea,0,,A1,5.06,0,0,3,0,23,51,57
possible,possible,0,,A1,5.36,0,0,9,0,28,36,57
something,something,0,,A1,5.81,0,0,1,12,30,39,57
death,death,0,,A2,5.4,0,0,7,0,27,39,57
style,style,0,,A1,5.11,0,0,5,1,27,52,57
expert,expert,1,experts,A2,4.56,0,0,8,1,23,40,57
wild,wild,0,,A2,4.8,0,0,6,1,21,56,56
technique,technique,1,techniques,B1,4.51,0,0,10,1,21,41,56
finding,finding,0,,B2,4.85,0,0,2,2,24,38,56
fish,fish,0,,A1,4.9,0,0,7,0,22,62,56
easy,easy,0,,A1,5.29,0,0,5,0,25,38,56
opinion,opinion,0,,A1,4.94,0,0,12,0,20,25,55
discovery,discovery,1,discovery,A2,4.45,0,0,3,2,22,43,55
education,education,0,,A2,5.28,0,0,8,0,21,50,55
agree,agree,0,,A1,4.97,0,0,6,2,27,36,55
poet,poet,0,,B1,4.21,0,0,8,0,20,44,55
scholar,scholar,1,scholar,B2,4.12,0,0,9,1,19,43,54
true,true,0,,A1,5.4,0,0,3,17,23,32,54
material,material,0,,A2,4.95,0,0,7,0,21,39,54
brain,brain,0,,A2,4.94,0,0,12,0,15,55,54
disorder,disorder,1,disorder,B2,4.31,0,0,6,2,15,45,54
painting,painting,0,,A1,4.6,0,0,8,0,20,42,53
percent,percent,0,,off~B2,5.04,0,0,6,0,25,52,53
open,open,0,,A1,5.48,0,0,5,0,30,46,53
nation,nation,0,,B1,4.88,0,0,13,0,19,26,53
critic,critic,1,critics,B2,4.39,0,0,10,1,20,33,52
company,company,0,,A1,5.6,0,0,2,1,25,52,52
major,major,0,,A2,5.3,0,0,4,0,24,35,52
production,production,0,,B1,5.14,0,0,6,1,23,36,52
success,success,0,,A1,5.06,0,0,5,0,23,35,52
generally,generally,0,,B1,4.95,0,0,11,0,23,26,51
ability,ability,0,,A2,4.96,0,0,10,0,22,31,51
admire,admire,0,,B1,3.97,0,0,14,0,17,23,51
technology,technology,0,,A2,5.09,0,0,8,0,20,39,51
air,air,0,,A1,5.37,0,0,4,2,23,38,50
ocean,ocean,0,,A2,4.7,0,0,3,0,21,52,50
growing,growe,0,,off~B2,4.94,0,0,5,1,19,30,50
difference,difference,0,,A1,5.01,0,0,9,0,17,28,50
probably,probably,0,,A1,5.37,0,0,7,4,20,30,50
achieve,achieve,0,,A2,4.57,0,0,10,1,20,31,50
meet,meet,0,,A1,5.27,0,0,4,3,25,36,49
town,town,0,,A1,5.24,0,0,4,0,19,58,49
reader,reader,0,,A1,4.41,0,0,4,2,20,35,49
simple,simple,0,,A2,5.08,0,0,6,0,23,36,49
together,together,0,,A1,5.46,0,0,4,0,28,38,49
responsible,responsible,0,,B1,4.88,0,0,9,0,23,24,49
character,character,0,,A2,5.11,0,0,5,1,22,32,48
challenge,challenge,1,challenging,B1,4.88,0,0,6,0,21,29,48
doctor,doctor,0,,A1,4.9,0,0,6,1,17,48,48
physical,physical,1,physical,A2,4.94,0,0,6,2,17,40,48
pay,pay,0,,A1,5.4,0,0,3,0,25,34,48
future,future,0,,A1,5.33,0,0,3,3,21,31,48
medical,medical,0,,A2,5.16,0,0,4,1,21,42,48
dog,dog,0,,A1,5.1,0,0,4,1,17,47,47
feel,feel,0,,A1,5.67,0,0,7,1,19,29,47
nature,nature,0,,A2,4.98,0,0,5,0,21,36,47
outside,outside,0,,A1,5.25,0,0,8,0,19,28,47
community,community,0,,A2,5.34,0,0,7,0,17,46,47
environment,environment,0,,A2,4.87,0,0,4,0,22,34,46
encourage,encourage,1,encouraging,B1,4.45,0,0,4,0,19,33,46
beginning,beginning,0,,A1,5.0,0,0,7,1,25,30,46
valuable,valuable,0,,B1,4.51,0,0,7,2,17,28,46
lack,lack,0,,B1,4.92,0,0,11,0,18,25,46
kill,kill,0,,A2,5.22,0,0,3,1,22,40,46
collection,collection,1,collection,B1,4.96,0,0,5,0,19,30,46
king,king,0,,A2,5.17,0,0,6,1,20,50,46
share,share,0,,A1,5.2,0,0,8,0,21,24,46
program,program,0,,A2,5.27,0,0,6,2,15,43,46
response,response,0,,A2,5.03,0,0,4,2,19,34,45
receive,receive,0,,A2,5.16,0,0,5,0,23,32,45
chemical,chemical,1,chemical,B1,4.57,0,0,6,2,17,40,45
attention,attention,0,,A2,5.11,0,0,8,0,18,23,45
tourist,tourist,0,,A1,4.2,0,0,6,1,15,37,45
business,business,0,,A1,5.56,0,0,5,2,18,31,45
philosopher,philosopher,1,philosopher,C1,3.72,0,0,10,0,13,22,44
earth,earth,0,,A2,5.06,0,0,4,1,19,31,44
island,island,0,,A1,5.01,0,0,7,1,14,46,44
stone,stone,0,,A2,4.8,0,0,4,0,23,54,44
special,special,0,,A1,5.34,0,0,6,0,19,25,44
painter,painter,0,,A2,3.93,0,0,12,0,13,26,44
service,service,0,,A2,5.49,0,0,7,1,17,29,44
love,love,0,,A1,5.82,0,0,1,0,25,43,43
impossible,impossible,0,,A2,4.78,0,0,8,0,21,26,43
hour,hour,0,,A1,5.4,0,0,1,0,30,47,43
literary,literary,1,literary,B2,4.31,0,0,7,0,17,27,43
rule,rule,0,,A1,5.06,0,0,6,0,19,23,43
white,white,0,,A1,5.51,0,0,4,0,19,35,43
advance,advance,0,,B1,4.71,0,0,7,0,20,24,43
aspect,aspect,1,aspects,B2,4.5,0,0,8,1,17,25,43
hunt,hunt,0,,B1,4.49,0,0,7,0,17,27,42
musical,musical,0,,A2,4.51,0,0,6,0,14,23,42
oil,oil,0,,A2,5.1,0,0,8,1,12,30,42
remember,remember,0,,A1,5.38,0,0,8,0,16,24,42
born,born,0,,A1,5.09,0,0,5,0,24,33,42
huge,huge,0,,A2,5.06,0,0,2,0,23,29,42
treatment,treatment,0,,B1,5.01,0,0,6,1,18,25,42
architect,architect,0,,A2,4.08,0,0,12,0,12,22,42
expensive,expensive,0,,A1,4.69,0,0,6,0,17,24,42
poem,poem,0,,B1,4.25,0,0,8,0,13,38,42
popularity,popularity,0,,B2,4.24,0,0,6,1,16,20,42
hope,hope,0,,A1,5.44,0,0,4,0,20,31,41
ship,ship,0,,A2,4.93,0,0,2,0,21,54,41
hand,hand,0,,A1,5.41,0,0,1,0,24,46,41
fast,fast,0,,A1,5.13,0,0,3,1,18,50,41
wide,wide,0,,A2,4.96,0,0,5,0,18,25,41
danger,danger,0,,A2,4.59,0,0,6,0,17,21,41
fear,fear,0,,A2,4.95,0,0,8,0,15,26,41
benefit,benefit,1,benefits,A2,4.84,0,0,4,3,18,34,41
due,due,0,,B1,5.35,0,0,9,1,17,20,41
follow,follow,0,,A1,5.14,0,0,4,2,23,30,41
poetry,poetry,0,,B1,4.4,0,0,7,2,11,35,41
whale,whale,0,,off~C1+,3.98,0,0,4,3,11,86,41
twentieth,twentieth,0,,off~C1+,3.8,0,0,9,0,15,36,41
medieval,medieval,1,medieval,C1,4.05,0,0,5,0,15,40,41
belief,belief,0,,B1,4.46,0,0,7,1,15,24,41
energy,energy,0,,A2,5.23,0,0,6,1,14,29,40
identify,identify,0,,A2,4.63,0,0,4,1,21,26,40
within,within,0,,B1,5.44,0,0,5,0,20,25,40
function,function,1,function,B1,4.78,0,0,4,0,18,28,40
female,female,0,,A2,5.0,0,0,5,1,17,37,40
thirty,thirty,0,,A1,4.38,0,0,9,0,11,29,39
religious,religious,0,,B1,4.85,0,0,2,0,18,32,39
friend,friend,0,,A1,5.43,0,0,3,0,20,31,39
economy,economy,0,,B1,4.87,0,0,7,0,15,27,39
fully,fully,0,,B2,4.89,0,0,9,0,14,17,39
product,product,0,,A1,5.04,0,0,1,1,18,43,39
national,national,0,,A2,5.51,0,0,3,0,19,25,39
criticize,criticize,0,,B2,4.0,0,0,10,0,14,16,39
commonly,commonly,0,,B2,4.38,0,0,7,1,19,26,39
run,run,0,,A1,5.49,0,0,1,0,24,35,38
difficulty,difficulty,0,,B1,4.33,0,0,7,0,16,19,38
standard,standard,0,,B1,5.03,0,0,5,0,14,27,38
relate,relate,0,,B1,5.1,0,0,4,1,18,24,38
fiction,fiction,1,fiction,A2,4.44,0,0,6,1,11,38,38
majority,majority,1,majority,B2,4.94,0,0,9,0,15,19,38
express,express,0,,A2,4.68,0,0,6,0,21,25,38
price,price,0,,A1,5.23,0,0,6,1,15,32,38
cell,cell,0,,B2,4.87,0,0,4,2,10,32,38
consist,consist,0,,B1,4.39,0,0,5,0,18,24,37
available,available,0,,A2,5.28,0,0,4,0,18,21,37
attack,attack,0,,A2,5.09,0,0,1,0,17,24,37
nothing,nothing,0,,A1,5.55,0,0,7,1,17,21,37
matter,matter,0,,A2,5.38,0,0,8,0,17,20,37
gold,gold,0,,A2,5.17,0,0,5,1,13,56,37
thanks,thanks,0,,A1,5.43,0,0,7,0,16,22,37
knowledge,knowledge,0,,A2,4.96,0,0,7,0,15,24,37
cover,cover,0,,A2,5.08,0,0,2,0,20,27,37
heart,heart,0,,A2,5.31,0,0,2,0,18,28,37
beauty,beauty,0,,B1,4.75,0,0,5,0,18,27,37
origin,origin,0,,B2,4.55,0,0,2,0,18,24,37
farm,farm,0,,A1,4.75,0,0,3,1,13,28,37
complete,complete,0,,A1,5.1,0,0,5,0,19,22,37
preserve,preserve,0,,B2,4.19,0,0,5,0,14,24,37
salt,salt,0,,A1,4.6,0,0,7,2,8,83,37
flower,flower,0,,A1,4.64,0,0,4,0,14,35,37
month,month,0,,A1,5.35,0,0,1,0,23,30,36
sun,sun,0,,A1,4.97,0,0,2,0,15,31,36
prepare,prepare,0,,A1,4.74,0,0,4,2,17,21,36
invention,invention,0,,A2,4.04,0,0,6,0,15,25,36
harmful,harmful,0,,B2,3.97,0,0,5,0,15,18,36
list,list,1,list,A1,5.28,0,0,3,0,16,22,36
speech,speech,0,,A2,4.85,0,0,7,0,13,25,36
situation,situation,0,,A1,5.09,0,0,6,1,13,21,36
eye,eye,0,,A1,5.21,0,0,3,0,22,29,36
fourth,fourth,0,,A1,4.83,0,0,4,6,15,22,36
reflect,reflect,0,,B1,4.39,0,0,4,2,19,23,36
everyone,everyone,0,,A1,5.47,0,0,5,0,19,23,36
red,red,0,,A1,5.32,0,0,4,0,14,29,36
element,element,1,elements,B1,4.7,0,0,6,0,13,27,36
parent,parent,0,,A1,5.21,0,0,1,2,14,40,35
widespread,widespread,1,widespread,B2,4.19,0,0,7,0,16,18,35
especially,especially,0,,A2,5.21,0,0,6,1,19,27,35
start,start,0,,A1,5.56,0,0,3,0,22,26,35
car,car,0,,A1,5.45,0,0,4,0,10,25,35
father,father,0,,A1,5.26,0,0,4,2,15,30,35
illness,illness,0,,A2,4.41,0,0,3,0,15,33,35
architecture,architecture,1,architecture,A2,4.42,0,0,7,0,10,22,35
computer,computer,1,computer,A1,4.97,0,0,4,0,13,27,34
clear,clear,0,,A2,5.25,0,0,5,1,18,22,34
test,test,0,,A1,5.19,0,0,2,0,18,31,34
patient,patient,0,,A2,4.91,0,0,2,1,16,45,34
position,position,0,,A2,5.21,0,0,4,0,17,25,34
figure,figure,1,figure,A2,5.07,0,0,5,0,16,19,34
location,location,1,location,B1,4.86,0,0,5,0,14,20,34
black,black,0,,A1,5.46,0,0,2,0,14,37,34
significant,significant,1,significant,B2,4.98,0,0,7,1,17,20,34
temperature,temperature,0,,A2,4.64,0,0,4,0,15,24,34
appearance,appearance,0,,A2,4.69,0,0,3,0,14,18,34
worker,worker,0,,A1,4.95,0,0,3,0,14,22,34
wealthy,wealthy,0,,B2,4.21,0,0,5,0,14,17,33
night,night,0,,A1,5.61,0,0,1,0,18,30,33
medicine,medicine,0,,A2,4.73,0,0,1,0,16,30,33
enormous,enormous,1,enormous,A2,4.25,0,0,4,0,18,22,33
job,job,0,,A1,5.5,0,0,4,0,14,25,33
influential,influential,1,influential,C1,4.09,0,0,7,0,14,16,33
walk,walk,0,,A1,5.08,0,0,2,0,16,28,33
big,big,0,,A1,5.67,0,0,5,0,15,21,33
resident,resident,1,residents,B2,4.64,0,0,4,0,13,24,33
blood,blood,0,,A2,5.1,0,0,2,1,14,35,33
attract,attract,0,,B1,4.31,0,0,1,1,18,20,33
village,village,0,,A1,4.82,0,0,4,0,13,28,33
reaction,reaction,1,reaction,B1,4.73,0,0,2,0,16,18,32
towards,towards,0,,A2,5.06,0,0,5,0,13,17,32
note,note,0,,A1,5.04,0,0,1,0,21,28,32
unknown,unknown,0,,B2,4.53,0,0,6,0,14,16,32
environmental,environmental,1,environmental,B1,4.7,0,0,6,0,10,21,32
American,American,0,,off~B2,5.49,0,0,6,0,13,15,32
southern,southern,0,,B1,4.84,0,0,4,0,13,24,32
final,final,0,,A1,5.28,0,0,10,0,8,13,32
slow,slow,0,,A1,4.85,0,0,5,1,13,22,32
museum,museum,0,,A1,4.71,0,0,2,3,12,44,32
rely,rely,1,rely,B2,4.29,0,0,6,0,14,19,32
clock,clock,0,,A1,4.43,0,0,4,2,10,44,31
next,next,0,,A1,5.7,0,0,4,0,19,28,31
worldwide,worldwide,0,,B1,4.54,0,0,6,0,11,22,31
Shakespeare,Shakespeare,0,,off~C1,4.0,0,0,7,0,11,23,31
nuclear,nuclear,1,nuclear,B1,4.73,0,0,6,0,10,23,31
northern,northern,0,,B1,4.85,0,0,3,1,10,33,31
goal,goal,1,goal,A2,5.06,0,0,3,1,13,17,31
well-known,well-known,0,,off~B2,5.3,0,0,4,0,15,16,30
clearly,clearly,0,,A2,4.92,0,0,7,0,13,16,30
expect,expect,0,,A2,5.01,0,0,4,0,14,16,30
winter,winter,0,,A1,4.89,0,0,2,1,13,26,30
happen,happen,0,,A1,5.2,0,0,3,4,16,18,30
genetic,genetic,1,genetic,B2,4.34,0,0,6,0,9,22,30
mathematics,mathematics,0,,A2,4.15,0,0,5,0,10,20,30
fire,fire,0,,A1,5.3,0,0,1,0,17,20,29
north,north,0,,A1,5.34,0,0,4,1,9,19,29
ground,ground,1,ground,A2,5.15,0,0,0,1,18,24,29
central,central,0,,B1,5.12,0,0,5,0,12,19,29
picture,picture,0,,A1,5.13,0,0,1,1,16,23,29
demonstrate,demonstrate,1,demonstrated,B2,4.22,0,0,4,0,16,17,29
mineral,mineral,0,,B2,4.03,0,0,2,0,13,29,29
primarily,primarily,1,primarily,B2,4.48,0,0,5,0,15,16,29
simply,simply,0,,B1,5.08,0,0,1,0,20,27,29
explanation,explanation,1,explanation,A2,4.44,0,0,2,0,13,22,29
full,full,0,,A1,5.54,0,0,4,0,14,21,29
contrast,contrast,1,contrast,B1,4.46,0,0,2,3,16,17,29
unable,unable,0,,B1,4.61,0,0,2,1,13,17,29
former,former,0,,B2,5.28,0,0,7,0,13,19,29
various,various,0,,B1,5.12,0,0,3,0,16,18,29
everything,everything,0,,A1,5.54,0,0,7,0,13,15,29
potential,potential,1,potential,B2,5.01,0,0,4,0,12,19,29
clean,clean,0,,A1,4.97,0,0,2,1,13,32,29
historical,historical,0,,B1,4.69,0,0,4,0,10,16,29
flag,flag,0,,B1,4.58,0,0,6,0,8,45,29
wood,wood,0,,A2,4.78,0,0,2,0,14,22,28
song,song,0,,A1,5.26,0,0,2,1,11,32,28
dramatic,dramatic,1,dramatic,B2,4.41,0,0,4,0,12,16,28
insect,insect,0,,A2,4.02,0,0,2,0,11,21,28
increasingly,increasingly,0,,B2,4.38,0,0,4,0,15,18,28
pressure,pressure,0,,B1,5.01,0,0,3,0,13,24,28
innovative,innovative,1,innovative,B2,4.1,0,0,3,0,14,17,28
crime,crime,0,,A2,4.89,0,0,2,0,11,23,28
construction,construction,1,construction,B2,4.97,0,0,5,1,10,13,28
criticism,criticism,1,criticism,B2,4.49,0,0,5,1,11,12,28
struggle,struggle,0,,B2,4.62,0,0,4,0,12,15,28
sailor,sailor,0,,B1,3.78,0,0,1,2,11,31,28
class,class,0,,A1,5.36,0,0,3,1,13,27,28
sentence,sentence,0,,A1,4.58,0,0,2,3,13,23,28
giant,giant,0,,B1,4.62,0,0,3,2,9,41,28
climate,climate,0,,A2,4.71,0,0,5,0,9,21,27
vast,vast,0,,B2,4.49,0,0,3,0,16,18,27
mathematical,mathematical,1,mathematical,C1,4.04,0,0,4,1,8,20,27
household,household,1,household,B2,4.47,0,0,4,1,13,17,27
pain,pain,0,,A2,5.03,0,0,2,2,9,50,27
injury,injury,1,injury,A2,4.74,0,0,5,0,8,17,27
elephant,elephant,0,,A1,4.08,0,0,6,0,7,25,27
finish,finish,0,,A1,4.94,0,0,5,0,11,20,27
dollar,dollar,0,,A1,4.78,0,0,2,0,12,27,27
taste,taste,0,,A2,4.73,0,0,2,0,13,31,27
investigation,investigation,1,investigation,B2,4.75,0,0,6,0,8,12,27
army,army,0,,A2,5.06,0,0,1,1,13,19,27
everyday,everyday,0,,A2,4.47,0,0,5,0,12,14,27
dream,dream,0,,A2,4.91,0,0,5,0,12,22,26
lake,lake,0,,A2,4.83,0,0,3,0,12,27,26
institution,institution,1,institutions,B2,4.58,0,0,3,0,12,21,26
tourism,tourism,0,,A2,4.28,0,0,4,0,8,16,26
surprisingly,surprisingly,0,,off~C1,4.09,0,0,5,0,12,16,26
head,head,0,,A1,5.51,0,0,2,1,18,22,26
ideal,ideal,1,ideal,A2,4.44,0,0,4,0,12,14,26
disagree,disagree,0,,A2,4.09,0,0,1,2,12,18,26
global,global,0,,B1,4.95,0,0,5,0,10,25,26
sport,sport,0,,A1,4.94,0,0,1,0,12,22,26
beautiful,beautiful,0,,A1,5.22,0,0,3,0,14,17,26
combination,combination,1,combination,B2,4.61,0,0,4,0,13,17,26
greatly,greatly,1,greatly,B2,4.33,0,0,4,0,11,13,26
artistic,artistic,0,,B2,4.17,0,0,6,0,9,15,26
summer,summer,0,,A1,5.23,0,0,2,0,14,25,26
opportunity,opportunity,0,,A2,4.95,0,0,4,1,13,14,26
familiar,familiar,0,,B1,4.61,0,0,2,1,12,15,25
status,status,1,status,B2,4.87,0,0,3,0,12,15,25
week,week,0,,A1,5.56,0,0,1,1,15,20,25
bone,bone,0,,A2,4.47,0,0,1,1,12,23,25
sand,sand,0,,B1,4.44,0,0,2,1,11,43,25
classical,classical,1,classical,A2,4.26,0,0,6,0,6,22,25
tall,tall,0,,A1,4.52,0,0,3,1,10,20,25
visitor,visitor,0,,A1,4.49,0,0,2,0,14,21,25
mother,mother,0,,A1,5.24,0,0,3,0,12,20,25
dance,dance,0,,A1,4.93,0,0,2,1,9,39,25
communication,communication,0,,B1,4.68,0,0,4,1,12,24,25
mammal,mammal,0,,off~C1+,3.7,0,0,5,0,8,21,25
existence,existence,1,existence,B2,4.55,0,0,4,1,13,16,25
biography,biography,1,biography,C1,3.89,0,0,8,0,7,14,25
toxic,toxic,1,toxic,C1,4.24,0,0,4,0,9,16,25
novelist,novelist,1,novelist,B2,3.61,0,0,5,0,9,18,25
abandon,abandon,1,abandoned,B2,4.4,0,0,5,0,11,13,25
street,street,0,,A1,5.28,0,0,2,0,12,20,25
western,western,0,,B1,5.01,0,0,6,0,7,18,25
poverty,poverty,0,,B1,4.46,0,0,7,0,7,15,25
top,top,0,,A2,5.57,0,0,4,0,13,17,25
version,version,1,versions,B1,5.07,0,0,2,1,15,16,25
destination,destination,0,,B1,4.24,0,0,6,0,10,13,25
message,message,0,,A1,5.0,0,0,2,1,12,19,25
mining,mining,1,mining,C1,4.56,0,0,6,0,7,16,25
civil,civil,1,civil,B2,4.93,0,0,2,1,10,19,25
primary,primary,1,primary,B1,4.88,0,0,6,0,8,15,24
classic,classic,1,classic,B2,4.72,0,0,2,0,11,16,24
series,series,1,series,A2,5.35,0,0,2,0,17,22,24
anything,anything,0,,A1,5.55,0,0,4,0,12,15,24
mountain,mountain,0,,A1,4.73,0,0,4,0,8,15,24
wife,wife,0,,A1,5.23,0,0,4,0,8,22,24
property,property,0,,B1,5.11,0,0,3,0,12,18,24
theater,theater,0,,off~B2,4.35,0,0,6,0,6,17,24
carbon,carbon,1,carbon,B2,4.55,0,0,4,1,6,24,24
specific,specific,0,,A2,5.03,0,0,3,0,12,14,24
real,real,0,,A1,5.6,0,0,3,2,12,18,24
meter,meter,0,,off~C1,4.21,0,0,2,0,12,16,24
tiny,tiny,0,,B1,4.62,0,0,2,0,16,20,24
colorful,colorful,1,colorful,off~C1+,3.8,0,0,5,0,11,14,24
save,save,0,,A2,5.14,0,0,1,0,11,17,24
original,original,0,,A2,5.16,0,0,3,0,12,18,24
gas,gas,1,gas,A2,5.01,0,0,4,0,8,19,24
massive,massive,0,,B2,4.72,0,0,5,0,11,12,24
relation,relation,0,,B1,4.67,0,0,5,0,9,22,24
turtle,turtle,0,,off~C1+,3.91,0,0,2,2,7,54,24
desert,desert,0,,A2,4.4,0,0,4,0,11,19,24
magnificent,magnificent,1,magnificent,B2,4.04,0,0,6,0,10,10,24
mental,mental,1,mental,B1,4.83,0,0,0,0,10,36,24
nineteenth-century,nineteenth-century,0,,off~C1+,3.74,0,0,3,0,12,12,24
archaeologist,archaeologist,0,,off~C2,3.37,0,0,2,0,8,24,24
fuel,fuel,1,fuel,B1,4.72,0,0,3,1,9,15,24
hippopotamus,hippopotamus,0,,off~C2,3.13,0,0,6,1,6,23,24
teacher,teacher,0,,A1,4.88,0,0,2,0,11,25,24
symptom,symptom,0,,B1,4.48,0,0,3,1,8,21,23
arrive,arrive,0,,A1,4.79,0,0,2,0,16,20,23
willing,willing,0,,B2,4.72,0,0,4,0,11,11,23
continent,continent,1,continent,A2,4.07,0,0,5,0,9,17,23
photograph,photograph,0,,A1,4.34,0,0,3,0,10,18,23
newspaper,newspaper,0,,A1,4.6,0,0,1,0,13,33,23
active,active,0,,A2,4.93,0,0,2,0,12,14,23
act,act,0,,A2,5.3,0,0,4,0,11,13,23
step,step,0,,A2,5.13,0,0,1,0,13,15,23
wall,wall,0,,A1,5.04,0,0,2,0,13,21,23
bury,bury,0,,B1,4.4,0,0,4,0,11,12,23
conventional,conventional,1,conventional,B2,4.25,0,0,4,0,9,19,23
accomplish,accomplish,1,accomplish,B2,4.15,0,0,3,0,14,14,23
extraordinary,extraordinary,0,,B2,4.36,0,0,4,0,12,14,23
psychologist,psychologist,1,psychologist,B2,3.8,0,0,4,0,8,18,23
wonder,wonder,0,,B1,4.93,0,0,4,0,14,15,23
engineering,engineering,1,engineering,B1,4.8,0,0,4,0,9,21,23
freedom,freedom,0,,B2,4.86,0,0,1,1,10,17,23
print,print,0,,A2,4.54,0,0,2,0,10,24,23
solve,solve,0,,A2,4.42,0,0,2,1,12,14,23
document,document,1,documents,A2,4.64,0,0,2,1,11,15,23
illegal,illegal,1,illegal,B1,4.68,0,0,6,0,8,12,23
explorer,explorer,0,,off~C1+,3.85,0,0,1,0,12,17,22
feeling,feeling,0,,A1,5.13,0,0,2,1,11,17,22
introduction,introduction,0,,A2,4.52,0,0,5,0,10,11,22
import,import,1,imported,B1,4.1,0,0,1,2,12,15,22
wrong,wrong,0,,A1,5.39,0,0,1,0,14,16,22
brilliant,brilliant,0,,A2,4.55,0,0,6,0,8,9,22
publication,publication,1,publication,B2,4.45,0,0,2,0,13,14,22
philosophy,philosophy,1,philosophy,B2,4.49,0,0,2,1,10,17,22
unfortunately,unfortunately,0,,A2,4.62,0,0,1,0,17,19,22
spring,spring,0,,A1,4.92,0,0,1,1,12,14,22
wealth,wealth,0,,B2,4.51,0,0,2,1,9,13,22
free,free,0,,A1,5.63,0,0,3,0,11,15,22
farmer,farmer,0,,A1,4.43,0,0,1,0,12,16,22
description,description,1,descriptions,A1,4.73,0,0,2,2,10,12,22
afraid,afraid,0,,A1,4.7,0,0,4,0,9,11,22
useful,useful,0,,A1,4.72,0,0,2,0,11,14,22
equal,equal,0,,B1,4.65,0,0,4,0,12,12,22
crowd,crowd,0,,A2,4.7,0,0,1,0,14,15,22
financial,financial,1,financial,B1,5.08,0,0,1,0,12,15,22
twenty,twenty,0,,A1,4.65,0,0,2,0,12,17,22
contrary,contrary,1,contrary,C1,4.17,0,0,5,1,10,10,22
correct,correct,0,,A1,4.79,0,0,2,1,10,13,22
speaker,speaker,0,,A2,4.49,0,0,4,0,10,15,22
favorite,favorite,0,,off~B2,4.97,0,0,2,0,11,13,22
brother,brother,0,,A1,5.11,0,0,4,1,7,36,22
virus,virus,0,,A2,4.42,0,0,4,0,7,16,21
snake,snake,0,,A1,4.23,0,0,4,0,7,20,21
review,review,0,,A2,5.12,0,0,5,0,5,11,21
complexity,complexity,1,complexity,C1,4.02,0,0,5,0,8,10,21
height,height,0,,A2,4.53,0,0,3,0,10,13,21
intellectual,intellectual,1,intellectual,B2,4.3,0,0,3,1,7,28,21
pioneer,pioneer,0,,C1,3.91,0,0,5,0,9,11,21
cook,cook,0,,A1,4.65,0,0,1,0,9,22,21
threat,threat,0,,B2,4.6,0,0,2,0,11,16,21
exactly,exactly,0,,A2,5.15,0,0,2,0,13,13,21
depend,depend,0,,A2,4.56,0,0,4,0,12,12,21
restate,restate,0,,off~C2,2.67,0,0,1,9,9,11,21
shark,shark,0,,off~C1,4.1,0,0,4,0,8,16,21
mass,mass,0,,B2,4.87,0,0,2,0,10,15,21
distinction,distinction,0,,C1,4.1,0,0,4,0,6,10,21
marble,marble,0,,off~C1+,3.96,0,0,4,0,7,17,21
athlete,athlete,0,,A2,4.34,0,0,4,0,7,19,21
forty,forty,0,,A1,4.2,0,0,2,0,9,14,21
speed,speed,0,,A2,5.0,0,0,1,0,10,16,21
anyone,anyone,0,,A1,5.38,0,0,4,0,11,14,21
overcome,overcome,1,overcome,B2,4.27,0,0,2,0,11,13,21
currently,currently,0,,B1,5.08,0,0,5,0,10,11,21
acclaim,acclaim,0,,off~C1+,3.7,0,0,4,0,10,11,21
coal,coal,0,,B1,4.49,0,0,6,0,4,17,21
prefer,prefer,0,,A1,4.57,0,0,2,0,10,11,21
action,action,0,,A1,5.25,0,0,2,0,11,21,21
prehistoric,prehistoric,0,,off~C2,3.42,0,0,4,0,6,16,21
conquer,conquer,0,,C1,3.77,0,0,6,0,7,8,21
dish,dish,0,,A1,4.21,0,0,4,0,7,13,21
worry,worry,0,,A2,4.84,0,0,4,0,8,11,21
physician,physician,1,physician,C1,4.18,0,0,2,0,9,19,21
adventure,adventure,0,,A2,4.46,0,0,1,0,8,18,20
dozen,dozen,0,,B2,4.35,0,0,4,0,10,14,20
constantly,constantly,1,constantly,B2,4.53,0,0,1,0,11,14,20
memory,memory,0,,A2,4.81,0,0,1,0,12,15,20
wisdom,wisdom,1,wisdom,B2,4.3,0,0,3,0,7,11,20
deeply,deeply,0,,B2,4.44,0,0,3,0,9,13,20
successfully,successfully,0,,B1,4.45,0,0,2,0,10,15,20
engage,engage,0,,B1,4.52,0,0,4,0,10,11,20
attractive,attractive,0,,A2,4.53,0,0,3,0,10,10,20
reform,reform,0,,C1,4.53,0,0,3,1,6,14,20
strict,strict,0,,B2,4.23,0,0,3,0,9,11,20
evolve,evolve,0,,B2,4.09,0,0,4,0,9,11,20
infection,infection,1,infection,B2,4.33,0,0,4,0,8,17,20
dominate,dominate,1,dominated,B2,4.18,0,0,4,0,8,10,20
sum,sum,1,sums,B2,4.34,0,0,2,0,11,13,20
year-old,year-old,0,,off~B2,5.54,0,0,2,1,11,14,20
ice,ice,0,,A1,5.0,0,0,2,0,8,18,20
flight,flight,0,,A1,4.86,0,0,3,0,7,28,20
egg,egg,0,,A1,4.5,0,0,1,1,9,15,20
per,per,0,,A2,5.45,0,0,2,0,12,20,20
tribe,tribe,1,tribe,B2,4.12,0,0,2,0,7,26,20
numerous,numerous,0,,B2,4.65,0,0,3,0,10,12,20
interpretation,interpretation,1,interpretation,B2,4.22,0,0,1,1,8,12,20
John,John,0,,off~B2,5.38,0,0,4,0,7,15,20
jazz,jazz,0,,A2,4.31,0,0,2,0,7,14,20
fame,fame,1,fame,B2,4.34,0,0,3,0,12,14,20
separate,separate,0,,A2,4.83,0,0,3,0,10,10,20
lifetime,lifetime,1,lifetime,B2,4.39,0,0,3,0,9,10,20
thrive,thrive,1,thrive,C1,3.73,0,0,5,0,10,10,20
mathematician,mathematician,0,,off~C2,3.24,0,0,2,0,6,14,20
Thomas,Thomas,0,,off~B2,4.84,0,0,5,0,7,10,20
enemy,enemy,0,,B1,4.7,0,0,5,0,8,9,20
explore,explore,0,,B1,4.31,0,0,3,0,11,11,20
percentage,percentage,1,percentage,B1,4.48,0,0,4,0,8,9,20
playwright,playwright,0,,off~C2,3.39,0,0,2,0,9,12,19
maker,maker,0,,off~C1,4.23,0,0,3,1,7,13,19
disadvantage,disadvantage,1,disadvantages,B1,3.71,0,0,1,1,10,10,19
soldier,soldier,0,,A2,4.7,0,0,1,0,9,15,19
hair,hair,0,,A1,5.08,0,0,1,1,8,28,19
hero,hero,0,,A2,4.68,0,0,2,0,9,13,19
controversy,controversy,1,controversy,B2,4.26,0,0,3,0,8,10,19
graphic,graphic,0,,B2,4.23,0,0,5,0,6,13,19
birth,birth,0,,A2,4.77,0,0,3,0,10,15,19
conclusion,conclusion,1,conclusions,B1,4.4,0,0,3,1,8,11,19
publisher,publisher,1,publishers,off~C1,4.13,0,0,2,0,8,16,19
comedy,comedy,0,,A2,4.51,0,0,4,0,7,15,19
hot,hot,0,,A1,5.16,0,0,1,0,8,12,19
appreciate,appreciate,1,appreciate,B1,4.74,0,0,4,0,9,9,19
regularly,regularly,0,,B1,4.52,0,0,3,0,9,9,19
entire,entire,0,,B2,5.09,0,0,1,0,13,15,19
dark,dark,0,,A1,5.04,0,0,1,0,11,15,19
excellent,excellent,0,,A2,4.73,0,0,3,0,11,12,19
inventor,inventor,0,,off~C1+,3.59,0,0,1,0,9,16,19
worth,worth,0,,B1,5.16,0,0,4,0,10,11,19
responsibility,responsibility,0,,B1,4.75,0,0,2,0,9,12,19
inspiration,inspiration,1,inspiration,C1,4.41,0,0,2,0,11,12,19
molecule,molecule,0,,off~C1+,3.92,0,0,2,1,6,20,19
billion,billion,0,,A2,4.75,0,0,2,0,12,19,19
mile,mile,0,,A1,5.0,0,0,2,0,9,16,19
opus,opus,1,opera,B2,4.27,0,0,4,0,6,12,19
personal,personal,0,,A1,5.2,0,0,3,0,11,11,19
educational,educational,0,,B1,4.6,0,0,2,0,9,12,19
camel,camel,0,,off~C1+,3.64,0,0,4,0,6,15,19
garden,garden,0,,A1,4.77,0,0,4,0,6,14,19
clothing,clothing,0,,A2,4.47,0,0,1,0,11,15,19
variation,variation,1,variation,B2,4.09,0,0,5,0,7,8,19
activist,activist,1,activist,C1,4.13,0,0,3,0,8,12,19
nut,nut,0,,A2,4.3,0,0,4,1,5,15,19
storm,storm,0,,A2,4.66,0,0,5,0,4,11,19
drive,drive,0,,A1,5.13,0,0,1,0,14,16,18
folk,folk,0,,B1,4.22,0,0,4,0,5,13,18
particular,particular,0,,A2,5.0,0,0,3,0,9,11,18
sure,sure,0,,A1,5.67,0,0,1,0,9,11,18
connection,connection,1,connection,B1,4.76,0,0,2,0,7,9,18
proportion,proportion,1,proportion,B2,4.11,0,0,5,0,7,8,18
president,president,0,,A2,5.45,0,0,1,0,10,13,18
telephone,telephone,0,,A1,4.41,0,0,4,0,6,14,18
slavery,slavery,1,slavery,C1,4.21,0,0,3,0,6,15,18
sculptor,sculptor,0,,off~C2,3.34,0,0,3,0,6,11,18
communicate,communicate,1,communicate,A2,4.2,0,0,1,1,11,14,18
strategy,strategy,1,strategies,A2,4.74,0,0,1,2,9,11,18
root,root,0,,B2,4.41,0,0,3,0,9,10,18
intense,intense,1,intense,B2,4.39,0,0,3,0,9,10,18
fierce,fierce,1,fierce,C1,3.92,0,0,4,0,8,12,18
reject,reject,1,rejected,B1,4.37,0,0,2,1,8,10,18
husband,husband,0,,A1,5.0,0,0,2,1,8,13,18
presence,presence,0,,B2,4.73,0,0,4,0,9,9,18
item,item,1,items,A2,4.78,0,0,1,0,10,17,18
biologist,biologist,0,,off~C2,3.35,0,0,3,1,7,13,18
basis,basis,0,,B1,4.81,0,0,2,0,8,10,18
gender,gender,1,gender,B2,4.59,0,0,2,0,6,15,18
whole,whole,0,,A2,5.46,0,0,4,0,8,9,18
universe,universe,0,,B2,4.59,0,0,4,0,7,10,18
ruler,ruler,0,,off~C1+,3.84,0,0,3,0,8,10,18
endangered,endangered,0,,off~C1+,3.86,0,0,2,0,7,11,18
model,model,0,,A1,5.13,0,0,3,1,8,13,18
queen,queen,0,,A2,4.86,0,0,1,0,7,14,18
double,double,0,,A2,5.01,0,0,5,0,4,7,18
fisherman,fisherman,0,,off~C1+,3.65,0,0,3,0,6,13,18
latter,latter,1,latter,C1,4.56,0,0,4,1,8,9,18
customer,customer,0,,A1,4.78,0,0,1,0,9,24,18
creation,creation,0,,B2,4.56,0,0,3,0,8,10,18
milk,milk,0,,A1,4.66,0,0,4,0,6,15,18
wish,wish,0,,A2,5.18,0,0,3,0,8,8,17
sail,sail,0,,A2,4.01,0,0,1,0,9,15,17
dedicate,dedicate,1,dedicated,C1,4.58,0,0,2,0,11,11,17
affair,affair,0,,B2,4.67,0,0,5,0,5,10,17
twelve,twelve,0,,A1,4.35,0,0,1,0,11,14,17
railroad,railroad,0,,off~B2,4.32,0,0,4,0,5,17,17
complicate,complicate,0,,B2,4.47,0,0,2,0,9,11,17
quiet,quiet,0,,A1,4.65,0,0,2,0,6,9,17
camera,camera,0,,A1,4.87,0,0,2,0,6,15,17
ethnic,ethnic,1,ethnic,B2,4.33,0,0,2,0,6,12,17
employment,employment,1,employment,B1,4.56,0,0,2,0,8,9,17
peace,peace,0,,A2,5.02,0,0,2,0,6,12,17
sales,sales,0,,off~B2,5.02,0,0,1,0,9,11,17
further,further,0,,A2,5.31,0,0,1,0,11,12,17
hearing,hearing,0,,B2,4.82,0,0,2,0,7,11,17
sale,sale,0,,A2,4.99,0,0,4,0,6,8,17
exceptional,exceptional,1,exceptional,C1,4.05,0,0,5,0,5,6,17
composition,composition,1,composition,C1,4.33,0,0,4,0,6,10,17
arm,arm,0,,A1,4.82,0,0,3,0,8,15,17
charge,charge,0,,B1,5.02,0,0,1,1,10,11,17
progress,progress,0,,A2,4.78,0,0,3,0,6,9,17
basic,basic,0,,B1,4.89,0,0,1,0,10,11,17
sugar,sugar,0,,A1,4.68,0,0,2,0,7,12,17
musician,musician,0,,A2,4.09,0,0,1,0,9,13,17
industrialized,industrialize,0,,off~C2,3.12,0,0,5,0,4,12,17
procedure,procedure,1,procedure,B2,4.44,0,0,1,0,7,12,17
soul,soul,0,,B2,4.81,0,0,4,0,7,16,17
principal,principal,1,principal,B2,4.52,0,0,4,0,7,9,17
vitamin,vitamin,0,,B2,4.01,0,0,2,0,7,16,17
emotional,emotional,0,,B2,4.66,0,0,3,0,7,10,17
spiritual,spiritual,0,,B2,4.4,0,0,2,0,7,9,17
code,code,0,,A2,5.08,0,0,2,1,5,23,17
disappoint,disappoint,0,,B1,4.42,0,0,2,0,9,9,17
exceptionally,exceptionally,0,,off~C1+,3.74,0,0,3,0,8,8,17
tomb,tomb,0,,off~C1+,3.89,0,0,3,0,6,12,17
suitable,suitable,0,,B1,4.38,0,0,3,0,8,8,17
symbolize,symbolize,0,,off~C2,3.04,0,0,3,0,7,10,17
tragedy,tragedy,1,tragedy,B2,4.14,0,0,4,0,5,12,17
legacy,legacy,1,legacy,C1,4.37,0,0,3,0,6,8,17
anthropologist,anthropologist,0,,off~C2,3.16,0,0,2,2,5,12,17
predator,predator,1,predator,C1,3.74,0,0,2,0,6,10,17
efficient,efficient,0,,B2,4.42,0,0,3,0,8,9,16
positive,positive,1,positive,A1,4.99,0,0,1,0,8,9,16
slowly,slowly,0,,A2,4.63,0,0,2,0,8,10,16
dislike,dislike,0,,B1,3.89,0,0,3,0,8,8,16
none,none,0,,A2,4.93,0,0,2,0,9,10,16
reference,reference,0,,B1,4.74,0,0,2,0,10,12,16
disturb,disturb,0,,B2,4.05,0,0,1,0,9,10,16
originate,originate,1,originate,C1,3.8,0,0,2,0,9,9,16
regulate,regulate,0,,B2,3.98,0,0,3,1,7,8,16
creative,creative,1,creative,A2,4.6,0,0,4,0,5,11,16
exhibition,exhibition,1,exhibition,B1,4.37,0,0,2,0,5,11,16
harm,harm,0,,B2,4.47,0,0,2,0,7,11,16
movie,movie,0,,A1,5.16,0,0,1,0,7,11,16
radical,radical,1,radical,C1,4.33,0,0,3,0,7,9,16
flourish,flourish,1,flourish,C1,3.53,0,0,2,1,10,11,16
eastern,eastern,0,,B1,4.78,0,0,2,0,7,11,16
marry,marry,0,,A1,5.03,0,0,1,0,8,12,16
stature,stature,0,,off~C2,3.45,0,0,5,0,4,6,16
linguistic,linguistic,0,,off~C1+,3.71,0,0,4,0,4,10,16
independent,independent,0,,A2,4.93,0,0,2,0,8,9,16
pair,pair,0,,A1,4.72,0,0,1,0,9,17,16
sight,sight,0,,B1,4.54,0,0,3,0,7,11,16
lion,lion,0,,A1,4.25,0,0,2,1,5,24,16
economically,economically,1,economically,off~C1+,3.83,0,0,4,0,6,6,16
technological,technological,1,technological,B2,4.06,0,0,2,0,8,11,16
chronic,chronic,1,chronic,C1,4.2,0,0,4,0,5,10,16
scholarly,scholarly,0,,off~C1+,3.6,0,0,3,0,6,11,16
master,master,0,,B2,4.93,0,0,2,0,10,11,16
wash,wash,0,,A1,4.46,0,0,2,0,8,13,16
pen,pen,0,,A1,4.38,0,0,3,0,8,11,16
capability,capability,0,,C1,4.11,0,0,5,0,5,6,16
crystal,crystal,1,crystal,C1,4.4,0,0,1,1,6,29,16
necessary,necessary,0,,A2,4.91,0,0,2,0,9,9,16
contributor,contributor,0,,C1,3.72,0,0,4,1,4,10,16
criminal,criminal,0,,A2,4.75,0,0,1,0,7,20,16
horn,horn,0,,C1,4.14,0,0,4,0,4,14,16
agricultural,agricultural,1,agricultural,C1,4.34,0,0,3,0,5,11,16
stain,stain,0,,off~C1+,3.79,0,0,1,0,6,14,16
decipher,decipher,0,,off~C2,3.14,0,0,2,1,5,11,16
independence,independence,1,independence,B2,4.58,0,0,2,0,8,9,16
depression,depression,1,depression,B2,4.56,0,0,2,0,4,16,16
improvement,improvement,0,,B1,4.49,0,0,2,0,8,9,15
driver,driver,0,,A1,4.75,0,0,2,0,6,10,15
present-day,present-day,0,,off~B2,5.11,0,0,3,0,7,8,15
boom,boom,0,,C1,4.33,0,0,3,1,4,22,15
steady,steady,0,,B2,4.31,0,0,3,0,7,8,15
telescope,telescope,0,,off~C1+,3.75,0,0,2,0,5,10,15
ant,ant,0,,off~C1+,3.86,0,0,4,0,4,13,15
article,article,0,,A1,5.09,0,0,1,0,8,9,15
pope,pope,0,,off~B2,4.38,0,0,4,0,4,8,15
solar,solar,0,,B2,4.53,0,0,2,0,5,14,15
syndrome,syndrome,1,syndrome,C1,4.23,0,0,2,0,6,11,15
clay,clay,0,,off~C1,4.29,0,0,2,0,7,20,15
east,east,0,,A1,5.16,0,0,2,0,5,11,15
smooth,smooth,0,,B1,4.4,0,0,2,1,4,11,15
colleague,colleague,1,colleagues,A2,4.29,0,0,2,0,8,10,15
George,George,0,,off~B2,5.04,0,0,2,0,7,10,15
strengthen,strengthen,1,strengthen,B2,4.04,0,0,4,0,7,7,15
restoration,restoration,0,,C1,4.11,0,0,3,0,4,14,15
pack,pack,0,,A2,4.66,0,0,2,0,8,13,15
professor,professor,0,,A2,4.9,0,0,1,1,10,14,15
workplace,workplace,1,workplace,B2,4.04,0,0,2,0,6,10,15
necessity,necessity,1,necessity,B2,3.91,0,0,4,0,7,7,15
citizen,citizen,0,,B2,4.72,0,0,3,0,8,8,15
aging,aging,0,,off~C1,4.04,0,0,2,0,5,13,15
Paul,Paul,0,,off~B2,5.03,0,0,3,1,5,9,15
seriously,seriously,0,,B1,4.94,0,0,3,0,5,7,15
bestselling,bestselling,0,,off~B2,4.77,0,0,1,0,9,11,15
burn,burn,0,,A2,4.53,0,0,1,0,7,8,15
significantly,significantly,1,significantly,B2,4.54,0,0,3,0,9,9,15
thick,thick,0,,A2,4.46,0,0,1,0,8,10,15
humor,humor,0,,off~C1,4.19,0,0,2,1,5,10,15
dress,dress,0,,A1,4.76,0,0,1,0,9,17,15
castle,castle,0,,A2,4.45,0,0,2,0,5,11,15
twentieth-century,twentieth-century,0,,off~C1+,3.77,0,0,2,0,7,7,15
truth,truth,0,,B1,5.05,0,0,4,0,7,11,15
setting,setting,0,,B1,4.77,0,0,2,0,7,9,15
negative,negative,1,negative,A1,4.79,0,0,0,0,8,9,15
electricity,electricity,1,electricity,A2,4.43,0,0,2,0,5,12,15
baby,baby,0,,A1,5.26,0,0,2,0,5,7,15
participate,participate,1,participated,B1,4.42,0,0,1,0,6,8,15
Charles,Charles,0,,off~B2,4.77,0,0,4,0,5,11,15
considerable,considerable,1,considerable,B2,4.25,0,0,3,0,6,7,15
French,French,0,,off~B2,5.09,0,0,2,0,7,8,14
south,south,0,,A1,5.4,0,0,1,0,7,11,14
engine,engine,0,,A2,4.84,0,0,1,0,6,9,14
long-term,long-term,0,,B2,5.13,0,0,1,0,9,9,14
instrumental,instrumental,0,,C1,3.99,0,0,4,0,5,5,14
universal,universal,1,universal,B2,4.49,0,0,3,0,6,7,14
application,application,1,application,B1,4.86,0,0,1,0,10,11,14
protection,protection,0,,B2,4.85,0,0,2,0,7,12,14
biological,biological,1,biological,B2,4.31,0,0,0,0,7,12,14
consideration,consideration,0,,B2,4.28,0,0,4,0,4,5,14
americans,americans,0,,off~B2,4.83,0,0,2,0,5,7,14
frog,frog,0,,A2,3.89,0,0,4,0,3,9,14
observation,observation,1,observation,B2,4.13,0,0,3,0,5,7,14
concept,concept,1,concept,B2,4.77,0,0,1,0,7,8,14
exact,exact,0,,A2,4.51,0,0,2,0,5,7,14
expression,expression,1,expression,A2,4.55,0,0,2,0,7,9,14
poisonous,poisonous,0,,B1,3.57,0,0,2,0,7,8,14
welfare,welfare,1,welfare,B2,4.43,0,0,2,0,4,7,14
democracy,democracy,0,,B2,4.51,0,0,4,0,4,10,14
suddenly,suddenly,0,,A2,4.69,0,0,2,0,6,8,14
everywhere,everywhere,0,,A2,4.66,0,0,1,0,9,10,14
incidence,incidence,1,incidence,C1,3.64,0,0,3,0,5,7,14
bigger,bigger,0,,off~B2,4.74,0,0,2,0,7,7,14
excel,excel,0,,off~C1+,3.73,0,0,4,0,5,5,14
accurately,accurately,1,accurately,B2,3.99,0,0,1,1,6,8,14
wheat,wheat,1,wheat,B2,4.01,0,0,2,0,6,19,14
establishment,establishment,0,,C1,4.42,0,0,3,0,6,8,14
repeatedly,repeatedly,0,,off~C1,4.21,0,0,3,0,6,6,14
circle,circle,0,,A2,4.55,0,0,1,1,9,10,14
statue,statue,0,,B1,4.09,0,0,1,0,5,10,14
attraction,attraction,0,,B1,4.11,0,0,1,0,9,10,14
literate,literate,0,,off~C2,3.27,0,0,4,0,3,7,14
gamble,gamble,0,,C1,4.08,0,0,2,1,3,26,14
identity,identity,1,identity,B1,4.65,0,0,0,0,6,9,14
strain,strain,0,,C1,4.15,0,0,3,0,5,9,14
shock,shock,1,shocking,B2,4.46,0,0,2,1,7,11,14
fashion,fashion,0,,A2,4.82,0,0,2,1,6,10,14
treasure,treasure,1,treasure,B2,4.17,0,0,0,0,8,12,14
additional,additional,0,,B2,4.98,0,0,1,0,8,10,14
shortly,shortly,1,shortly,B2,4.47,0,0,4,0,6,6,14
giraffe,giraffe,0,,off~C2,3.32,0,0,4,0,3,11,14
politics,politics,0,,B1,4.87,0,0,2,0,6,7,14
intelligence,intelligence,1,intelligence,B1,4.7,0,0,2,0,4,18,14
constitute,constitute,0,,C1,3.85,0,0,3,0,8,8,14
norm,norm,0,,B2,3.93,0,0,2,0,5,9,14
fungus,fungus,0,,off~C1+,3.53,0,0,4,0,3,11,14
crisis,crisis,0,,B2,4.62,0,0,4,0,5,7,14
relax,relax,1,relaxed,A1,4.29,0,0,1,0,6,9,14
organism,organism,0,,off~C1+,3.8,0,0,2,0,6,13,14
llama,llama,0,,off~C2,2.95,0,0,4,0,3,11,14
crow,crow,0,,off~C1+,3.8,0,0,2,0,5,10,14
chief,chief,0,,B2,5.11,0,0,3,0,5,6,14
prediction,prediction,0,,B1,3.96,0,0,2,0,4,10,14
butterfly,butterfly,0,,off~C1+,3.93,0,0,4,0,3,11,14
violent,violent,0,,B1,4.46,0,0,1,0,6,18,13
James,James,0,,off~B2,5.11,0,0,2,0,5,7,13
imagination,imagination,1,imagination,B2,4.22,0,0,1,0,7,10,13
reproduce,reproduce,1,reproduce,C1,3.63,0,0,1,0,5,9,13
diplomatic,diplomatic,0,,C1,4.11,0,0,4,0,4,9,13
mysterious,mysterious,0,,B2,4.17,0,0,1,0,7,10,13
touch,touch,0,,A2,4.91,0,0,1,0,9,10,13
China,China,0,,off~B2,5.1,0,0,3,0,4,6,13
trouble,trouble,0,,A2,4.79,0,0,1,0,8,10,13
participant,participant,1,participants,B2,4.4,0,0,0,2,6,14,13
occasion,occasion,0,,B1,4.38,0,0,3,0,7,7,13
facility,facility,0,,B2,4.66,0,0,2,1,5,7,13
effectiveness,effectiveness,1,effectiveness,C1,4.05,0,0,2,0,6,6,13
general,general,0,,A2,5.47,0,0,1,0,9,11,13
comic,comic,1,comic,B2,4.42,0,0,1,0,7,9,13
string,string,0,,B1,4.4,0,0,1,0,6,11,13
someone,someone,0,,A1,5.63,0,0,1,2,7,9,13
unusually,unusually,0,,off~C1+,3.76,0,0,2,0,6,6,13
talented,talented,0,,B1,4.3,0,0,4,0,4,6,13
seal,seal,1,seal,C1,4.3,0,0,0,0,8,11,13
dictionary,dictionary,0,,A1,4.02,0,0,2,1,5,11,13
comfortable,comfortable,0,,A2,4.66,0,0,1,0,5,10,13
fifth,fifth,0,,A1,4.78,0,0,2,1,4,9,13
anger,anger,0,,B2,4.42,0,0,2,0,4,7,13
broad,broad,0,,B2,4.53,0,0,3,0,6,6,13
elderly,elderly,0,,B2,4.15,0,0,2,0,4,8,13
govern,govern,0,,B2,4.12,0,0,3,0,4,5,13
assumption,assumption,1,assumption,B2,4.07,0,0,3,0,6,6,13
vote,vote,0,,B1,5.11,0,0,2,0,5,9,13
metal,metal,0,,A2,4.82,0,0,1,0,7,12,13
soil,soil,0,,B1,4.42,0,0,1,0,8,9,13
phone,phone,0,,A1,5.3,0,0,2,0,6,12,13
orange,orange,0,,A1,4.62,0,0,2,0,5,12,13
disagreement,disagreement,0,,B2,3.66,0,0,3,0,5,5,13
kingdom,kingdom,1,kingdom,C1,4.62,0,0,1,0,7,8,13
mechanical,mechanical,1,mechanical,B2,4.33,0,0,2,0,4,10,13
electric,electric,0,,A2,4.72,0,0,3,0,5,10,13
depth,depth,1,depths,B2,4.55,0,0,1,0,8,10,13
producer,producer,0,,B1,4.44,0,0,3,0,5,5,13
fishing,fishing,0,,A2,4.47,0,0,2,0,4,8,13
commercially,commercially,0,,off~C1+,3.67,0,0,2,0,4,7,13
neighborhood,neighborhood,0,,off~B2,4.5,0,0,1,1,4,8,13
unpleasant,unpleasant,0,,B1,3.8,0,0,3,0,5,5,13
nutrient,nutrient,0,,off~C1+,3.71,0,0,2,0,5,9,13
eagle,eagle,0,,off~C1,4.22,0,0,2,0,4,10,12
worm,worm,0,,B2,3.78,0,0,2,1,3,10,12
diplomacy,diplomacy,0,,off~C1+,3.71,0,0,3,0,3,5,12
rank,rank,0,,B2,4.44,0,0,3,0,5,6,12
legislative,legislative,0,,C1,4.32,0,0,2,0,4,6,12
William,William,0,,off~B2,4.88,0,0,1,1,5,10,12
elect,elect,0,,B2,4.63,0,0,3,0,4,5,12
breathe,breathe,0,,B1,4.26,0,0,2,0,5,9,12
industrial,industrial,0,,B2,4.71,0,0,2,0,5,8,12
prosperity,prosperity,1,prosperity,C1,3.91,0,0,3,0,5,6,12
consumer,consumer,0,,B1,4.56,0,0,2,0,4,8,12
disposal,disposal,0,,C1,4.0,0,0,2,0,4,7,12
factory,factory,0,,A2,4.55,0,0,2,0,4,9,12
recovery,recovery,1,recovery,B2,4.58,0,0,2,0,4,6,12
tablet,tablet,0,,A2,4.05,0,0,2,0,5,14,12
apathy,apathy,0,,off~C2,3.26,0,0,3,1,3,5,12
plastic,plastic,0,,A2,4.51,0,0,2,1,3,17,12
concrete,concrete,1,concrete,B2,4.44,0,0,2,0,5,10,12
royal,royal,0,,B1,4.85,0,0,2,0,5,10,12
motion,motion,1,motion,B2,4.59,0,0,2,0,5,12,12
depiction,depiction,0,,off~C2,3.45,0,0,2,0,5,6,12
block,block,0,,B1,4.88,0,0,1,0,9,11,12
tiger,tiger,0,,off~B2,4.3,0,0,2,0,4,9,12
Robert,Robert,0,,off~B2,4.85,0,0,3,0,4,6,12
road,road,0,,A1,5.24,0,0,2,0,4,11,12
actor,actor,0,,A1,4.65,0,0,1,0,7,7,12
academic,academic,1,academic,B1,4.57,0,0,0,0,6,14,12
kakapo,kakapo,0,,off~C2,1.78,0,0,4,0,2,10,12
carl,carl,0,,off~C1,4.24,0,0,4,0,2,5,12
exciting,exciting,0,,A1,4.54,0,0,2,0,7,7,12
reptile,reptile,0,,off~C2,3.36,0,0,2,1,4,10,12
injure,injure,0,,B1,4.51,0,0,2,0,5,5,12
approve,approve,0,,B2,4.64,0,0,1,1,5,8,12
rivalry,rivalry,0,,off~C1+,3.8,0,0,3,0,4,5,12
exchange,exchange,1,exchange,B1,4.85,0,0,0,2,5,13,12
golden,golden,1,golden,B2,4.67,0,0,0,1,5,8,12
steer,steer,0,,C1,3.93,0,0,1,0,6,7,12
personality,personality,0,,A2,4.55,0,0,2,0,4,8,12
artifact,artifact,1,artifacts,off~C1+,3.72,0,0,0,0,5,11,12
legal,legal,1,legal,B1,5.08,0,0,0,0,9,10,12
governor,governor,0,,B2,4.71,0,0,4,0,2,10,12
hunting,hunting,0,,B2,4.42,0,0,1,0,8,9,12
superior,superior,1,superior,C1,4.46,0,0,2,0,7,8,12
middle,middle,0,,A2,5.18,0,0,1,1,6,6,12
listen,listen,0,,A1,5.06,0,0,1,0,5,18,12
helpful,helpful,0,,A2,4.43,0,0,3,0,5,5,12
output,output,0,,B2,4.43,0,0,4,0,3,4,12
simplicity,simplicity,0,,off~C1+,3.77,0,0,3,0,5,7,12
unparalleled,unparalleled,0,,off~C2,3.2,0,0,4,0,4,4,12
spell,spell,1,spelling,A1,4.37,0,0,0,0,7,12,12
rodent,rodent,0,,off~C2,3.32,0,0,2,0,4,26,12
regional,regional,1,regional,B2,4.72,0,0,3,0,5,9,12
calm,calm,0,,B1,4.54,0,0,2,0,5,6,12
prose,prose,0,,off~C1+,3.72,0,0,4,0,3,4,12
outspoken,outspoken,0,,off~C2,3.35,0,0,3,0,5,5,12
peak,peak,0,,C1,4.53,0,0,3,0,6,6,12
clothes,clothes,0,,A1,4.72,0,0,3,0,5,6,12
individualism,individualism,1,individualism,off~C2,3.0,0,0,2,0,4,10,12
rainfall,rainfall,0,,off~C1+,3.82,0,0,2,0,4,5,12
urban,urban,0,,B2,4.65,0,0,1,0,6,8,12
stimulate,stimulate,0,,B2,3.67,0,0,3,0,4,5,12
british,british,0,,off~B2,5.18,0,0,3,0,5,5,12
gastrointestinal,gastrointestinal,0,,off~C2,3.27,0,0,2,1,3,12,12
emperor,emperor,0,,off~C1,4.25,0,0,2,0,6,7,12
bamboo,bamboo,0,,off~C1+,3.65,0,0,2,0,5,14,12
asleep,asleep,0,,A2,4.36,0,0,2,0,4,7,12
breeding,breeding,0,,off~C1,4.08,0,0,2,1,3,12,12
welcome,welcome,0,,A1,4.99,0,0,2,0,5,5,12
precise,precise,0,,B2,4.13,0,0,2,0,3,6,12
papyrus,papyrus,0,,off~C2,2.9,0,0,4,0,2,10,12
spit,spit,0,,off~C1+,3.85,0,0,4,0,2,7,12
oak,oak,0,,off~C1,4.18,0,0,4,0,2,10,12
japan,japan,0,,off~B2,4.89,0,0,2,0,5,7,11
weaken,weaken,0,,C1,3.73,0,0,2,0,5,5,11
viewer,viewer,0,,B1,4.22,0,0,2,0,4,9,11
hate,hate,0,,A1,5.11,0,0,3,0,4,7,11
reliable,reliable,1,reliable,B1,4.29,0,0,1,0,6,7,11
prime,prime,1,prime,B2,4.81,0,0,1,1,5,6,11
inaccurate,inaccurate,0,,off~C1+,3.65,0,0,2,0,5,5,11
advisor,advisor,0,,off~C1,4.01,0,0,2,1,3,6,11
west,west,0,,A1,5.29,0,0,2,0,5,7,11
effectively,effectively,0,,B1,4.49,0,0,3,0,5,5,11
sophisticated,sophisticate,1,sophisticated,B2,4.05,0,0,0,0,8,9,11
globe,globe,1,globe,B2,4.28,0,0,2,0,4,7,11
psychological,psychological,1,psychological,B2,4.27,0,0,0,1,6,13,11
agreement,agreement,0,,B1,4.88,0,0,2,0,5,5,11
paleontologist,paleontologist,0,,off~C2,2.52,0,0,2,1,2,10,11
unlikely,unlikely,0,,B1,4.31,0,0,1,0,7,7,11
profitable,profitable,0,,C1,4.03,0,0,1,0,4,6,11
toxin,toxin,0,,off~C2,3.5,0,0,3,0,3,4,11
unsuccessfully,unsuccessfully,0,,off~C2,3.28,0,0,3,0,4,5,11
drawing,drawing,0,,A2,4.58,0,0,2,0,6,10,11
solid,solid,0,,B1,4.73,0,0,2,0,5,9,11
actress,actress,0,,A1,4.45,0,0,2,0,3,6,11
bus,bus,0,,A1,4.83,0,0,2,0,5,9,11
perception,perception,1,perception,B2,4.18,0,0,0,0,8,8,11
toy,toy,0,,A2,4.3,0,0,1,0,4,10,11
custom,custom,0,,B1,4.43,0,0,2,0,4,11,11
evolution,evolution,1,evolution,B2,4.41,0,0,1,0,5,8,11
parrot,parrot,0,,off~C2,3.49,0,0,3,0,3,7,11
director,director,0,,A2,5.15,0,0,1,0,9,10,11
ill,ill,0,,A2,4.72,0,0,2,0,5,5,11
palm,palm,0,,B2,4.23,0,0,2,0,4,8,11
auction,auction,0,,B2,4.27,0,0,2,0,3,9,11
alternative,alternative,1,alternative,A2,4.71,0,0,1,0,6,6,11
liquid,liquid,0,,B1,4.39,0,0,2,0,4,16,11
boil,boil,0,,A2,3.83,0,0,2,0,4,11,11
disprove,disprove,0,,off~C2,2.93,0,0,2,0,4,5,11
adaptation,adaptation,0,,C1,4.01,0,0,2,0,5,5,11
formal,formal,0,,A2,4.45,0,0,2,0,5,5,11
cave,cave,0,,B2,4.2,0,0,1,0,5,5,11
astonish,astonish,1,astonishing,B2,3.67,0,0,0,1,7,9,11
cattle,cattle,0,,C1,4.15,0,0,2,0,4,12,11
transportation,transportation,1,transportation,B2,4.57,0,0,1,0,5,7,11
proud,proud,0,,B1,4.78,0,0,2,0,3,8,11
poison,poison,0,,B1,4.08,0,0,1,0,6,7,11
humorous,humorous,0,,B2,3.6,0,0,1,0,6,7,11
complain,complain,0,,A2,4.23,0,0,3,0,4,5,11
automobile,automobile,0,,off~C1+,3.94,0,0,2,0,4,10,11
news,news,0,,A1,5.44,0,0,1,0,6,8,11
comprise,comprise,0,,B2,3.88,0,0,2,0,6,6,11
silk,silk,0,,B2,4.11,0,0,2,0,4,10,11
salty,salty,0,,off~C1+,3.74,0,0,3,0,4,8,11
shelter,shelter,0,,B2,4.25,0,0,2,0,4,5,11
immigrant,immigrant,0,,B1,4.37,0,0,2,0,3,6,11
violence,violence,0,,B2,4.75,0,0,2,0,4,6,11
breathing,breathing,0,,B1,4.28,0,0,2,0,4,8,11
mobile,mobile,0,,A2,4.85,0,0,3,0,2,7,11
cooperation,cooperation,1,cooperation,off~B2,4.3,0,0,2,0,5,5,11
duty,duty,0,,B1,4.71,0,0,1,0,6,8,11
opium,opium,0,,off~C2,3.46,0,0,2,1,2,14,11
renew,renew,0,,C1,4.04,0,0,3,0,4,4,11
artwork,artwork,0,,B2,4.11,0,0,2,0,5,6,10
blind,blind,0,,B2,4.52,0,0,2,0,3,13,10
reconstruction,reconstruction,0,,C1,3.96,0,0,3,0,3,4,10
achievement,achievement,1,achievement,B1,4.36,0,0,1,0,6,9,10
arrival,arrival,0,,B1,4.44,0,0,1,0,6,7,10
politician,politician,0,,B1,4.54,0,0,2,0,5,7,10
lay,lay,0,,B1,4.64,0,0,2,0,5,6,10
mountainous,mountainous,0,,off~C2,3.38,0,0,2,0,5,6,10
oxide,oxide,0,,off~C1+,3.66,0,0,2,0,3,8,10
array,array,1,array,C1,4.1,0,0,1,0,8,8,10
appliance,appliance,0,,off~C1+,3.71,0,0,2,0,3,7,10
realistic,realistic,0,,B2,4.16,0,0,1,0,5,5,10
passage,passage,0,,B2,4.27,0,0,2,0,5,5,10
bottom,bottom,0,,A2,4.84,0,0,2,0,4,10,10
technical,technical,1,technical,B1,4.75,0,0,0,0,5,6,10
compete,compete,0,,A2,4.39,0,0,1,0,5,5,10
imaginary,imaginary,0,,B1,3.79,0,0,2,0,3,6,10
cease,cease,0,,C1,4.03,0,0,3,0,4,4,10
bulb,bulb,0,,off~C1+,3.66,0,0,2,0,4,8,10
lift,lift,0,,A2,4.5,0,0,1,0,5,6,10
admirer,admirer,0,,off~C2,3.19,0,0,3,0,3,4,10
theme,theme,0,,B1,4.62,0,0,2,0,6,6,10
regardless,regardless,1,regardless,C1,4.48,0,0,2,0,5,6,10
allude,allude,0,,off~C2,3.11,0,0,3,0,3,4,10
unprecedented,unprecedented,1,unprecedented,C1,3.82,0,0,2,0,4,5,10
brightness,brightness,0,,off~C1+,3.57,0,0,2,0,3,5,10
decorative,decorative,0,,off~C1+,3.8,0,0,1,0,6,7,10
abound,abound,0,,off~C2,3.27,0,0,1,1,5,6,10
mirror,mirror,0,,A2,4.47,0,0,2,0,4,5,10
fellow,fellow,0,,B2,4.76,0,0,1,0,6,6,10
alive,alive,0,,A2,4.76,0,0,1,0,6,7,10
bread,bread,0,,A1,4.5,0,0,2,0,5,10,10
dwelling,dwelling,0,,off~C1+,3.74,0,0,2,0,4,6,10
confuse,confuse,0,,B1,4.47,0,0,2,0,4,4,10
distant,distant,0,,B2,4.19,0,0,3,0,4,4,10
supporter,supporter,0,,B1,4.46,0,0,2,0,3,4,10
founder,founder,1,founder,B2,4.46,0,0,1,0,7,7,10
historic,historic,0,,B1,4.49,0,0,1,0,5,6,10
smoking,smoking,0,,A2,4.52,0,0,2,0,3,11,10
ruin,ruin,0,,B2,4.31,0,0,1,0,5,6,10
twice,twice,0,,A1,4.84,0,0,2,0,6,6,10
abuse,abuse,0,,C1,4.66,0,0,3,0,3,7,10
spontaneously,spontaneously,0,,off~C2,3.34,0,0,1,1,5,6,10
chemist,chemist,0,,off~C1+,3.51,0,0,1,0,7,7,10
owl,owl,0,,off~C1+,3.87,0,0,2,0,3,7,10
koala,koala,0,,off~C2,3.04,0,0,2,0,3,7,10
horrify,horrify,0,,off~C2,3.46,0,0,2,0,3,5,10
specialize,specialize,0,,B2,4.07,0,0,2,0,4,8,10
prestigious,prestigious,1,prestigious,C1,3.86,0,0,1,0,7,7,10
interact,interact,0,,B2,4.05,0,0,1,0,6,8,10
shallow,shallow,0,,B2,4.04,0,0,2,0,5,9,10
careful,careful,0,,A2,4.59,0,0,1,0,5,5,10
steam,steam,0,,B2,4.52,0,0,2,0,3,8,10
peaceful,peaceful,0,,B1,4.28,0,0,2,0,5,5,10
feminist,feminist,0,,C1,4.12,0,0,1,0,5,8,10
respectful,respectful,0,,off~C1+,3.71,0,0,1,0,5,6,10
concentration,concentration,1,concentration,B2,4.27,0,0,1,0,6,7,10
diplomat,diplomat,0,,C1,3.69,0,0,3,0,3,7,10
key,key,0,,A1,5.12,0,0,1,0,8,8,10
contradictory,contradictory,0,,off~C2,3.48,0,0,3,0,4,4,10
prevalence,prevalence,0,,C1,3.66,0,0,3,0,3,4,10
asthma,asthma,0,,off~C1+,3.73,0,0,2,0,2,8,10
physically,physically,1,physically,off~B2,4.3,0,0,0,0,6,7,10
elsewhere,elsewhere,0,,B2,4.46,0,0,1,0,7,7,10
advice,advice,0,,A1,4.88,0,0,1,0,6,6,10
dominant,dominant,0,,B2,4.23,0,0,2,0,4,5,10
similarity,similarity,0,,B1,3.79,0,0,2,0,4,4,10
accuracy,accuracy,0,,B2,4.24,0,0,2,0,5,5,10
interpret,interpret,0,,B2,3.92,0,0,1,0,6,6,10
Alice,Alice,0,,off~C1,4.26,0,0,3,0,3,5,10
owe,owe,0,,B2,4.13,0,0,2,0,6,6,10
genetically,genetically,0,,off~C1+,3.66,0,0,1,1,3,5,10
pharaoh,pharaoh,0,,off~C2,3.32,0,0,2,0,3,5,10
palace,palace,0,,A2,4.45,0,0,2,0,4,10,10
autobiography,autobiography,0,,off~C1+,3.63,0,0,3,0,3,7,10
circumstance,circumstance,1,circumstances,B2,4.59,0,0,2,0,6,6,10
beloved,beloved,1,beloved,C1,4.17,0,0,0,0,7,8,10
wildlife,wildlife,0,,B2,4.33,0,0,2,0,3,6,10
satellite,satellite,0,,B2,4.33,0,0,2,0,4,8,10
odd,odd,0,,B1,4.42,0,0,2,0,5,6,10
pottery,pottery,0,,off~C1+,3.7,0,0,2,0,3,8,10
render,render,1,render,C1,3.88,0,0,2,0,6,6,10
smoke,smoke,0,,A2,4.67,0,0,1,0,4,8,10
grave,grave,0,,C1,4.31,0,0,2,1,4,6,10
literacy,literacy,0,,C1,3.9,0,0,2,0,4,5,10
sixteenth-century,sixteenth-century,0,,off~C2,3.37,0,0,2,0,3,8,10
naval,naval,0,,C1,4.24,0,0,2,0,3,4,10
victory,victory,0,,B2,4.73,0,0,3,0,3,5,10
teen,teen,0,,B2,4.33,0,0,2,0,3,8,10
mid,mid,0,,off~B2,4.82,0,0,2,0,4,8,10
nearby,nearby,1,nearby,B2,4.55,0,0,0,0,8,8,10
exotic,exotic,0,,B2,3.91,0,0,1,1,3,5,10
essay,essay,0,,A2,4.23,0,0,2,0,4,8,10
crystalline,crystalline,0,,off~C2,3.24,0,0,2,0,3,6,10
radio,radio,0,,A1,5.01,0,0,2,0,3,10,10
undertaking,undertaking,0,,off~C1+,3.72,0,0,2,1,4,5,10
agriculture,agriculture,1,agriculture,B2,4.37,0,0,2,0,4,5,10
sole,sole,0,,C1,4.29,0,0,3,0,4,4,10
freshwater,freshwater,0,,off~C1+,3.52,0,0,2,0,3,7,10
disaster,disaster,0,,A2,4.39,0,0,2,0,4,8,10
pupil,pupil,0,,B2,4.18,0,0,2,0,3,5,10
steel,steel,0,,B2,4.71,0,0,2,0,3,10,10
wane,wane,0,,off~C2,3.05,0,0,3,0,4,4,10
tragic,tragic,0,,B2,4.08,0,0,2,0,3,5,9
afternoon,afternoon,0,,A1,4.72,0,0,2,0,3,8,9
officially,officially,0,,off~B2,4.53,0,0,1,1,4,5,9
patent,patent,0,,C1,4.18,0,0,2,0,3,7,9
dioxide,dioxide,0,,off~C1+,3.81,0,0,2,0,2,7,9
weapon,weapon,0,,B1,4.75,0,0,1,0,5,5,9
ease,ease,0,,C1,4.34,0,0,3,0,2,3,9
pleasure,pleasure,0,,B1,4.57,0,0,1,0,5,6,9
supplant,supplant,0,,off~C2,2.81,0,0,3,0,2,3,9
rope,rope,0,,B1,4.06,0,0,2,0,3,10,9
equip,equip,1,equipped,B2,4.28,0,0,0,1,6,7,9
announce,announce,0,,B1,4.96,0,0,1,0,6,7,9
functional,functional,0,,C1,4.24,0,0,3,0,2,3,9
evil,evil,0,,B2,4.74,0,0,1,0,7,7,9
discourage,discourage,0,,B2,3.62,0,0,2,0,4,4,9
incomplete,incomplete,0,,off~C1+,3.85,0,0,2,0,4,4,9
relative,relative,0,,B1,4.48,0,0,2,0,5,5,9
enterprise,enterprise,0,,C1,4.38,0,0,3,0,2,3,9
neural,neural,0,,off~C1+,3.76,0,0,2,0,2,9,9
biographer,biographer,0,,off~C2,3.09,0,0,2,0,4,4,9
suggestion,suggestion,0,,A2,4.24,0,0,1,0,7,8,9
bent,bent,0,,B2,3.99,0,0,2,0,3,8,9
politically,politically,0,,off~C1,4.06,0,0,3,0,2,4,9
precipitate,precipitate,0,,off~C2,2.99,0,0,3,0,2,3,9
darkness,darkness,0,,B2,4.3,0,0,1,0,5,5,9
justice,justice,0,,B2,4.97,0,0,1,0,3,10,9
tone,tone,0,,B2,4.49,0,0,1,0,4,6,9
correctly,correctly,0,,A2,4.21,0,0,2,1,4,4,9
bias,bias,0,,B2,4.18,0,0,1,0,3,9,9
misunderstand,misunderstand,0,,off~C1+,3.61,0,0,3,0,3,3,9
intricacy,intricacy,0,,off~C2,2.33,0,0,3,0,2,3,9
descartes,descartes,0,,off~C2,2.96,0,0,3,0,2,4,9
seventeenth,seventeenth,0,,off~C2,3.35,0,0,2,0,3,4,9
dive,dive,0,,B2,4.12,0,0,2,0,2,8,9
spacecraft,spacecraft,0,,off~C1+,3.75,0,0,2,0,3,9,9
unpopular,unpopular,0,,off~C1+,3.72,0,0,2,0,3,4,9
nobleman,nobleman,0,,off~C2,3.02,0,0,2,0,4,7,9
spider,spider,0,,A2,4.25,0,0,2,0,2,14,9
Italy,Italy,0,,off~B2,4.66,0,0,3,0,2,6,9
definition,definition,1,definition,B1,4.58,0,0,0,1,4,6,9
discontinue,discontinue,0,,off~C1+,3.63,0,0,2,0,5,5,9
nurse,nurse,0,,A1,4.4,0,0,2,0,3,7,9
actual,actual,0,,B2,4.85,0,0,1,0,6,6,9
thoroughly,thoroughly,0,,B2,4.09,0,0,2,0,4,4,9
nest,nest,0,,C1,4.07,0,0,2,0,3,7,9
thin,thin,0,,A2,4.47,0,0,1,0,4,5,9
capacity,capacity,0,,B2,4.71,0,0,1,0,4,5,9
Benjamin,Benjamin,0,,off~C1,4.16,0,0,2,0,2,9,9
guideline,guideline,0,,B2,4.25,0,0,2,0,3,5,9
chemistry,chemistry,0,,A2,4.35,0,0,2,1,2,8,9
alphabet,alphabet,0,,off~C1+,3.7,0,0,2,0,2,10,9
champion,champion,0,,B1,4.62,0,0,1,0,5,6,9
sodium,sodium,0,,off~C1+,3.87,0,0,2,0,2,8,9
proper,proper,0,,B1,4.72,0,0,1,1,4,6,9
lemming,lemming,0,,off~C2,2.5,0,0,2,0,2,32,9
ninth,ninth,0,,off~C1,4.07,0,0,2,0,3,7,9
bat,bat,0,,B2,4.3,0,0,1,0,4,4,9
favour,favour,0,,B1,4.31,0,0,3,0,2,3,9
wise,wise,0,,B2,4.51,0,0,2,0,4,5,9
gene,gene,0,,B2,4.36,0,0,2,0,3,7,9
rid,rid,0,,B2,4.5,0,0,2,0,4,4,9
slave,slave,0,,B2,4.31,0,0,2,0,3,13,9
climatic,climatic,0,,off~C2,3.2,0,0,2,0,2,6,9
logic,logic,0,,C1,4.36,0,0,3,0,2,6,9
volcanic,volcanic,0,,off~C1+,3.71,0,0,2,0,3,7,9
respond,respond,1,respond,A2,4.53,0,0,0,0,6,7,9
reservation,reservation,0,,B1,3.95,0,0,3,0,2,4,9
cathedral,cathedral,0,,off~C1,3.99,0,0,2,0,2,4,9
conviction,conviction,0,,C1,4.14,0,0,3,0,2,4,9
safeguard,safeguard,0,,off~C1+,3.55,0,0,1,0,3,6,9
reside,reside,0,,C1,3.67,0,0,3,0,3,3,9
normal,normal,0,,A2,5.01,0,0,2,0,2,8,9
zinc,zinc,0,,off~C1+,3.65,0,0,2,0,2,7,9
renown,renown,0,,off~C2,3.11,0,0,3,0,3,3,9
infrastructure,infrastructure,0,,B2,4.46,0,0,3,0,3,3,9
casino,casino,0,,C1,4.16,0,0,2,1,2,13,9
michelangelo's,michelangelo's,0,,off~C2,2.37,0,0,3,0,2,4,9
advancement,advancement,0,,off~C1+,3.81,0,0,3,0,2,3,9
rebuild,rebuild,0,,B2,3.9,0,0,2,0,2,3,8
nobility,nobility,0,,off~C2,3.47,0,0,2,0,3,7,8
avid,avid,0,,off~C2,3.5,0,0,2,0,3,4,8
fictional,fictional,0,,off~C1+,3.86,0,0,1,0,4,5,8
intensive,intensive,0,,C1,4.06,0,0,2,0,4,4,8
well-being,well-being,0,,C1,5.69,0,0,1,0,4,5,8
ineffective,ineffective,0,,off~C1+,3.66,0,0,2,1,3,3,8
dinosaur,dinosaur,0,,off~C1+,3.77,0,0,2,0,2,6,8
warning,warning,0,,B1,4.59,0,0,1,0,4,5,8
institute,institute,0,,B2,4.8,0,0,2,0,4,4,8
sixteen,sixteen,0,,A1,3.95,0,0,2,0,2,7,8
underlie,underlie,0,,C1,4.17,0,0,1,0,4,5,8
urge,urge,0,,B2,4.11,0,0,1,0,5,5,8
instance,instance,1,instance,B2,4.59,0,0,0,0,8,9,8
speculation,speculation,0,,B2,3.99,0,0,1,0,5,5,8
wart,wart,0,,off~C2,3.01,0,0,2,0,2,6,8
endanger,endanger,0,,off~C2,3.23,0,0,2,0,4,4,8
racism,racism,0,,B2,4.25,0,0,2,0,2,6,8
psychology,psychology,0,,B2,4.31,0,0,2,0,2,4,8
funding,funding,0,,B2,4.63,0,0,1,0,3,4,8
unappreciated,unappreciated,0,,off~C2,2.58,0,0,2,0,2,3,8
aardvark,aardvark,0,,off~C2,2.39,0,0,2,0,2,6,8
machinery,machinery,0,,C1,4.02,0,0,2,0,2,4,8
waterproof,waterproof,0,,off~C1+,3.55,0,0,2,0,3,7,8
swiss,swiss,0,,off~C1,4.21,0,0,2,0,3,4,8
fiercely,fiercely,0,,off~C2,3.35,0,0,2,0,3,4,8
eighteen,eighteen,0,,A1,3.81,0,0,2,0,3,7,8
eliot's,eliot's,0,,off~C2,2.29,0,0,2,0,2,5,8
mural,mural,0,,off~C2,3.49,0,0,2,0,2,6,8
roughly,roughly,1,roughly,B2,4.36,0,0,1,0,6,6,8
lifespan,lifespan,0,,off~C2,3.37,0,0,2,0,3,4,8
eyesight,eyesight,0,,off~C2,3.28,0,0,1,0,5,5,8
genetics,genetics,0,,off~C1+,3.84,0,0,2,0,2,6,8
strictly,strictly,0,,B2,4.16,0,0,2,0,3,3,8
countless,countless,1,countless,C1,3.96,0,0,0,0,6,7,8
accessible,accessible,0,,C1,4.18,0,0,2,0,4,4,8
expertise,expertise,0,,B2,4.06,0,0,1,0,5,5,8
reproductive,reproductive,0,,off~C1+,3.8,0,0,2,0,3,4,8
accomplishment,accomplishment,0,,C1,3.75,0,0,1,0,4,4,8
gallery,gallery,0,,A2,4.49,0,0,2,0,2,5,8
exclusively,exclusively,0,,C1,4.24,0,0,2,0,4,4,8
apparently,apparently,0,,B2,4.8,0,0,2,0,4,4,8
flavor,flavor,1,flavor,off~C1,4.04,0,0,0,0,6,9,8
outsider,outsider,0,,C1,3.56,0,0,2,1,2,5,8
incorrectly,incorrectly,0,,off~C1+,3.57,0,0,2,1,2,3,8
strawberry,strawberry,0,,off~C1+,3.72,0,0,2,0,2,6,8
attain,attain,0,,C1,3.6,0,0,2,0,4,4,8
antibody,antibody,0,,off~C1+,3.56,0,0,2,0,3,6,8
whaling,whaling,0,,off~C2,3.26,0,0,2,0,2,3,8
bizarre,bizarre,1,bizarre,C1,4.02,0,0,1,0,4,5,8
manifestation,manifestation,0,,off~C2,3.43,0,0,2,0,4,4,8
steadily,steadily,0,,B2,3.84,0,0,2,0,4,4,8
treatise,treatise,0,,off~C2,3.38,0,0,2,0,2,3,8
healing,healing,0,,off~C1,4.23,0,0,1,0,3,5,8
indigenous,indigenous,0,,C1,4.16,0,0,1,0,4,7,8
far-reach,far-reach,0,,off~B2,4.83,0,0,2,0,4,4,8
brave,brave,0,,B1,4.33,0,0,2,0,3,3,8
rush,rush,0,,B2,4.48,0,0,2,0,3,4,8
tension,tension,0,,B2,4.22,0,0,1,0,4,5,8
bow,bow,0,,C1,4.3,0,0,2,0,3,9,8
inch,inch,0,,B2,4.49,0,0,2,0,3,7,8
fifteen,fifteen,0,,A1,4.14,0,0,1,0,5,5,8
son,son,0,,A1,5.28,0,0,1,0,4,5,8
eruption,eruption,0,,off~C1+,3.52,0,0,2,0,2,6,8
sometime,sometime,0,,B2,4.16,0,0,2,0,3,3,8
absolute,absolute,0,,B2,4.54,0,0,2,0,3,3,8
cognitive,cognitive,0,,C1,4.11,0,0,2,0,2,4,8
long-lasting,long-lasting,0,,off~C1,4.1,0,0,2,0,3,3,8
readily,readily,0,,C1,3.93,0,0,1,0,5,5,8
cooperate,cooperate,0,,C1,3.79,0,0,2,0,2,3,8
hotter,hotter,0,,off~C1+,3.6,0,0,2,0,3,3,8
punish,punish,0,,B1,4.0,0,0,2,0,3,3,8
Anthony,Anthony,0,,off~B2,4.41,0,0,2,0,2,6,8
oyster,oyster,0,,off~C1+,3.54,0,0,2,0,2,4,8
victorious,victorious,0,,off~C1+,3.57,0,0,2,0,3,3,8
troop,troop,1,troop,B2,4.64,0,0,1,0,5,7,8
shah,shah,0,,off~C1+,3.81,0,0,2,0,2,4,8
uneasy,uneasy,0,,off~C2,3.45,0,0,2,0,3,3,8
crown,crown,0,,C1,4.56,0,0,2,0,2,3,8
beethoven's,beethoven's,0,,off~C2,2.78,0,0,2,0,2,6,8
extinction,extinction,0,,off~C1+,3.76,0,0,2,0,3,4,8
unfavorable,unfavorable,0,,off~C2,3.21,0,0,2,0,3,3,8
henry,henry,0,,off~B2,4.74,0,0,2,0,3,4,8
Margaret,Margaret,0,,off~C1,4.23,0,0,2,0,3,4,8
England,England,0,,off~B2,5.12,0,0,1,0,4,4,8
saxophonist,saxophonist,0,,off~C2,2.74,0,0,2,0,2,3,8
meteorologist,meteorologist,0,,off~C2,2.92,0,0,2,0,2,6,8
resemble,resemble,0,,C1,3.73,0,0,2,0,3,3,8
tomorrow,tomorrow,0,,A1,5.02,0,0,2,0,2,4,8
china,china,0,,off~B2,5.1,0,0,1,1,2,7,8
rough,rough,0,,B1,4.49,0,0,1,0,3,5,8
seabird,seabird,0,,off~C2,2.71,0,0,2,0,2,4,8
ethical,ethical,0,,B2,4.07,0,0,2,0,2,5,8
notable,notable,0,,C1,4.07,0,0,2,0,4,4,8
furniture,furniture,1,furniture,A2,4.29,0,0,0,1,4,5,8
formidable,formidable,0,,off~C1+,3.65,0,0,1,1,4,5,8
peanut,peanut,0,,off~C1+,3.9,0,0,2,0,2,6,8
socialist,socialist,0,,C1,4.22,0,0,2,0,2,7,8
snowy,snowy,0,,off~C2,3.46,0,0,2,0,2,6,7
surge,surge,0,,C1,3.82,0,0,1,1,3,4,7
involvement,involvement,0,,C1,4.3,0,0,1,0,4,4,7
timekeeping,timekeeping,0,,off~C2,2.33,0,0,1,0,3,5,7
deplete,deplete,0,,off~C2,3.45,0,0,2,0,3,3,7
notwithstanding,notwithstanding,0,,off~C2,3.48,0,0,1,0,4,4,7
internationally,internationally,0,,off~C1+,3.95,0,0,1,0,4,4,7
frequent,frequent,0,,B2,4.27,0,0,1,0,3,3,7
sundial,sundial,0,,off~C2,2.46,0,0,2,0,2,6,7
constant,constant,1,constant,B2,4.54,0,0,1,0,5,5,7
door,door,0,,A1,5.08,0,0,1,0,4,4,7
primate,primate,0,,off~C2,3.2,0,0,2,0,2,5,7
defect,defect,0,,C1,3.77,0,0,2,0,2,7,7
specifically,specifically,0,,B1,4.65,0,0,1,0,4,4,7
abstract,abstract,1,abstract,B2,4.14,0,0,1,0,5,5,7
counter,counter,0,,B2,4.56,0,0,1,0,4,4,7
sufficient,sufficient,0,,B2,4.32,0,0,2,0,3,3,7
underground,underground,0,,A2,4.32,0,0,1,0,5,8,7
poetic,poetic,0,,off~C1+,3.69,0,0,2,0,2,4,7
substantial,substantial,0,,C1,4.33,0,0,1,0,4,4,7
prosper,prosper,0,,off~C2,3.45,0,0,1,0,4,5,7
noteworthy,noteworthy,0,,off~C2,3.49,0,0,1,0,3,4,7
mere,mere,0,,C1,4.13,0,0,1,0,5,5,7
comment,comment,0,,A2,4.88,0,0,1,0,3,4,7
fun,fun,0,,A1,5.3,0,0,1,0,4,4,7
yellow,yellow,0,,A1,4.69,0,0,1,0,4,6,7
alligator,alligator,0,,off~C2,3.32,0,0,2,0,2,6,7
boundary,boundary,0,,C1,4.25,0,0,1,1,3,6,7
fundamental,fundamental,0,,B2,4.33,0,0,2,0,3,3,7
japanese,japanese,0,,off~B2,4.81,0,0,1,0,3,3,7
insightful,insightful,0,,off~C2,3.41,0,0,2,0,3,3,7
pop,pop,0,,A2,4.87,0,0,2,0,2,6,7
unfinished,unfinished,0,,off~C1+,3.72,0,0,1,0,3,4,7
cool,cool,0,,A1,5.15,0,0,1,0,4,4,7
kid,kid,0,,A2,5.28,0,0,1,0,5,5,7
regime,regime,0,,C1,4.3,0,0,2,0,3,3,7
minister,minister,0,,B2,5.04,0,0,1,0,3,3,7
Elizabeth,Elizabeth,0,,off~B2,4.47,0,0,1,0,4,4,7
preeminent,preeminent,0,,off~C1+,3.54,0,0,2,0,3,3,7
universally,universally,0,,off~C1+,3.63,0,0,1,0,5,5,7
colonist,colonist,0,,off~C2,3.35,0,0,1,1,3,5,7
witness,witness,0,,B2,4.52,0,0,1,0,5,5,7
thirty-three,thirty-three,0,,off~B2,4.36,0,0,2,0,2,3,7
thirteen,thirteen,0,,A1,3.89,0,0,2,0,2,6,7
stability,stability,0,,C1,4.31,0,0,1,0,4,4,7
proximity,proximity,0,,off~C1+,3.88,0,0,1,0,4,4,7
thinker,thinker,0,,off~C2,3.48,0,0,2,0,3,3,7
scientifically,scientifically,0,,off~C2,3.45,0,0,1,0,3,4,7
pride,pride,0,,B2,4.49,0,0,2,0,3,3,7
respiratory,respiratory,0,,off~C1+,3.81,0,0,2,0,2,7,7
arouse,arouse,0,,off~C2,3.35,0,0,1,0,3,4,7
thereby,thereby,1,thereby,C1,4.03,0,0,1,0,5,6,7
shed,shed,0,,C1,4.23,0,0,2,0,3,3,7
stylistically,stylistically,0,,off~C2,2.65,0,0,2,0,2,4,7
mozart's,mozart's,0,,off~C2,2.66,0,0,1,0,3,3,7
expectancy,expectancy,0,,off~C2,3.49,0,0,2,0,3,3,7
optimal,optimal,0,,off~C1+,3.94,0,0,2,0,3,3,7
surrounding,surrounding,0,,B2,4.49,0,0,1,0,5,6,7
circular,circular,0,,off~C1+,3.96,0,0,1,0,3,3,7
laud,laud,0,,off~C2,3.17,0,0,2,0,3,3,7
voter,voter,0,,off~B2,4.46,0,0,2,0,2,3,7
creator,creator,0,,C1,4.21,0,0,1,0,4,4,7
validity,validity,0,,C1,3.7,0,0,1,0,3,4,7
reconciliation,reconciliation,0,,off~C1+,3.72,0,0,2,0,2,4,7
chrysanthemum,chrysanthemum,0,,off~C2,2.57,0,0,2,0,2,6,7
pound,pound,0,,A1,4.53,0,0,1,0,3,4,7
embarrass,embarrass,0,,B1,4.15,0,0,1,0,3,3,7
continually,continually,0,,C1,3.91,0,0,2,0,2,3,7
eminent,eminent,0,,off~C1+,3.56,0,0,1,0,5,5,7
equality,equality,0,,C1,4.26,0,0,1,0,3,4,7
react,react,0,,A2,4.16,0,0,2,0,2,5,7
ultimately,ultimately,1,ultimately,B2,4.57,0,0,0,0,6,6,7
porcelain,porcelain,0,,off~C1+,3.56,0,0,2,0,2,6,7
nobody,nobody,0,,A1,4.95,0,0,1,0,5,5,7
midwives,midwive,0,,off~C2,3.09,0,0,2,0,2,6,7
vacation,vacation,0,,A1,4.4,0,0,2,0,3,4,7
crocodile,crocodile,0,,off~C2,3.49,0,0,2,0,2,3,7
remnant,remnant,0,,off~C1+,3.51,0,0,1,1,3,4,7
excellence,excellence,0,,C1,4.07,0,0,2,0,2,5,7
emergence,emergence,0,,C1,3.74,0,0,2,0,3,3,7
sociologist,sociologist,0,,off~C2,3.04,0,0,2,0,2,6,7
inexpensive,inexpensive,0,,off~C1+,3.57,0,0,1,0,3,3,7
multiple,multiple,0,,B2,4.92,0,0,1,0,4,4,7
cry,cry,0,,A2,4.59,0,0,1,0,3,5,7
expanse,expanse,0,,off~C2,3.2,0,0,2,0,3,3,7
multitude,multitude,0,,off~C1+,3.59,0,0,2,0,3,3,7
comprehensive,comprehensive,0,,B2,4.36,0,0,1,0,3,3,7
vow,vow,0,,C1,3.7,0,0,2,0,2,3,7
spectacular,spectacular,0,,B2,4.06,0,0,1,0,4,4,7
skillful,skillful,0,,off~C2,3.13,0,0,2,0,2,3,7
European,European,0,,off~B2,5.08,0,0,1,0,3,3,7
caterpillar,caterpillar,0,,off~C2,3.38,0,0,2,0,2,7,7
abroad,abroad,0,,A2,4.39,0,0,1,0,5,5,7
indicator,indicator,0,,C1,3.92,0,0,2,0,2,3,7
condemnation,condemnation,0,,off~C1+,3.52,0,0,2,0,3,3,7
aristocratic,aristocratic,0,,off~C2,3.23,0,0,2,0,2,4,7
leadership,leadership,0,,B2,4.77,0,0,2,0,3,3,7
resilience,resilience,0,,off~C1+,3.58,0,0,1,0,3,4,7
calcium,calcium,0,,off~C1+,3.82,0,0,2,0,2,6,7
minority,minority,0,,B2,4.41,0,0,2,0,3,3,7
misperception,misperception,0,,off~C2,2.14,0,0,2,0,2,3,7
informal,informal,0,,A2,3.87,0,0,1,0,3,4,7
hostility,hostility,0,,C1,3.61,0,0,2,0,3,3,7
negligible,negligible,0,,off~C2,3.39,0,0,2,0,3,3,7
eighth,eighth,0,,off~C1,4.2,0,0,2,0,2,6,7
transmission,transmission,0,,C1,4.33,0,0,2,0,2,3,7
healthcare,healthcare,0,,B2,4.47,0,0,2,0,2,3,7
isolation,isolation,0,,C1,4.02,0,0,2,0,2,4,7
forth,forth,0,,C1,4.4,0,0,1,0,3,4,7
craving,craving,0,,off~C1+,3.56,0,0,1,0,3,4,7
centimeter,centimeter,0,,off~C2,3.24,0,0,2,0,2,3,7
discriminate,discriminate,0,,off~C1+,3.51,0,0,1,0,3,3,7
badly,badly,0,,A2,4.44,0,0,1,0,3,3,7
crossword,crossword,0,,off~C2,3.14,0,0,2,0,2,7,7
drastically,drastically,0,,off~C1+,3.65,0,0,2,0,3,3,7
strife,strife,0,,off~C2,3.4,0,0,2,0,2,4,7
magnitude,magnitude,0,,C1,4.0,0,0,2,0,2,6,7
mating,mating,0,,off~C2,3.5,0,0,2,0,2,6,7
capitalism,capitalism,0,,C1,3.97,0,0,2,0,2,6,7
passion,passion,0,,B1,4.44,0,0,1,0,3,3,7
buffalo,buffalo,0,,off~C1,4.14,0,0,1,0,3,7,7
demise,demise,0,,off~C1+,3.66,0,0,2,0,2,3,7
unfounded,unfounded,0,,off~C2,3.23,0,0,1,0,3,3,6
refrigerator,refrigerator,0,,off~C1+,3.61,0,0,2,0,1,5,6
ger,ger,0,,off~C2,3.09,0,0,2,0,1,5,6
dehydration,dehydration,0,,off~C2,3.31,0,0,2,0,1,4,6
daytime,daytime,0,,off~C1+,3.66,0,0,2,0,1,2,6
cowardice,cowardice,0,,off~C2,3.11,0,0,2,0,1,2,6
post-world,post-world,0,,off~B2,5.3,0,0,2,0,1,3,6
notably,notably,0,,C1,4.01,0,0,1,0,4,4,6
presidency,presidency,0,,C1,4.16,0,0,2,0,1,2,6
unsuccessful,unsuccessful,0,,off~C1+,3.73,0,0,2,0,2,2,6
hyperventilate,hyperventilate,0,,off~C2,2.54,0,0,2,0,1,2,6
synesthesia,synesthesia,0,,off~C2,2.25,0,0,2,0,1,5,6
sensory,sensory,0,,off~C1+,3.68,0,0,1,0,3,3,6
pollute,pollute,0,,off~C2,3.32,0,0,1,0,3,3,6
exacerbate,exacerbate,0,,off~C2,3.22,0,0,2,0,2,2,6
antislavery,antislavery,0,,off~C2,2.11,0,0,2,0,1,2,6
stance,stance,0,,B2,4.05,0,0,1,0,3,3,6
downtrodden,downtrod,0,,off~C2,2.67,0,0,2,0,1,5,6
indifference,indifference,0,,off~C2,3.34,0,0,2,0,2,2,6
forerunner,forerunner,0,,off~C2,2.99,0,0,1,0,2,3,6
featureless,featureless,0,,off~C2,2.46,0,0,2,0,1,3,6
blob,blob,0,,off~C2,3.07,0,0,2,0,1,3,6
placebo,placebo,0,,off~C2,3.48,0,0,2,0,1,5,6
showcase,showcase,0,,off~C1+,3.92,0,0,1,0,3,3,6
antivenin,antivenin,0,,off~C2,1.53,0,0,2,0,1,5,6
serum,serum,0,,off~C1+,3.74,0,0,2,0,1,2,6
counteract,counteract,0,,off~C2,3.19,0,0,2,0,1,2,6
snakebite,snakebite,0,,off~C2,2.22,0,0,2,0,1,5,6
labour,labour,0,,B2,4.7,0,0,2,0,1,2,6
semiconductor,semiconductor,0,,off~C1+,3.53,0,0,2,0,1,5,6
hispanic,hispanic,0,,off~C1+,3.97,0,0,2,0,1,2,6
baleen,baleen,0,,off~C2,2.1,0,0,2,0,1,5,6
acoustic,acoustic,0,,off~C1+,3.98,0,0,2,0,1,3,6
systematically,systematically,0,,off~C1+,3.52,0,0,1,0,3,3,6
anthropomorphism,anthropomorphism,0,,off~C2,2.03,0,0,2,0,1,3,6
ivory,ivory,0,,off~C1+,3.85,0,0,2,0,1,5,6
prohibition,prohibition,0,,off~C1+,3.77,0,0,1,0,4,4,6
goldsmith,goldsmith,0,,off~C2,3.21,0,0,2,0,1,4,6
del,del,0,,off~B2,4.32,0,0,2,0,1,5,6
heroism,heroism,0,,off~C2,3.26,0,0,1,0,2,3,6
untreated,untreated,0,,off~C2,3.33,0,0,1,0,3,3,6
pasta,pasta,0,,off~C1+,3.92,0,0,2,0,1,5,6
identification,identification,0,,C1,4.18,0,0,1,0,2,10,6
gymnastics,gymnastics,0,,off~C1+,3.6,0,0,2,0,1,2,6
pipeline,pipeline,0,,C1,4.04,0,0,2,0,1,5,6
airport,airport,0,,A1,4.84,0,0,2,0,1,5,6
Herman,Herman,0,,off~C1+,3.65,0,0,2,0,1,2,6
obscurity,obscurity,0,,off~C2,3.2,0,0,2,0,2,2,6
anteater,anteater,0,,off~C2,2.28,0,0,2,0,1,5,6
countryside,countryside,0,,B1,3.92,0,0,1,0,4,4,6
surely,surely,0,,B1,4.55,0,0,2,0,2,2,6
giuseppina,giuseppina,0,,off~C2,1.52,0,0,2,0,1,2,6
perpetuate,perpetuate,0,,off~C2,3.19,0,0,1,0,4,4,6
drastic,drastic,0,,off~C1+,3.63,0,0,1,0,3,3,6
optimism,optimism,0,,C1,3.66,0,0,2,0,2,2,6
eliot,eliot,0,,off~C2,3.5,0,0,1,0,2,5,6
norwegian,norwegian,0,,off~C1+,3.95,0,0,2,0,2,2,6
atherosclerosis,atherosclerosis,0,,off~C2,2.78,0,0,2,0,1,5,6
progression,progression,0,,off~C1+,3.9,0,0,2,0,1,2,6
photographer,photographer,0,,B1,4.28,0,0,1,0,2,3,6
thorough,thorough,0,,B2,3.97,0,0,2,0,2,2,6
totally,totally,0,,B1,4.83,0,0,1,0,3,3,6
devrek,devrek,0,,off~C2,0.0,0,0,2,0,1,5,6
eucalyptus,eucalyptus,0,,off~C2,3.01,0,0,2,0,1,5,6
first-century,first-century,0,,off~B2,4.99,0,0,2,0,1,2,6
dengue,dengue,0,,off~C2,2.93,0,0,2,0,1,5,6
misinterpret,misinterpret,0,,off~C2,3.03,0,0,2,0,1,2,6
specialist,specialist,0,,B2,4.28,0,0,1,0,4,5,6
toynbee,toynbee,0,,off~C2,2.31,0,0,2,0,1,3,6
businesspeople,businesspeople,0,,off~C2,2.61,0,0,2,0,1,5,6
tariff-free,tariff-free,0,,off~C2,3.49,0,0,2,0,1,2,6
tariff,tariff,0,,off~C1+,3.63,0,0,1,1,2,3,6
subjective,subjective,0,,off~C1+,3.79,0,0,2,0,1,5,6
scope,scope,0,,C1,4.26,0,0,1,0,4,4,6
portion,portion,0,,B2,4.53,0,0,1,0,3,3,6
bird-watch,birdwatch,0,,off~B2,4.55,0,0,2,0,1,5,6
man-made,man-made,0,,off~B2,5.57,0,0,2,0,1,2,6
maladjusted,maladjusted,0,,off~C2,2.12,0,0,2,0,1,3,6
drama,drama,0,,A2,4.67,0,0,1,0,4,4,6
wield,wield,0,,off~C2,3.21,0,0,2,0,1,2,6
moratorium,moratorium,0,,off~C2,3.08,0,0,2,0,1,3,6
rail,rail,0,,B2,4.41,0,0,2,0,1,7,6
fascination,fascination,0,,off~C2,3.48,0,0,1,0,4,4,6
unhindered,unhindered,0,,off~C2,2.54,0,0,2,0,1,2,6
rhino,rhino,0,,off~C1+,3.57,0,0,2,0,1,5,6
keratin,keratin,0,,off~C2,2.58,0,0,2,0,1,5,6
reptilian,reptilian,0,,off~C2,2.75,0,0,2,0,1,2,6
Confucius,Confucius,0,,off~C2,3.1,0,0,1,0,2,7,6
hemisphere,hemisphere,0,,off~C1+,3.69,0,0,2,0,1,5,6
groundbreaking,groundbreaking,0,,off~C2,3.46,0,0,2,0,2,2,6
ratify,ratify,0,,off~C2,3.41,0,0,2,0,2,2,6
referendum,referendum,0,,C1,3.98,0,0,2,0,1,5,6
city-state,city-state,0,,off~B2,5.39,0,0,1,0,3,3,6
pyrethrum,pyrethrum,0,,off~C2,1.5,0,0,2,0,1,5,6
foremost,foremost,0,,off~C1+,3.78,0,0,1,0,4,4,6
chlorophyll,chlorophyll,0,,off~C2,2.75,0,0,2,0,1,5,6
extant,extant,0,,off~C2,3.25,0,0,1,0,3,3,6
sock,sock,0,,A2,3.61,0,0,2,0,1,5,6
buskin,buskin,0,,off~C2,1.29,0,0,2,0,1,5,6
respectively,respectively,0,,C1,4.45,0,0,1,0,4,4,6
pekingese,pekingese,0,,off~C2,1.86,0,0,2,0,1,4,6
martial,martial,0,,B2,4.06,0,0,2,0,1,3,6
short-lived,short-lived,0,,off~B2,4.75,0,0,2,0,2,2,6
manipulate,manipulate,0,,C1,3.69,0,0,1,0,4,4,6
moo,moo,0,,off~C2,3.15,0,0,2,0,1,5,6
track-and-field,track-and-field,0,,off~B2,4.81,0,0,2,0,1,5,6
Gordon,Gordon,0,,off~B2,4.37,0,0,2,0,1,3,6
assistance,assistance,0,,B2,4.59,0,0,2,0,2,2,6
unaware,unaware,0,,off~C1+,3.87,0,0,1,0,4,4,6
soft-paste,soft-paste,0,,off~C1+,3.84,0,0,2,0,1,3,6
translucency,translucency,0,,off~C2,1.93,0,0,2,0,1,5,6
earthenware,earthenware,0,,off~C2,2.52,0,0,2,0,1,5,6
pregnant,pregnant,0,,B2,4.56,0,0,2,0,1,5,6
decorator,decorator,0,,off~C2,2.95,0,0,2,0,1,5,6
arise,arise,0,,B2,3.93,0,0,1,0,4,4,6
double-head,double-head,0,,off~B2,4.89,0,0,2,0,1,2,6
relativism,relativism,0,,off~C2,2.68,0,0,2,0,1,5,6
subterranean,subterranean,0,,off~C2,3.11,0,0,2,0,1,2,6
overpopulated,overpopulate,0,,off~C2,2.26,0,0,2,0,2,2,6
Jean,Jean,0,,off~B2,4.36,0,0,2,0,2,2,6
housework,housework,0,,off~C2,3.08,0,0,2,0,1,3,6
scent,scent,0,,off~C1+,3.82,0,0,2,0,1,3,6
breeder,breeder,0,,off~C2,3.46,0,0,1,0,2,3,6
ginger,ginger,0,,off~C1+,3.93,0,0,2,0,1,5,6
tea,tea,0,,A1,4.73,0,0,2,0,1,5,6
sickness,sickness,0,,off~C1+,3.83,0,0,2,0,1,5,6
all-age,all-age,0,,off~B2,5.29,0,0,2,0,1,5,6
overshadow,overshadow,0,,off~C2,3.23,0,0,2,0,2,2,6
fertile,fertile,0,,off~C1+,3.62,0,0,1,0,4,5,6
Albert,Albert,0,,off~C1,4.24,0,0,2,0,1,3,6
whereby,whereby,0,,C1,3.74,0,0,2,0,1,2,6
swarm,swarm,0,,off~C2,3.44,0,0,2,0,1,5,6
aloys,aloys,0,,off~C2,1.4,0,0,2,0,1,4,6
lithography,lithography,0,,off~C2,2.71,0,0,2,0,1,5,6
adherent,adherent,0,,off~C2,3.13,0,0,2,0,1,2,6
cult,cult,0,,C1,4.09,0,0,2,0,1,5,6
follower,follower,0,,off~C1,4.29,0,0,1,0,3,3,6
fox,fox,0,,off~B2,4.66,0,0,2,0,1,5,6
implicate,implicate,0,,off~C2,3.46,0,0,2,0,2,2,6
peer,peer,0,,B2,4.14,0,0,2,0,1,2,6
indicative,indicative,0,,off~C1+,3.57,0,0,2,0,2,2,6
independently,independently,0,,off~C1,4.06,0,0,1,0,4,4,6
recycle,recycle,0,,A2,3.56,0,0,2,0,1,5,6
simplistic,simplistic,0,,off~C2,3.32,0,0,2,0,2,2,6
Susan,Susan,0,,off~C1,4.24,0,0,2,0,1,2,6
mother-of-pearl,mother-of-pearl,0,,off~C1,4.11,0,0,2,0,1,5,6
booth,booth,0,,off~C1,4.1,0,0,2,0,1,5,6
convenient,convenient,0,,B1,4.15,0,0,1,0,3,3,6
constitution,constitution,0,,C1,4.56,0,0,2,0,1,5,6
preamble,preamble,0,,off~C2,2.87,0,0,2,0,1,5,6
theology,theology,0,,C1,3.92,0,0,2,0,1,5,6
briefly,briefly,0,,B2,4.22,0,0,1,0,4,4,6
fascinating,fascinating,0,,B1,4.13,0,0,1,0,4,4,6
Karl,Karl,0,,off~C1,4.0,0,0,2,0,1,3,6
chytrid,chytrid,0,,off~C2,1.37,0,0,2,0,1,5,6
chekhov,chekhov,0,,off~C2,2.73,0,0,2,0,1,2,6
pace,pace,0,,B2,4.38,0,0,2,0,2,2,6
diesel,diesel,0,,off~C1,4.05,0,0,2,0,1,5,6
coqui,coqui,0,,off~C2,1.58,0,0,2,0,1,5,6
length,length,0,,B1,4.77,0,0,1,0,4,6,6
impoverished,impoverish,0,,off~C2,3.35,0,0,1,0,3,3,6
anti-british,anti-british,0,,off~B2,4.79,0,0,2,0,1,2,6
wrought,wrought,0,,off~C2,3.44,0,0,2,0,2,2,6
conjecture,conjecture,0,,off~C2,3.35,0,0,1,0,3,3,6
hummingbird,hummingbird,0,,off~C2,2.96,0,0,2,0,1,5,6
loon,loon,0,,off~C2,2.99,0,0,2,0,1,5,6
nonviolence,nonviolence,0,,off~C2,2.69,0,0,2,0,1,5,6
chimpanzee,chimpanzee,0,,off~C2,2.97,0,0,2,0,1,5,6
reduction,reduction,0,,B2,4.39,0,0,2,0,1,2,6
chlorofluorocarbons,chlorofluorocarbon,0,,off~C2,1.78,0,0,2,0,1,4,6
unanimously,unanimously,0,,off~C1+,3.62,0,0,2,0,1,2,6
geopolitical,geopolitical,0,,off~C2,3.15,0,0,2,0,1,5,6
Israel,Israel,0,,off~B2,4.77,0,0,2,0,1,3,6
enthusiasm,enthusiasm,0,,B2,4.02,0,0,1,1,2,3,6
chronicle,chronicle,0,,off~C1+,3.7,0,0,2,0,2,2,6
rekindle,rekindle,0,,off~C2,2.71,0,0,1,1,2,3,6
aristocrat,aristocrat,0,,off~C2,2.99,0,0,1,0,3,4,6
kalakukko,kalakukko,0,,off~C2,0.0,0,0,2,0,1,5,6
devout,devout,0,,off~C2,3.34,0,0,2,0,1,2,6
precipitation,precipitation,0,,off~C1+,3.64,0,0,2,0,1,4,6
cyanobacteria,cyanobacterium,0,,off~C2,2.44,0,0,2,0,1,5,6
kilt,kilt,0,,off~C2,2.88,0,0,2,0,1,5,6
Abraham,Abraham,0,,off~C1+,3.98,0,0,2,0,2,2,6
tycoon,tycoon,0,,off~C2,3.16,0,0,2,0,1,2,6
Chester,Chester,0,,off~C1+,3.81,0,0,2,0,1,5,6
laziness,laziness,0,,off~C2,3.17,0,0,2,0,2,2,6
kabwe,kabwe,0,,off~C2,1.6,0,0,2,0,1,2,6
reindeer,reindeer,0,,off~C2,3.32,0,0,2,0,1,6,6
defuse,defuse,0,,off~C2,2.88,0,0,2,0,1,2,6
diplomatically,diplomatically,0,,off~C2,2.58,0,0,2,0,2,2,6
objective,objective,0,,B2,4.36,0,0,1,0,3,3,6
murmansk,murmansk,0,,off~C2,2.41,0,0,2,0,1,3,6
loris,loris,0,,off~C2,2.33,0,0,2,0,1,5,6
celiac,celiac,0,,off~C2,2.91,0,0,2,0,1,5,6
autoimmune,autoimmune,0,,off~C2,3.17,0,0,2,0,1,3,6
intestine,intestine,0,,off~C2,3.23,0,0,1,0,2,5,6
telegraph,telegraph,0,,off~C1,4.0,0,0,2,0,1,5,6
standstill,standstill,0,,off~C2,3.05,0,0,2,0,2,2,6
momentous,momentous,0,,off~C2,3.11,0,0,1,0,3,3,6
Bermuda,Bermuda,0,,off~C1+,3.52,0,0,2,0,1,3,6
quarter,quarter,0,,A1,4.72,0,0,2,0,1,5,6
emission,emission,0,,B2,4.07,0,0,2,0,1,2,6
reassure,reassure,0,,C1,3.4,0,0,2,0,1,2,6
pistachio,pistachio,0,,off~C2,2.76,0,0,2,0,1,5,6
investor,investor,0,,B2,4.34,0,0,2,0,1,5,6
frigid,frigid,0,,off~C2,2.98,0,0,1,0,2,3,6
allotrope,allotrope,0,,off~C2,1.21,0,0,2,0,1,5,6
rainbow,rainbow,0,,off~C1,4.07,0,0,2,0,1,5,6
secondary,secondary,0,,B1,4.53,0,0,2,0,1,4,6
faint,faint,0,,off~C1+,3.78,0,0,2,0,1,2,6
fowler,fowler,0,,off~C1+,3.63,0,0,2,0,1,5,6
toad,toad,0,,off~C2,3.34,0,0,2,0,1,5,6
amole,amole,0,,off~C2,1.19,0,0,2,0,1,3,6
calculus,calculus,0,,off~C1+,3.6,0,0,2,0,1,5,6
horticulturist,horticulturist,0,,off~C2,2.28,0,0,2,0,1,5,6
chorus,chorus,0,,off~C1+,3.9,0,0,2,0,1,5,6
inaugural,inaugural,0,,off~C1+,3.67,0,0,2,0,1,5,6
courage,courage,0,,B2,4.32,0,0,2,0,2,2,6
ibn,ibn,0,,off~C2,3.47,0,0,2,0,1,5,6
afterlife,afterlife,0,,off~C2,3.36,0,0,2,0,1,5,6
raven,raven,0,,off~C1+,3.79,0,0,2,0,1,5,6
hierarchy,hierarchy,0,,C1,3.78,0,0,2,0,2,2,6
sect,sect,0,,off~C1+,3.54,0,0,2,0,1,4,6
evocation,evocation,0,,off~C2,2.59,0,0,2,0,1,2,6
pecan,pecan,0,,off~C2,2.93,0,0,2,0,1,5,6
commander-in-chief,commander-in-chief,0,,off~B2,4.41,0,0,2,0,1,5,6
landmine,landmine,0,,off~C2,2.57,0,0,2,0,1,5,6
ladybug,ladybug,0,,off~C2,2.67,0,0,2,0,1,5,6
Borneo,Borneo,0,,off~C2,3.09,0,0,2,0,1,2,6
orangutan,orangutan,0,,off~C2,2.8,0,0,2,0,1,5,6
slump,slump,0,,off~C2,3.36,0,0,2,0,1,2,6
recession,recession,0,,B2,3.85,0,0,2,0,1,5,6
non-native,non-native,0,,off~B2,4.59,0,0,2,0,1,2,6
feminism,feminism,0,,off~C1+,3.85,0,0,2,0,1,4,6
patriarchy,patriarchy,0,,off~C2,3.12,0,0,2,0,1,3,6
federalism,federalism,0,,off~C2,2.98,0,0,2,0,1,3,6
Francis,Francis,0,,off~B2,4.39,0,0,2,0,1,5,6
Alan,Alan,0,,off~B2,4.45,0,0,2,0,1,2,6
socrates,socrates,0,,off~C2,3.27,0,0,2,0,1,5,6
mill,mill,0,,C1,4.38,0,0,2,0,1,5,6
roaster,roaster,0,,off~C2,2.49,0,0,2,0,1,5,6
popcorn,popcorn,0,,off~C1+,3.73,0,0,2,0,1,5,6
Egypt,Egypt,0,,off~B2,4.45,0,0,2,0,1,2,6
five-character,five-character,0,,off~B2,4.95,0,0,2,0,1,5,6
malnourished,malnourished,0,,off~C2,2.8,0,0,2,0,1,2,6
katie,katie,0,,off~C1+,3.96,0,0,2,0,1,2,6
sapphire,sapphire,0,,off~C2,3.44,0,0,2,0,1,5,6
codex,codex,0,,off~C2,3.18,0,0,2,0,1,5,6
pizza,pizza,0,,off~B2,4.43,0,0,2,0,1,5,6
cookbook,cookbook,0,,off~C2,3.36,0,0,2,0,1,5,6
women-own,women-own,0,,off~B2,5.35,0,0,2,0,1,2,6
suspension,suspension,0,,C1,4.24,0,0,2,0,1,5,6
Vietnam,Vietnam,0,,off~B2,4.31,0,0,2,0,1,2,6
ounce,ounce,0,,off~C1+,3.8,0,0,2,0,1,5,6
phosphorescence,phosphorescence,0,,off~C2,1.88,0,0,2,0,1,5,6
luminescence,luminescence,0,,off~C2,2.51,0,0,2,0,1,5,6
Hawaii,Hawaii,0,,off~C1,4.21,0,0,2,0,1,2,6
genus,genus,0,,off~C1+,3.73,0,0,2,0,1,5,6
hafnium,hafnium,0,,off~C2,1.9,0,0,2,0,1,5,6
zirconium,zirconium,0,,off~C2,2.45,0,0,2,0,1,5,6
sumit,sumit,0,,off~C2,2.08,0,0,2,0,1,2,6
sturgeon,sturgeon,0,,off~C2,3.34,0,0,2,0,1,5,6
caviar,caviar,0,,off~C2,3.15,0,0,2,0,1,5,6
decimate,decimate,0,,off~C2,3.07,0,0,2,0,1,2,6
fulmar,fulmar,0,,off~C2,1.61,0,0,2,0,1,5,6
programmer,programmer,0,,off~C1+,3.56,0,0,2,0,1,5,6
operator,operator,0,,B2,4.32,0,0,2,0,1,5,6
legalization,legalization,0,,off~C2,3.4,0,0,2,0,1,4,6
port,port,0,,B1,4.73,0,0,2,0,1,5,6
acorn,acorn,0,,off~C2,3.08,0,0,2,0,1,5,6
foe,foe,0,,off~C1+,3.51,0,0,2,0,1,2,6
neurological,neurological,0,,off~C1+,3.54,0,0,2,0,1,5,6
lanolin,lanolin,0,,off~C2,2.2,0,0,2,0,1,5,6
Arthur,Arthur,0,,off~B2,4.41,0,0,2,0,1,5,6
acupuncture,acupuncture,0,,off~C2,3.04,0,0,2,0,1,5,6
checkerspot,checkerspot,0,,off~C2,1.04,0,0,2,0,1,5,6
unappetizing,unappetizing,0,,off~C2,2.0,0,0,2,0,1,2,6
weep,weep,0,,off~C2,3.41,0,0,2,0,1,3,6
machiavelli's,machiavelli's,0,,off~C2,1.69,0,0,2,0,1,2,6
bald,bald,0,,off~C1+,3.83,0,0,1,0,2,2,5
havoc,havoc,0,,off~C2,3.5,0,0,1,0,3,3,5
determining,determin,0,,off~C1+,3.97,0,0,1,0,3,3,5
herald,herald,0,,off~C1+,3.95,0,0,1,0,3,3,5
businessman,businessman,0,,A2,3.95,0,0,1,0,3,3,5
photography,photography,0,,B1,4.45,0,0,1,0,2,2,5
indoor,indoor,0,,B1,4.09,0,0,1,0,2,2,5
german,german,0,,off~B2,4.95,0,0,1,0,2,2,5
lively,lively,0,,B2,3.86,0,0,1,0,3,3,5
David,David,0,,off~B2,5.13,0,0,1,0,3,3,5
terrible,terrible,0,,A1,4.71,0,0,1,0,2,2,5
lord,lord,0,,B2,5.1,0,0,1,0,2,2,5
flightless,flightless,0,,off~C2,2.47,0,0,1,0,2,2,5
refine,refine,0,,off~C1+,3.83,0,0,1,0,3,3,5
inevitably,inevitably,0,,B2,3.9,0,0,1,0,3,3,5
restorer,restorer,0,,off~C2,2.46,0,0,1,0,3,3,5
evolutionary,evolutionary,0,,C1,3.82,0,0,1,0,2,2,5
problematic,problematic,0,,C1,3.87,0,0,1,0,3,3,5
fourteen,fourteen,0,,A1,3.88,0,0,1,0,3,4,5
Ira,Ira,0,,off~C1+,3.84,0,0,1,0,2,3,5
kangaroo,kangaroo,0,,off~C2,3.5,0,0,1,0,2,2,5
chinese,chinese,0,,off~B2,5.01,0,0,1,0,3,3,5
greyhound,greyhound,0,,off~C2,3.17,0,0,1,0,2,2,5
centuries-old,centuries-old,0,,off~B2,4.3,0,0,1,0,2,2,5
intricate,intricate,0,,off~C1+,3.55,0,0,1,0,3,3,5
sophistication,sophistication,0,,off~C2,3.27,0,0,1,0,3,3,5
trading,trading,0,,B2,4.63,0,0,1,0,2,2,5
financially,financially,0,,off~C1+,3.98,0,0,1,1,2,2,5
abruptly,abruptly,0,,off~C1+,3.56,0,0,1,0,2,2,5
era,era,0,,B2,4.67,0,0,1,0,2,3,5
amazing,amazing,0,,A1,5.1,0,0,1,0,2,2,5
hopeful,hopeful,0,,C1,3.79,0,0,1,0,2,2,5
disrespectful,disrespectful,0,,off~C1+,3.64,0,0,1,0,2,2,5
blame,blame,0,,B2,4.63,0,0,1,0,3,3,5
european,european,0,,off~B2,5.08,0,0,1,0,2,2,5
uncommon,uncommon,0,,off~C1+,3.87,0,0,1,0,2,2,5
shot,shot,0,,B2,5.22,0,0,1,0,3,3,5
satisfaction,satisfaction,0,,B2,4.16,0,0,1,0,2,2,5
labor,labor,0,,off~B2,4.77,0,0,1,0,3,3,5
overwhelming,overwhelming,0,,C1,4.08,0,0,1,0,3,3,5
sort,sort,0,,A2,5.0,0,0,1,0,3,4,5
stagger,stagger,0,,off~C2,3.5,0,0,1,0,3,3,5
suburb,suburb,0,,B2,3.81,0,0,1,0,2,2,5
factually,factually,0,,off~C2,2.81,0,0,1,0,2,2,5
informative,informative,0,,off~C1+,3.61,0,0,1,0,2,2,5
ingenious,ingenious,0,,off~C2,3.35,0,0,1,0,3,3,5
earl,earl,0,,off~C1,4.18,0,0,1,0,2,2,5
periodically,periodically,0,,off~C1+,3.59,0,0,1,0,3,3,5
democratic,democratic,0,,B2,4.73,0,0,1,0,2,2,5
ongoing,ongoing,0,,B2,4.32,0,0,1,0,3,3,5
inconsistent,inconsistent,0,,off~C1+,3.79,0,0,1,0,2,2,5
manufacturing,manufacturing,1,manufacturing,B2,4.56,0,0,0,0,4,5,5
ancestry,ancestry,0,,off~C2,3.5,0,0,1,0,2,2,5
pablo,pablo,0,,off~C1+,3.8,0,0,1,0,2,2,5
relocate,relocate,0,,off~C2,3.44,0,0,1,0,2,2,5
erect,erect,0,,C1,3.85,0,0,1,0,2,2,5
opera,opera,0,,B2,4.27,0,0,1,0,2,3,5
penniless,penniless,0,,off~C2,2.85,0,0,1,0,3,3,5
ridicule,ridicule,0,,off~C2,3.34,0,0,1,0,3,3,5
Europe,Europe,0,,off~B2,5.04,0,0,1,1,2,2,5
thermodynamics,thermodynamics,0,,off~C2,3.1,0,0,1,0,2,2,5
altogether,altogether,0,,B2,4.07,0,0,1,0,3,3,5
overview,overview,0,,off~C1,4.11,0,0,1,0,2,2,5
administer,administer,0,,C1,3.96,0,0,1,0,3,3,5
hamlet,hamlet,0,,off~C1+,3.65,0,0,1,0,2,2,5
long-standing,long-standing,0,,C1,4.81,0,0,1,0,2,2,5
infant,infant,0,,C1,3.99,0,0,1,0,2,4,5
susceptibility,susceptibility,0,,off~C2,3.1,0,0,1,0,3,3,5
nickname,nickname,0,,off~C1+,3.91,0,0,1,0,3,3,5
revitalize,revitalize,0,,off~C2,2.87,0,0,1,0,2,2,5
membership,membership,0,,B2,4.47,0,0,1,0,3,3,5
discussion,discussion,0,,A2,4.71,0,0,1,0,3,3,5
probability,probability,0,,B2,4.02,0,0,1,0,3,3,5
war-tear,war-tear,0,,off~B2,4.32,0,0,1,0,2,2,5
sleepy,sleepy,0,,off~C1+,3.68,0,0,1,0,3,3,5
newborn,newborn,0,,off~C1+,3.78,0,0,1,0,3,3,5
packaging,packaging,0,,off~C1+,3.96,0,0,1,0,3,3,5
guard,guard,0,,B1,4.73,0,0,1,0,3,3,5
transpire,transpire,0,,off~C2,3.06,0,0,1,0,3,3,5
shelf,shelf,0,,B1,4.02,0,0,1,0,2,2,5
lyric,lyric,0,,B2,4.35,0,0,1,0,2,5,5
outpost,outpost,0,,off~C2,3.39,0,0,1,0,2,2,5
closure,closure,0,,C1,4.11,0,0,1,0,2,2,5
fluctuation,fluctuation,0,,off~C2,3.47,0,0,1,0,2,2,5
conclusively,conclusively,0,,off~C2,2.98,0,0,1,0,2,2,5
enthusiast,enthusiast,0,,C1,3.56,0,0,1,0,3,3,5
nasa,nasa,0,,off~C1,4.21,0,0,1,0,2,3,5
economics,economics,0,,B2,4.42,0,0,1,0,2,3,5
burial,burial,0,,C1,3.9,0,0,1,0,2,2,5
allure,allure,0,,off~C2,3.15,0,0,1,0,3,3,5
persecute,persecute,0,,off~C2,3.42,0,0,1,0,2,2,5
thwart,thwart,0,,off~C2,3.15,0,0,1,0,2,2,5
conservative,conservative,0,,B2,4.61,0,0,1,0,2,2,5
age-relate,age-relate,0,,off~B2,4.9,0,0,1,0,2,2,5
fetch,fetch,0,,off~C1+,3.65,0,0,1,0,2,2,4
loyal,loyal,0,,B2,4.2,0,0,1,0,2,2,4
repercussion,repercussion,0,,off~C2,3.39,0,0,1,0,2,2,4
intervention,intervention,0,,C1,4.26,0,0,1,0,2,2,4
intellectually,intellectually,0,,off~C2,3.34,0,0,1,0,2,2,4
correlation,correlation,0,,C1,3.86,0,0,1,0,2,2,4
parliament,parliament,1,parliament,B2,4.74,0,0,0,0,2,2,4
midst,midst,0,,C1,3.89,0,0,1,0,2,2,4
moderate,moderate,0,,C1,4.27,0,0,1,0,2,2,4
purport,purport,0,,off~C2,2.84,0,0,1,0,2,2,4
shut,shut,0,,A2,4.78,0,0,1,0,2,2,4
faulty,faulty,0,,off~C1+,3.62,0,0,1,0,2,2,4
submit,submit,0,,B2,4.32,0,0,1,0,2,2,4
substantiate,substantiate,0,,off~C2,2.84,0,0,1,0,2,2,4
indoors,indoors,0,,B1,3.6,0,0,1,0,2,3,4
bravery,bravery,0,,off~C1+,3.59,0,0,1,0,2,2,4
undeveloped,undeveloped,0,,off~C2,3.11,0,0,1,0,2,2,4
handling,handling,0,,C1,4.39,0,0,1,0,2,2,4
catastrophic,catastrophic,0,,off~C1+,3.58,0,0,1,0,2,2,4
strongly,strongly,0,,B1,4.47,0,0,1,0,2,2,4
outlive,outlive,0,,off~C2,2.75,0,0,1,0,2,2,4
distinctly,distinctly,0,,off~C1+,3.53,0,0,1,0,2,2,4
clarify,clarify,0,,B2,3.85,0,0,1,0,2,2,4
worthy,worthy,0,,C1,4.29,0,0,1,0,2,2,4
self-defense,self-defense,0,,off~B2,4.76,0,0,1,0,2,2,4
imaginative,imaginative,0,,off~C2,3.45,0,0,1,0,2,2,4
sudden,sudden,0,,B1,4.4,0,0,1,0,2,2,4
dependence,dependence,0,,C1,3.66,0,0,1,0,2,2,4
medicinally,medicinally,0,,off~C2,2.11,0,0,1,0,2,2,4
abide,abide,0,,off~C1+,3.59,0,0,1,0,2,2,4
sway,sway,0,,off~C1+,3.65,0,0,1,0,2,3,4
inherently,inherently,0,,off~C1+,3.59,0,0,1,0,2,2,4
bidding,bidding,0,,off~C1+,3.81,0,0,1,0,2,2,4
synthesize,synthesize,0,,off~C2,3.24,0,0,1,0,2,2,4
decidedly,decidedly,0,,off~C2,3.37,0,0,1,0,2,2,4
long-distance,long-distance,0,,off~B2,4.8,0,0,1,0,2,2,4
resistant,resistant,0,,off~C1,3.99,0,0,1,0,2,2,4
cherish,cherish,0,,off~C1+,3.52,0,0,1,0,2,2,4
pivotal,pivotal,0,,off~C2,3.5,0,0,1,0,2,2,4
displease,displease,0,,off~C2,2.97,0,0,1,0,2,2,4
predominantly,predominantly,0,,C1,3.8,0,0,1,0,2,2,4
revise,revise,0,,B1,4.14,0,0,1,0,2,2,4
monumental,monumental,0,,off~C2,3.5,0,0,1,0,2,2,4
unjustified,unjustified,0,,off~C2,3.03,0,0,1,0,2,2,4
meaningless,meaningless,0,,off~C1+,3.7,0,0,1,0,2,2,4
so-called,so-called,0,,B2,5.54,0,0,1,0,2,2,4
eventful,eventful,0,,off~C2,3.02,0,0,1,0,2,2,4
proverb,proverb,0,,off~C2,3.14,0,0,1,0,2,2,4
aggressive,aggressive,0,,B2,4.32,0,0,1,0,2,2,4
autonomy,autonomy,0,,C1,3.86,0,0,1,0,2,2,4
goodness,goodness,0,,B2,4.13,0,0,1,0,2,5,4
much-love,much-love,0,,off~B2,5.6,0,0,1,0,2,2,4
transformation,transformation,0,,C1,4.21,0,0,1,0,2,2,4
conspire,conspire,0,,off~C2,3.11,0,0,1,0,2,2,4
employer,employer,0,,A2,4.25,0,0,1,0,2,2,4
domestic,domestic,0,,B2,4.69,0,0,1,0,2,3,4
harshly,harshly,0,,off~C2,3.27,0,0,1,0,2,2,4
abandonment,abandonment,0,,off~C2,3.4,0,0,1,0,2,2,4
conserve,conserve,0,,C1,3.37,0,0,1,0,2,2,4
subsist,subsist,0,,off~C2,2.55,0,0,1,0,2,2,4
outfit,outfit,0,,B2,4.22,0,0,1,0,2,3,4
modesty,modesty,0,,off~C2,3.24,0,0,1,0,2,2,4
patch,patch,0,,C1,4.2,0,0,1,0,2,2,4
handbook,handbook,0,,off~C1+,3.86,0,0,1,0,2,3,4
induce,induce,0,,C1,3.56,0,0,1,0,2,2,4
anti-slavery,anti-slavery,0,,off~C1,4.15,0,0,1,0,2,2,4
reminiscent,reminiscent,0,,off~C1+,3.61,0,0,1,0,2,2,4
antiquity,antiquity,0,,off~C2,3.43,0,0,1,0,2,2,4
apt,apt,0,,off~C1+,3.69,0,0,1,0,2,2,4
forego,forego,0,,off~C2,2.84,0,0,1,0,2,2,4
consensus,consensus,0,,C1,4.1,0,0,1,0,2,2,4
intolerant,intolerant,0,,off~C2,3.25,0,0,1,0,2,2,4
bother,bother,0,,B1,4.39,0,0,1,0,2,2,4
dub,dub,0,,C1,3.81,0,0,1,0,2,2,4
tenet,tenet,0,,off~C2,3.09,0,0,1,0,2,2,4
uncertainty,uncertainty,0,,B2,4.03,0,0,1,0,2,2,4
viewpoint,viewpoint,0,,B2,3.64,0,0,1,0,2,2,4
commission,commission,0,,B2,4.91,0,0,1,0,2,2,4
commute,commute,0,,off~C1+,3.56,0,0,1,0,2,2,4
whatever,whatever,0,,B1,5.14,0,0,1,0,2,2,4
spray,spray,0,,off~C1,4.18,0,0,1,0,2,3,4
thickness,thickness,0,,off~C1+,3.75,0,0,1,0,2,2,4
insignificant,insignificant,0,,off~C1+,3.53,0,0,1,0,2,2,4
impetus,impetus,0,,off~C2,3.27,0,0,1,0,2,2,4
tireless,tireless,0,,off~C2,3.04,0,0,1,0,2,2,4
estate,estate,0,,B2,4.82,0,0,1,0,2,2,4
usefulness,usefulness,0,,off~C2,3.33,0,0,1,0,2,2,4
mandate,mandate,0,,C1,3.97,0,0,1,0,2,2,4
harbor,harbor,0,,off~C1,4.15,0,0,1,0,2,2,4
context,context,0,,A2,4.63,0,0,1,0,2,2,4
sector,sector,0,,B2,4.66,0,0,1,0,2,2,4
tear,tear,0,,B2,4.47,0,0,1,0,2,2,4
indistinguishable,indistinguishable,0,,off~C2,3.16,0,0,1,0,2,2,4
accessibility,accessibility,0,,off~C1+,3.51,0,0,1,0,2,2,4
testimony,testimony,0,,C1,4.17,0,0,1,0,2,2,4
drain,drain,0,,C1,4.07,0,0,1,0,2,2,4
opponent,opponent,0,,B2,4.2,0,0,1,0,2,2,4
uninhabited,uninhabited,0,,off~C2,3.01,0,0,1,0,2,2,4
relevant,relevant,0,,B2,4.61,0,0,1,0,2,2,4
robust,robust,0,,C1,3.94,0,0,1,0,2,2,4
specify,specify,0,,B2,4.06,0,0,1,0,2,2,4
unlock,unlock,0,,off~C1+,3.9,0,0,1,0,2,2,4
fearful,fearful,0,,off~C1+,3.58,0,0,1,0,2,2,4
bob,bob,0,,off~B2,4.63,0,0,1,0,2,2,4
enlist,enlist,0,,off~C1+,3.75,0,0,1,0,2,2,4
honesty,honesty,0,,B2,3.99,0,0,1,0,2,2,4
tinker,tinker,0,,off~C2,3.28,0,0,1,0,2,2,4
vulnerable,vulnerable,0,,C1,4.21,0,0,1,0,2,2,4
forage,forage,0,,off~C2,3.13,0,0,1,0,2,2,4
destruction,destruction,0,,B2,4.36,0,0,1,0,2,2,4
completion,completion,0,,B2,4.22,0,0,1,0,2,3,4
astonishingly,astonishingly,0,,off~C2,2.86,0,0,1,0,2,2,4
energy-efficient,energy-efficient,0,,off~B2,4.36,0,0,1,0,1,3,3
dehydrate,dehydrate,0,,off~C2,3.26,0,0,1,0,1,1,3
complication,complication,0,,C1,3.31,0,0,1,0,1,1,3
popularly,popularly,0,,off~C2,3.18,0,0,1,0,1,1,3
coward,coward,0,,off~C1+,3.67,0,0,1,0,1,2,3
cowardly,cowardly,0,,off~C2,3.42,0,0,1,0,1,1,3
somerset,somerset,0,,off~C1+,3.78,0,0,1,0,1,1,3
pinnacle,pinnacle,0,,off~C2,3.45,0,0,1,0,1,1,3
dominance,dominance,0,,C1,3.83,0,0,1,0,1,1,3
teem,teem,0,,off~C2,2.07,0,0,1,0,1,1,3
unrest,unrest,0,,off~C1+,3.61,0,0,1,0,1,1,3
rigorous,rigorous,0,,off~C1+,3.68,0,0,1,0,1,1,3
bid,bid,0,,B2,4.4,0,0,1,0,1,1,3
hyperventilation,hyperventilation,0,,off~C2,2.06,0,0,1,0,1,3,3
abnormally,abnormally,0,,off~C2,3.07,0,0,1,0,1,1,3
elevate,elevate,0,,C1,4.03,0,0,1,0,1,1,3
impede,impede,0,,off~C2,3.14,0,0,1,0,1,1,3
dire,dire,0,,off~C1+,3.66,0,0,1,0,1,1,3
tenth,tenth,0,,off~C1+,3.92,0,0,1,0,1,2,3
scanty,scanty,0,,off~C2,2.34,0,0,1,0,1,1,3
helpfulness,helpfulness,0,,off~C2,2.21,0,0,1,0,1,1,3
ceaselessly,ceaselessly,0,,off~C2,2.4,0,0,1,0,1,1,3
strenuous,strenuous,0,,off~C2,3.12,0,0,1,0,1,1,3
tirelessly,tirelessly,0,,off~C2,3.08,0,0,1,0,1,1,3
indelible,indelible,0,,off~C2,2.82,0,0,1,0,1,1,3
imprint,imprint,0,,off~C2,3.38,0,0,1,0,1,1,3
acoustically,acoustically,0,,off~C2,2.43,0,0,1,0,1,2,3
functionally,functionally,0,,off~C2,3.19,0,0,1,0,1,2,3
attribution,attribution,0,,off~C2,3.36,0,0,1,0,1,1,3
enforcement,enforcement,0,,C1,4.45,0,0,1,0,1,1,3
embargo,embargo,0,,off~C2,3.31,0,0,1,0,1,1,3
bronze,bronze,0,,off~C1,4.2,0,0,1,0,1,1,3
Andrea,Andrea,0,,off~C1+,3.88,0,0,1,0,1,2,3
villainy,villainy,0,,off~C2,2.6,0,0,1,0,1,1,3
villain,villain,0,,off~C1+,3.88,0,0,1,0,1,2,3
wickedness,wickedness,0,,off~C2,2.93,0,0,1,0,1,1,3
departure,departure,0,,B1,4.22,0,0,1,0,1,1,3
italians,italians,0,,off~C1+,3.64,0,0,1,0,1,1,3
Columbus,Columbus,0,,off~C1,4.04,0,0,1,0,1,2,3
encouragement,encouragement,0,,C1,3.79,0,0,1,0,1,1,3
world-class,world-class,0,,off~B2,5.25,0,0,1,0,1,1,3
gymnast,gymnast,0,,off~C2,3.07,0,0,1,0,1,3,3
melanie,melanie,0,,off~C1+,3.53,0,0,1,0,1,1,3
perceptive,perceptive,0,,off~C2,2.99,0,0,1,0,1,1,3
perceptiveness,perceptiveness,0,,off~C2,1.57,0,0,1,0,1,1,3
cogent,cogent,0,,off~C2,2.71,0,0,1,0,1,1,3
giuseppe,giuseppe,0,,off~C2,3.14,0,0,1,0,1,2,3
Zurich,Zurich,0,,off~C1+,3.59,0,0,1,0,1,1,3
chronology,chronology,0,,off~C2,3.22,0,0,1,0,1,1,3
militarily,militarily,0,,off~C2,3.0,0,0,1,0,1,2,3
onset,onset,0,,off~C1+,3.72,0,0,1,0,1,1,3
gaskell,gaskell,0,,off~C2,2.46,0,0,1,0,1,3,3
gaskell's,gaskell's,0,,off~C2,1.54,0,0,1,0,1,1,3
permission,permission,0,,A2,4.5,0,0,1,0,1,1,3
Leon,Leon,0,,off~C1+,3.92,0,0,1,0,1,2,3
hem,hem,0,,off~C2,3.24,0,0,1,0,1,1,3
sizeable,sizeable,0,,off~C2,3.23,0,0,1,0,1,1,3
carthage,carthage,0,,off~C2,3.06,0,0,1,0,1,1,3
unfathomable,unfathomable,0,,off~C2,2.91,0,0,1,0,1,1,3
Kaliningrad,Kaliningrad,0,,off~C2,2.39,0,0,1,0,1,2,3
closeness,closeness,0,,off~C2,3.14,0,0,1,0,1,1,3
appointment,appointment,0,,B1,4.49,0,0,1,0,1,1,3
seventeenth-century,seventeenth-century,0,,off~C2,3.34,0,0,1,0,1,1,3
insistence,insistence,0,,off~C2,3.44,0,0,1,0,1,1,3
detriment,detriment,0,,off~C2,3.26,0,0,1,0,1,1,3
Zimbabwe,Zimbabwe,0,,off~C1+,3.73,0,0,1,0,1,1,3
eilat,eilat,0,,off~C2,2.21,0,0,1,0,1,1,3
well-adjust,well-adjust,0,,off~C1,4.1,0,0,1,0,1,1,3
substantially,substantially,0,,C1,3.96,0,0,1,0,1,1,3
Tanzania,Tanzania,0,,off~C1+,3.57,0,0,1,0,1,1,3
bantu,bantu,0,,off~C2,3.03,0,0,1,0,1,1,3
justifiably,justifiably,0,,off~C2,2.8,0,0,1,0,1,1,3
unreasonable,unreasonable,0,,off~C1+,3.75,0,0,1,0,1,1,3
unjustifiably,unjustifiably,0,,off~C2,2.2,0,0,1,0,1,1,3
decimation,decimation,0,,off~C2,2.35,0,0,1,0,1,1,3
whaler,whaler,0,,off~C2,2.63,0,0,1,0,1,1,3
long-hold,long-hold,0,,off~B2,5.14,0,0,1,0,1,1,3
productivity,productivity,0,,C1,4.15,0,0,1,0,1,1,3
proliferate,proliferate,0,,off~C2,2.69,0,0,1,0,1,1,3
accessory,accessory,0,,off~C1+,3.95,0,0,1,0,1,1,3
unlawful,unlawful,0,,off~C1+,3.72,0,0,1,0,1,1,3
than-average,than-average,0,,off~B2,5.12,0,0,1,0,1,1,3
err,err,0,,off~C2,3.39,0,0,1,0,1,1,3
non-dominant,non-dominant,0,,off~C1,4.19,0,0,1,0,1,1,3
secession,secession,0,,off~C2,3.27,0,0,1,0,1,1,3
antithetical,antithetical,0,,off~C2,2.61,0,0,1,0,1,1,3
mendel,mendel,0,,off~C2,2.77,0,0,1,0,1,1,3
Aaron,Aaron,0,,off~C1,4.23,0,0,1,0,1,4,3
unmistakably,unmistakably,0,,off~C2,2.63,0,0,1,0,1,1,3
insecticide,insecticide,0,,off~C2,2.9,0,0,1,0,1,1,3
Davis,Davis,0,,off~B2,4.49,0,0,1,0,1,4,3
unrivaled,unrivaled,0,,off~C2,2.52,0,0,1,0,1,1,3
titian,titian,0,,off~C2,2.61,0,0,1,0,1,1,3
inimitable,inimitable,0,,off~C2,2.67,0,0,1,0,1,1,3
indisputably,indisputably,0,,off~C2,2.6,0,0,1,0,1,1,3
temper,temper,0,,off~C1+,3.81,0,0,1,0,1,1,3
tutankhamun's,tutankhamun's,0,,off~C2,1.8,0,0,1,0,1,2,3
time-consume,time-consume,0,,off~C1+,3.89,0,0,1,0,1,1,3
Pakistan,Pakistan,0,,off~B2,4.55,0,0,1,0,1,2,3
autobiographical,autobiographical,0,,off~C2,3.14,0,0,1,0,1,1,3
angiolieri's,angiolieri's,0,,off~C2,0.0,0,0,1,0,1,3,3
seafarer,seafarer,0,,off~C2,2.54,0,0,1,0,1,1,3
gar,gar,0,,off~C2,2.99,0,0,1,0,1,1,3
record-breaking,record-breaking,0,,off~B2,4.61,0,0,1,0,1,1,3
consign,consign,0,,off~C2,2.87,0,0,1,0,1,1,3
hardy,hardy,0,,off~C1+,3.86,0,0,1,0,1,2,3
four-event,four-event,0,,off~B2,5.02,0,0,1,0,1,1,3
Jesse,Jesse,0,,off~C1,4.04,0,0,1,0,1,1,3
unsightly,unsightly,0,,off~C2,2.79,0,0,1,0,1,1,3
ugly,ugly,0,,B1,4.42,0,0,1,0,1,1,3
well-round,well-round,0,,off~B2,5.09,0,0,1,0,1,1,3
mongolian,mongolian,0,,off~C2,3.09,0,0,1,0,1,1,3
wholly,wholly,0,,C1,3.83,0,0,1,0,1,1,3
unwarranted,unwarranted,0,,off~C2,3.11,0,0,1,0,1,1,3
favorable,favorable,0,,off~C1+,3.85,0,0,1,0,1,1,3
preferable,preferable,0,,off~C2,3.44,0,0,1,0,1,1,3
hard-paste,hard-paste,0,,off~C1+,3.9,0,0,1,0,1,2,3
havana,havana,0,,off~C1+,3.53,0,0,1,0,1,1,3
fidel,fidel,0,,off~C2,3.2,0,0,1,0,1,1,3
indiscriminate,indiscriminate,0,,off~C2,3.0,0,0,1,0,1,1,3
loosely,loosely,0,,off~C1+,3.62,0,0,1,0,1,1,3
nowadays,nowadays,0,,B2,4.11,0,0,1,0,1,1,3
lookout,lookout,0,,off~C1+,3.61,0,0,1,0,1,1,3
liebig,liebig,0,,off~C2,2.1,0,0,1,0,1,3,3
diverge,diverge,0,,off~C2,2.83,0,0,1,0,1,1,3
clumsy,clumsy,0,,off~C2,3.44,0,0,1,0,1,1,3
unattainable,unattainable,0,,off~C2,2.88,0,0,1,0,1,1,3
giulio,giulio,0,,off~C2,2.65,0,0,1,0,1,1,3
caccini's,caccini's,0,,off~C2,0.0,0,0,1,0,1,2,3
pristine,pristine,0,,off~C2,3.33,0,0,1,0,1,1,3
beach-love,beach-love,0,,off~B2,4.87,0,0,1,0,1,1,3
unspoiled,unspoil,0,,off~C2,2.57,0,0,1,0,1,1,3
rave,rave,0,,off~C1+,3.52,0,0,1,0,1,1,3
fallacy,fallacy,0,,off~C2,3.21,0,0,1,0,1,1,3
aristotle,aristotle,0,,off~C2,3.41,0,0,1,0,1,1,3
greatness,greatness,0,,off~C1+,3.71,0,0,1,0,1,1,3
lao-tzu,lao-tzu,0,,off~C2,2.83,0,0,1,0,1,2,3
qualitatively,qualitatively,0,,off~C2,2.57,0,0,1,0,1,1,3
qualitative,qualitative,0,,off~C2,3.45,0,0,1,0,1,1,3
piaget's,piaget's,0,,off~C2,1.49,0,0,1,0,1,1,3
lighten,lighten,0,,off~C2,3.35,0,0,1,0,1,1,3
workload,workload,0,,off~C2,3.45,0,0,1,0,1,1,3
Williams,Williams,0,,off~B2,4.67,0,0,1,0,1,1,3
grower,grower,0,,off~C2,3.5,0,0,1,0,1,1,3
educationalist,educationalist,0,,off~C2,1.72,0,0,1,0,1,1,3
hadow,hadow,0,,off~C2,1.39,0,0,1,0,1,4,3
bart,bart,0,,off~C1+,3.67,0,0,1,0,1,3,3
humility,humility,0,,off~C1+,3.59,0,0,1,0,1,1,3
individually,individually,0,,off~C1+,3.9,0,0,1,0,1,1,3
enigmatic,enigmatic,0,,off~C2,3.11,0,0,1,0,1,1,3
perturbed,perturb,0,,off~C2,2.69,0,0,1,0,1,1,3
flank,flank,0,,off~C1+,3.64,0,0,1,0,1,1,3
humorously,humorously,0,,off~C2,2.51,0,0,1,0,1,1,3
weariness,weariness,0,,off~C2,2.63,0,0,1,0,1,1,3
ornate,ornate,0,,off~C2,3.19,0,0,1,0,1,1,3
hesiod's,hesiod's,0,,off~C2,0.0,0,0,1,0,1,1,3
hesiod,hesiod,0,,off~C2,2.25,0,0,1,0,1,1,3
forgo,forgo,0,,off~C2,2.99,0,0,1,0,1,1,3
accordance,accordance,0,,C1,4.13,0,0,1,0,1,1,3
recommendation,recommendation,0,,B1,4.29,0,0,1,0,1,3,3
unrealistic,unrealistic,0,,off~C1+,3.54,0,0,1,0,1,1,3
belie,belie,0,,off~C2,2.51,0,0,1,0,1,1,3
jean-simeon,jean-simeon,0,,off~C2,3.01,0,0,1,0,1,2,3
publicly,publicly,0,,off~C1,4.28,0,0,1,0,1,1,3
plato,plato,0,,off~C2,3.37,0,0,1,0,1,1,3
fatally,fatally,0,,off~C2,3.33,0,0,1,0,1,1,3
horatio,horatio,0,,off~C2,3.11,0,0,1,0,1,3,3
refrain,refrain,0,,off~C1+,3.63,0,0,1,0,1,1,3
voluntarily,voluntarily,0,,off~C1+,3.72,0,0,1,0,1,1,3
indispensable,indispensable,0,,off~C2,3.34,0,0,1,0,1,1,3
colonization,colonization,0,,off~C2,3.36,0,0,1,0,1,1,3
colonize,colonize,0,,off~C2,2.99,0,0,1,0,1,2,3
categorization,categorization,0,,off~C2,2.82,0,0,1,0,1,1,3
synthesis,synthesis,0,,C1,3.84,0,0,1,0,1,1,3
aquinas's,aquinas's,0,,off~C2,1.23,0,0,1,0,1,2,3
opinionated,opinionate,0,,off~C2,2.88,0,0,1,0,1,1,3
arrogant,arrogant,0,,off~C1+,3.74,0,0,1,0,1,1,3
conceited,conceited,0,,off~C2,2.88,0,0,1,0,1,1,3
self-assurance,self-assurance,0,,off~C1+,3.79,0,0,1,0,1,1,3
likelihood,likelihood,0,,C1,3.91,0,0,1,0,1,1,3
overestimate,overestimate,0,,off~C2,2.83,0,0,1,0,1,1,3
Boris,Boris,0,,off~C1+,3.87,0,0,1,0,1,1,3
pilnyak's,pilnyak's,0,,off~C2,0.0,0,0,1,0,1,2,3
enrage,enrage,0,,off~C2,3.33,0,0,1,0,1,1,3
playgoers,playgoer,0,,off~C2,1.38,0,0,1,0,1,1,3
venetian,venetian,0,,off~C2,3.3,0,0,1,0,1,1,3
frenetic,frenetic,0,,off~C2,2.68,0,0,1,0,1,1,3
tintoretto's,tintoretto's,0,,off~C2,0.0,0,0,1,0,1,2,3
tintoretto,tintoretto,0,,off~C2,2.01,0,0,1,0,1,2,3
eccentric,eccentric,0,,off~C1+,3.58,0,0,1,0,1,1,3
existential,existential,0,,off~C2,3.47,0,0,1,0,1,1,3
rage,rage,0,,C1,4.11,0,0,1,0,1,1,3
Puerto,Puerto,0,,off~C1,4.04,0,0,1,0,1,1,3
wholesale,wholesale,0,,off~C1+,3.97,0,0,1,0,1,1,3
patriot,patriot,0,,off~C1+,3.73,0,0,1,0,1,1,3
skillfully,skillfully,0,,off~C2,2.84,0,0,1,0,1,1,3
demonstrator,demonstrator,0,,off~C2,3.28,0,0,1,0,1,1,3
foment,foment,0,,off~C2,2.4,0,0,1,0,1,1,3
Samuel,Samuel,0,,off~C1,4.19,0,0,1,0,1,2,3
expertly,expertly,0,,off~C2,2.93,0,0,1,0,1,1,3
incite,incite,0,,off~C2,3.12,0,0,1,0,1,1,3
heyday,heyday,0,,off~C2,3.09,0,0,1,0,1,1,3
brian,brian,0,,off~B2,4.47,0,0,1,0,1,2,3
acquaint,acquaint,0,,off~C1+,3.51,0,0,1,0,1,1,3
adherence,adherence,0,,off~C2,3.34,0,0,1,0,1,1,3
unwavering,unwavering,0,,off~C2,3.01,0,0,1,0,1,1,3
arctic,arctic,0,,off~C1,4.03,0,0,1,0,1,1,3
endorse,endorse,0,,C1,3.87,0,0,1,0,1,1,3
beholder,beholder,0,,off~C2,2.81,0,0,1,0,1,1,3
unite,unite,0,,A2,5.47,0,0,1,0,1,1,3
apprehension,apprehension,0,,off~C2,3.09,0,0,1,0,1,1,3
detrimental,detrimental,0,,off~C1+,3.55,0,0,1,0,1,1,3
sanitize,sanitize,0,,off~C2,2.57,0,0,1,0,1,1,3
biographical,biographical,0,,off~C2,3.38,0,0,1,0,1,1,3
Liverpool,Liverpool,0,,off~B2,4.43,0,0,1,0,1,1,3
Antonio,Antonio,0,,off~C1,4.17,0,0,1,0,1,2,3
falter,falter,0,,off~C2,2.82,0,0,1,0,1,1,3
upbringing,upbring,0,,off~C2,3.43,0,0,1,0,1,1,3
quintessentially,quintessentially,0,,off~C2,2.5,0,0,1,0,1,1,3
partake,partake,0,,off~C2,3.23,0,0,1,0,1,1,3
stocky,stocky,0,,off~C2,2.71,0,0,1,0,1,1,3
gentle,gentle,0,,B1,4.17,0,0,1,0,1,1,3
slender,slender,0,,off~C1+,3.59,0,0,1,0,1,1,3
bactrian,bactrian,0,,off~C2,1.97,0,0,1,0,1,1,3
Geoffrey,Geoffrey,0,,off~C1+,3.64,0,0,1,0,1,2,3
augment,augment,0,,off~C2,3.19,0,0,1,0,1,1,3
drought-strike,drought-strike,0,,off~C1+,3.83,0,0,1,0,1,1,3
facilitate,facilitate,0,,C1,3.99,0,0,1,0,1,1,3
storage,storage,0,,C1,4.57,0,0,1,0,1,1,3
co-write,co-write,0,,off~B2,4.85,0,0,1,0,1,1,3
russian,russian,0,,off~B2,5.01,0,0,1,0,1,1,3
scottish,scottish,0,,off~B2,4.6,0,0,1,0,1,1,3
metropolitan,metropolitan,0,,off~C1,4.18,0,0,1,0,1,1,3
anaximenes,anaximenes,0,,off~C2,1.34,0,0,1,0,1,1,3
evaluation,evaluation,0,,B2,4.21,0,0,1,0,1,1,3
unqualified,unqualify,0,,off~C2,3.19,0,0,1,0,1,1,3
glorification,glorification,0,,off~C2,2.64,0,0,1,0,1,1,3
glorify,glorify,0,,off~C2,3.23,0,0,1,0,1,1,3
unconditionally,unconditionally,0,,off~C2,3.16,0,0,1,0,1,1,3
verbally,verbally,0,,off~C2,3.41,0,0,1,0,1,1,3
excessively,excessively,0,,off~C2,3.35,0,0,1,0,1,1,3
misuse,misuse,0,,off~C1+,3.54,0,0,1,0,1,1,3
lifelong,lifelong,0,,C1,3.75,0,0,1,0,1,1,3
marginal,marginal,0,,C1,3.71,0,0,1,0,1,1,3
compilation,compilation,0,,off~C1+,3.85,0,0,1,0,1,1,3
unimportant,unimportant,0,,off~C2,3.23,0,0,1,0,1,1,3
one-third,one-third,0,,off~B2,5.29,0,0,1,0,1,1,3
decipherment,decipherment,0,,off~C2,1.77,0,0,1,0,1,1,3
exorbitant,exorbitant,0,,off~C2,3.01,0,0,1,0,1,1,3
pauper,pauper,0,,off~C2,2.78,0,0,1,0,1,1,3
maturity,maturity,0,,off~C1+,3.87,0,0,1,0,1,1,3
awakening,awakening,0,,off~C1+,3.72,0,0,1,0,1,1,3
romanticize,romanticize,0,,off~C2,2.3,0,0,1,0,1,1,3
careless,careless,0,,B1,3.6,0,0,1,0,1,1,3
untold,untell,0,,off~C2,3.32,0,0,1,0,1,1,3
France,France,0,,off~B2,4.94,0,0,1,0,1,4,3
immeasurably,immeasurably,0,,off~C2,2.68,0,0,1,0,1,1,3
dutch,dutch,0,,off~B2,4.41,0,0,1,0,1,1,3
fabritius,fabritius,0,,off~C2,1.43,0,0,1,0,1,2,3
rembrandt,rembrandt,0,,off~C2,3.08,0,0,1,0,1,2,3
downfall,downfall,0,,off~C1+,3.54,0,0,1,0,1,1,3
venomous,venomous,0,,off~C2,3.08,0,0,1,0,1,1,3
skepticism,skepticism,0,,off~C2,3.4,0,0,1,0,1,1,3
birthplace,birthplace,0,,off~C2,3.37,0,0,1,0,1,1,3
Delaware,Delaware,0,,off~C1+,3.9,0,0,1,0,1,1,3
disarmament,disarmament,0,,off~C2,3.17,0,0,1,0,1,1,3
Russell,Russell,0,,off~B2,4.33,0,0,1,0,1,4,3
colossal,colossal,0,,off~C2,3.37,0,0,1,0,1,1,3
interruption,interruption,0,,off~C2,3.36,0,0,1,0,1,1,3
lyric-writing,lyric-writing,0,,off~C1+,3.61,0,0,1,0,1,1,3
affiliate,affiliate,0,,off~C1,3.99,0,0,1,0,1,1,3
rediscover,rediscover,0,,off~C2,2.98,0,0,1,0,1,1,3
annexe,annexe,0,,off~C2,3.5,0,0,1,0,1,1,3
babylonia,babylonia,0,,off~C2,2.53,0,0,1,0,1,1,3
descend,descend,0,,C1,3.51,0,0,1,0,1,1,3
cooler,cooler,0,,off~C1+,3.96,0,0,1,0,1,1,3
Pennsylvania,Pennsylvania,0,,off~B2,4.4,0,0,1,0,1,1,3
bjarne,bjarne,0,,off~C2,2.27,0,0,1,0,1,1,3
thermodynamically,thermodynamically,0,,off~C2,2.02,0,0,1,0,1,1,3
mathematically,mathematically,0,,off~C2,3.18,0,0,1,0,1,1,3
untenable,untenable,0,,off~C2,3.01,0,0,1,0,1,1,3
andresen,andresen,0,,off~C2,2.11,0,0,1,0,1,2,3
thermodynamic,thermodynamic,0,,off~C2,2.93,0,0,1,0,1,3,3
unsound,unsound,0,,off~C2,2.72,0,0,1,0,1,1,3
labyrinth,labyrinth,0,,off~C2,3.31,0,0,1,0,1,1,3
cobble,cobble,0,,off~C2,2.8,0,0,1,0,1,1,3
imply,imply,0,,B2,3.98,0,0,1,0,1,1,3
shutdown,shutdown,0,,off~C1+,3.62,0,0,1,0,1,1,3
astrophysicist,astrophysicist,0,,off~C2,2.62,0,0,1,0,1,1,3
quantifiable,quantifiable,0,,off~C2,2.65,0,0,1,0,1,1,3
abbot,abbot,0,,off~C2,3.43,0,0,1,0,1,3,3
measurably,measurably,0,,off~C2,2.41,0,0,1,0,1,1,3
epitomize,epitomize,0,,off~C2,2.41,0,0,1,0,1,1,3
oasis,oasis,0,,off~C1+,3.56,0,0,1,0,1,1,3
tranquility,tranquility,0,,off~C2,3.02,0,0,1,0,1,1,3
bustle,bustle,0,,off~C2,3.16,0,0,1,0,1,1,3
understate,understate,0,,off~C2,3.11,0,0,1,0,1,1,3
delray,delray,0,,off~C2,2.49,0,0,1,0,1,1,3
oratorical,oratorical,0,,off~C2,2.13,0,0,1,0,1,1,3
despondent,despondent,0,,off~C2,2.68,0,0,1,0,1,1,3
rhetorical,rhetorical,0,,off~C2,3.38,0,0,1,0,1,1,3
Churchill,Churchill,0,,off~C1+,3.83,0,0,1,0,1,2,3
inexhaustible,inexhaustible,0,,off~C2,2.57,0,0,1,0,1,1,3
maritime,maritime,0,,off~C1+,3.96,0,0,1,0,1,1,3
stringent,stringent,0,,off~C2,3.43,0,0,1,0,1,1,3
self-ignite,self-ignite,0,,off~C2,3.34,0,0,1,0,1,1,3
precaution,precaution,0,,off~C1+,3.59,0,0,1,0,1,1,3
spoil,spoil,0,,B2,3.81,0,0,1,0,1,1,3
undamaged,undamaged,0,,off~C2,2.8,0,0,1,0,1,1,3
opulent,opulent,0,,off~C2,2.91,0,0,1,0,1,1,3
coffer,coffer,0,,off~C2,2.92,0,0,1,0,1,1,3
refusal,refusal,0,,C1,3.83,0,0,1,0,1,1,3
heed,heed,0,,off~C2,3.45,0,0,1,0,1,1,3
strategist,strategist,0,,off~C2,3.26,0,0,1,0,1,1,3
benevolence,benevolence,0,,off~C2,2.78,0,0,1,0,1,1,3
proportionate,proportionate,0,,off~C2,3.04,0,0,1,0,1,1,3
eventual,eventual,0,,off~C1+,3.73,0,0,1,0,1,1,3
colloquialism,colloquialism,0,,off~C2,2.02,0,0,1,0,1,1,3
arable,arable,0,,off~C2,2.96,0,0,1,0,1,1,3
provider,provider,0,,off~C1,4.13,0,0,1,0,1,1,3
Richard,Richard,0,,off~B2,4.79,0,0,1,0,1,1,3
Theodore,Theodore,0,,off~C1+,3.67,0,0,1,0,1,2,3
anticipation,anticipation,0,,off~C1+,3.74,0,0,1,0,1,1,3
evacuation,evacuation,0,,off~C1+,3.74,0,0,1,0,1,1,3
orson,orson,0,,off~C2,3.07,0,0,1,0,1,1,3
octagonal,octagonal,0,,off~C2,2.65,0,0,1,0,1,3,3
veracity,veracity,0,,off~C2,2.94,0,0,1,0,1,1,3
mench,mench,0,,off~C2,1.11,0,0,1,0,1,3,3
provocative,provocative,0,,off~C2,3.44,0,0,1,0,1,1,3
hatred,hatred,0,,C1,4.05,0,0,1,0,1,1,3
Edmund,Edmund,0,,off~C1+,3.63,0,0,1,0,1,2,3
demilitarized,demilitarize,0,,off~C2,2.47,0,0,1,0,1,1,3
experimentation,experimentation,0,,off~C2,3.47,0,0,1,0,1,1,3
ethiopian,ethiopian,0,,off~C1+,3.51,0,0,1,0,1,1,3
newton,newton,0,,off~C1+,3.94,0,0,1,0,1,1,3
enamored,enamor,0,,off~C2,2.78,0,0,1,0,1,1,3
converge,converge,0,,off~C2,3.23,0,0,1,0,1,1,3
Mexico,Mexico,0,,off~B2,4.75,0,0,1,0,1,1,3
fragmentary,fragmentary,0,,off~C2,2.83,0,0,1,0,1,1,3
satisfactory,satisfactory,0,,off~C1+,3.57,0,0,1,0,1,1,3
brevity,brevity,0,,off~C2,2.85,0,0,1,0,1,1,3
dispirited,dispirit,0,,off~C2,2.21,0,0,1,0,1,1,3
restrain,restrain,0,,off~C2,3.44,0,0,1,0,1,1,3
strikingly,strikingly,0,,off~C2,3.12,0,0,1,0,1,1,3
sombre,sombre,0,,off~C2,3.05,0,0,1,0,1,1,3
Lincoln,Lincoln,0,,off~B2,4.31,0,0,1,0,1,1,3
lotte,lotte,0,,off~C2,2.99,0,0,1,0,1,2,3
ugarit,ugarit,0,,off~C2,1.84,0,0,1,0,1,1,3
reunite,reunite,0,,off~C1+,3.72,0,0,1,0,1,1,3
overlap,overlap,0,,off~C1+,3.7,0,0,1,0,1,1,3
displace,displace,0,,C1,3.8,0,0,1,0,1,1,3
warmongering,warmongering,0,,off~C2,2.27,0,0,1,0,1,1,3
ethos,ethos,0,,off~C2,3.32,0,0,1,0,1,1,3
austerity,austerity,0,,off~C2,3.41,0,0,1,0,1,1,3
epitome,epitome,0,,off~C2,3.28,0,0,1,0,1,1,3
authoritarian,authoritarian,0,,off~C1+,3.59,0,0,1,0,1,1,3
dictatorship,dictatorship,0,,off~C1+,3.64,0,0,1,0,1,1,3
militaristic,militaristic,0,,off~C2,2.62,0,0,1,0,1,1,3
minimalist,minimalist,0,,off~C2,3.28,0,0,1,0,1,1,3
combative,combative,0,,off~C2,2.88,0,0,1,0,1,1,3
spurn,spurn,0,,off~C2,2.65,0,0,1,0,1,1,3
ethics,ethics,0,,off~C1,4.19,0,0,1,0,1,1,3
accountability,accountability,0,,C1,3.91,0,0,1,0,1,1,3
knack,knack,0,,off~C2,3.26,0,0,1,0,1,1,3
Isaac,Isaac,0,,off~C1+,3.93,0,0,1,0,1,1,3
donatism,donatism,0,,off~C2,0.0,0,0,1,0,1,2,3
denounce,denounce,0,,C1,3.47,0,0,1,0,1,1,3
delightful,delightful,0,,off~C1+,3.77,0,0,1,0,1,1,3
grandma,grandma,0,,off~C1,4.11,0,0,1,0,1,1,3
phillis,phillis,0,,off~C2,2.12,0,0,1,0,1,1,3
harvesting,harvesting,0,,off~C1+,3.53,0,0,1,0,1,1,3
landing,landing,0,,B2,4.4,0,0,1,0,1,1,3
rectify,rectify,0,,off~C2,3.17,0,0,1,0,1,1,3
imbalance,imbalance,0,,off~C2,3.46,0,0,1,0,1,1,3
inequality,inequality,0,,C1,3.92,0,0,1,0,1,1,3
disproportionate,disproportionate,0,,off~C2,3.34,0,0,1,0,1,1,3
culpability,culpability,0,,off~C2,2.76,0,0,1,0,1,1,3
revisit,revisit,0,,off~C2,3.36,0,0,1,0,1,1,3
wrongdoing,wrongdoing,0,,off~C2,3.26,0,0,1,0,1,1,3
crave,crave,0,,off~C2,3.47,0,0,1,0,1,1,3
Angola,Angola,0,,off~C2,3.34,0,0,1,0,1,1,3
Harper,Harper,0,,off~C1,4.04,0,0,1,0,1,1,3
unanimous,unanimous,0,,off~C1+,3.68,0,0,1,0,1,1,3
furious,furious,0,,B2,3.98,0,0,1,0,1,1,3
perishable,perishable,0,,off~C2,2.8,0,0,1,0,1,1,3
civilization,civilization,0,,B2,4.01,0,0,1,0,1,2,3
Sumerian,Sumerian,0,,off~C2,2.68,0,0,1,0,1,1,3
priceless,priceless,0,,off~C1+,3.58,0,0,1,0,1,1,3
scrutinize,scrutinize,0,,off~C2,2.94,0,0,1,0,1,1,3
painstakingly,painstakingly,0,,off~C2,2.84,0,0,1,0,1,1,3
conductor,conductor,0,,off~C1+,3.8,0,0,1,0,1,1,3
bernstein's,bernstein's,0,,off~C2,2.22,0,0,1,0,1,2,3
bernstein,bernstein,0,,off~C2,3.43,0,0,1,0,1,2,3
adamant,adamant,0,,off~C2,3.28,0,0,1,0,1,1,3
machiavelli,machiavelli,0,,off~C2,2.7,0,0,1,0,1,2,3
unethically,unethically,0,,off~C2,1.98,0,0,1,0,1,1,3
italian,italian,0,,off~B2,4.66,0,0,1,0,1,1,3
tenor,tenor,0,,off~C2,3.4,0,0,1,0,1,1,3
enrico,enrico,0,,off~C2,2.95,0,0,1,0,1,3,3
verdi's,verdi's,0,,off~C2,2.3,0,0,1,0,1,1,3
stagnation,stagnation,0,,off~C2,3.19,0,0,1,0,1,1,3
poise,poise,0,,off~C2,3.43,0,0,1,0,1,1,3
duluth's,duluth's,0,,off~C2,1.28,0,0,1,0,1,2,3
vivian,vivian,0,,off~C2,3.43,0,0,1,0,1,2,3
harbinger,harbinger,0,,off~C2,2.91,0,0,1,0,1,1,3
intertwine,intertwine,0,,off~C2,3.2,0,0,1,0,1,1,3
subjugation,subjugation,0,,off~C2,2.73,0,0,1,0,1,1,3
patriarchal,patriarchal,0,,off~C2,3.24,0,0,1,0,1,2,3
separation,separation,0,,C1,4.13,0,0,1,0,1,1,3
federalist,federalist,0,,off~C2,3.04,0,0,1,0,1,2,3
Mary,Mary,0,,off~B2,4.78,0,0,1,0,1,3,3
devotee,devotee,0,,off~C2,3.19,0,0,1,0,1,1,3
procrastination,procrastination,0,,off~C2,2.96,0,0,1,0,1,1,3
toll,toll,0,,C1,4.08,0,0,1,0,1,1,3
democrat,democrat,0,,off~B2,4.54,0,0,1,0,1,1,3
euclid's,euclid's,0,,off~C2,1.71,0,0,1,0,1,2,3
euclid,euclid,0,,off~C2,2.86,0,0,1,0,1,1,3
summon,summon,0,,off~C1+,3.76,0,0,1,0,1,1,3
egyptians,egyptians,0,,off~C2,3.49,0,0,1,0,1,1,3
luster,luster,0,,off~C2,2.96,0,0,1,0,1,1,3
detract,detract,0,,off~C2,3.01,0,0,1,0,1,1,3
radiance,radiance,0,,off~C2,3.04,0,0,1,0,1,1,3
lucid,lucid,0,,off~C2,3.27,0,0,1,0,1,1,3
feynman,feynman,0,,off~C2,2.68,0,0,1,0,1,4,3
mei,mei,0,,off~C2,3.39,0,0,1,0,1,4,3
ordinance,ordinance,0,,off~C1+,3.6,0,0,1,0,1,1,3
boomtown,boomtown,0,,off~C2,2.46,0,0,1,0,1,1,3
custom-built,custom-built,0,,off~B2,4.34,0,0,1,0,1,1,3
pummel,pummel,0,,off~C2,2.44,0,0,1,0,1,1,3
adversity,adversity,0,,off~C2,3.38,0,0,1,0,1,1,3
rebound,rebound,0,,off~C1+,3.53,0,0,1,0,1,1,3
catastrophe,catastrophe,0,,off~C1+,3.56,0,0,1,0,1,1,3
successive,successive,0,,C1,3.85,0,0,1,0,1,1,3
disfluencies,disfluency,0,,off~C2,1.16,0,0,1,0,1,1,3
disdain,disdain,0,,off~C2,3.33,0,0,1,0,1,1,3
working-class,working-class,0,,off~B2,5.1,0,0,1,0,1,2,3
unworthy,unworthy,0,,off~C2,3.2,0,0,1,0,1,1,3
indestructible,indestructible,0,,off~C2,3.06,0,0,1,0,1,1,3
desirable,desirable,0,,C1,3.85,0,0,1,0,1,1,3
repute,repute,0,,off~C2,2.64,0,0,1,0,1,1,3
crook,crook,0,,off~C2,3.41,0,0,1,0,1,3,3
fitting,fitting,0,,off~C1,4.1,0,0,1,0,1,1,3
domination,domination,0,,off~C1+,3.7,0,0,1,0,1,1,3
catalyst,catalyst,0,,off~C1+,3.76,0,0,1,0,1,1,3
onward,onward,0,,off~C2,3.46,0,0,1,0,1,1,3
disintegration,disintegration,0,,off~C2,3.02,0,0,1,0,1,1,3
Ghana,Ghana,0,,off~C1+,3.9,0,0,1,0,1,1,3
supportive,supportive,0,,C1,4.05,0,0,1,0,1,1,3
beware,beware,0,,off~C1+,3.7,0,0,1,0,1,1,3
dizzying,dizzying,0,,off~C2,2.67,0,0,1,0,1,1,3
Tokyo,Tokyo,0,,off~C1,4.27,0,0,1,0,1,4,3
forefront,forefront,0,,off~C1+,3.52,0,0,1,0,1,1,3
Noah,Noah,0,,off~C1+,3.93,0,0,1,0,1,1,3
corpus,corpus,0,,off~C1+,3.64,0,0,1,0,1,1,3
webster,webster,0,,off~C1+,3.76,0,0,1,0,1,2,3
accede,accede,0,,off~C2,2.58,0,0,1,0,1,1,3
infuriate,infuriate,0,,off~C2,2.97,0,0,1,0,1,1,3
protestations,protestation,0,,off~C2,2.52,0,0,1,0,1,1,3
putin,putin,0,,off~C1,4.13,0,0,1,0,1,1,3
heel,heel,0,,B2,4.06,0,0,1,0,1,1,3
trove,trove,0,,off~C2,3.04,0,0,1,0,1,1,3
well-preserve,well-preserve,0,,off~C1,4.18,0,0,1,0,1,1,3
idleness,idleness,0,,off~C2,2.48,0,0,1,0,1,1,3
inaction,inaction,0,,off~C2,3.13,0,0,1,0,1,1,3
indecisiveness,indecisiveness,0,,off~C2,2.18,0,0,1,0,1,1,3
incompetence,incompetence,0,,off~C2,3.43,0,0,1,0,1,1,3
timidness,timidness,0,,off~C2,0.0,0,0,1,0,1,1,3
justifiable,justifiable,0,,off~C2,3.14,0,0,1,0,1,1,3
contentious,contentious,0,,off~C2,3.31,0,0,1,0,1,1,3
relentless,relentless,0,,off~C1+,3.51,0,0,1,0,1,1,3
detractors,detractor,0,,off~C2,2.95,0,0,1,0,1,1,3
autonomous,autonomous,0,,off~C1+,3.85,0,0,1,0,1,1,3
egalitarian,egalitarian,0,,off~C2,3.06,0,0,1,0,1,1,3
self-governance,self-governance,0,,off~C1,4.06,0,0,1,0,1,1,3
synonymous,synonymous,0,,off~C2,3.5,0,0,1,0,1,1,3
improperly,improperly,0,,off~C2,3.35,0,0,1,0,1,1,3
paramount,paramount,0,,off~C1+,3.73,0,0,1,0,1,1,3
lesser,lesser,0,,C1,4.13,0,0,1,0,1,1,3
semicircular,semicircular,0,,off~C2,2.57,0,0,1,0,1,1,3
encircle,encircle,0,,off~C2,2.93,0,0,1,0,1,1,3
discernible,discernible,0,,off~C2,2.97,0,0,1,0,1,1,3
guy,guy,0,,A2,5.41,0,0,1,0,1,4,3
explicates,explicate,0,,off~C2,1.84,0,0,1,0,1,1,3
straightforward,straightforward,0,,C1,3.83,0,0,1,0,1,1,3
nuance,nuance,0,,off~C2,3.26,0,0,1,0,1,1,3
neophyte,neophyte,0,,off~C2,2.32,0,0,1,0,1,1,3
even-handed,evenhanded,0,,off~B2,4.41,0,0,1,0,1,1,3
disrespectfully,disrespectfully,0,,off~C2,2.21,0,0,1,0,1,1,3
overfishing,overfish,0,,off~C2,2.55,0,0,1,0,1,1,3
intensively,intensively,0,,off~C2,2.87,0,0,1,0,1,1,3
overtly,overtly,0,,off~C2,3.16,0,0,1,0,1,1,3
manifest,manifest,0,,C1,3.68,0,0,1,0,1,1,3
whistler,whistler,0,,off~C2,3.16,0,0,1,0,1,1,3
malodorous,malodorous,0,,off~C2,1.83,0,0,1,0,1,1,3
yellowish,yellowish,0,,off~C2,3.21,0,0,1,0,1,1,3
oily,oily,0,,off~C2,3.35,0,0,1,0,1,2,3
foul,foul,0,,off~C1,4.05,0,0,1,0,1,1,3
foul-smell,foul-smell,0,,off~C1+,3.92,0,0,1,0,1,1,3
yellow-color,yellow-color,0,,off~B2,4.49,0,0,1,0,1,1,3
high-revenue,high-revenue,0,,off~B2,4.61,0,0,1,0,1,1,3
fifteenth-busy,fifteenth-busy,0,,off~C2,3.29,0,0,1,0,1,1,3
fifteenth-large,fifteenth-large,0,,off~C2,3.3,0,0,1,0,1,1,3
inception,inception,0,,off~C1+,3.65,0,0,1,0,1,1,3
doubtless,doubtless,0,,off~C2,3.09,0,0,1,0,1,1,3
persian,persian,0,,off~C1+,3.83,0,0,1,0,1,1,3
incursion,incursion,0,,off~C2,2.96,0,0,1,0,1,1,3
darius,darius,0,,off~C2,3.4,0,0,1,0,1,1,3
macaulay's,macaulay's,0,,off~C2,1.27,0,0,1,0,1,3,3
macaulay,macaulay,0,,off~C2,2.93,0,0,1,0,1,1,3
matisse,matisse,0,,off~C2,2.88,0,0,1,0,1,4,3
Sidney,Sidney,0,,off~C1+,3.7,0,0,1,0,1,4,3
continual,continual,0,,off~C2,3.35,0,0,1,0,1,1,3
resume,resume,0,,C1,4.12,0,0,1,0,1,1,3
march,march,1,march,A1,5.26,0,0,1,0,1,1,3
impel,impel,0,,off~C2,2.36,0,0,1,0,1,1,3
ravage,ravage,0,,off~C2,3.17,0,0,1,0,1,1,3
folksinger,folksinger,0,,off~C2,1.56,0,0,1,0,1,1,3
Pete,Pete,0,,off~C1,4.12,0,0,1,0,1,4,3
taper,taper,0,,off~C2,3.3,0,0,1,0,1,1,3
centimeter-high,centimeter-high,0,,off~C2,2.89,0,0,1,0,1,1,3
emigration,emigration,0,,off~C2,3.25,0,0,1,0,1,1,3
emigrate,emigrate,0,,off~C2,2.89,0,0,1,0,1,1,3
winner,winner,0,,A2,4.8,0,0,1,0,1,2,3
aleta,aleta,0,,off~C2,1.7,0,0,1,0,1,2,3
wanderlust,wanderlust,0,,off~C2,2.65,0,0,1,0,1,1,3
fearlessly,fearlessly,0,,off~C2,2.68,0,0,1,0,1,1,3
twain,twain,0,,off~C2,3.39,0,0,1,0,1,3,3
surplus,surplus,0,,C1,3.87,0,0,1,0,1,1,3
batter,batter,0,,off~C1+,3.56,0,0,1,0,1,1,3
reviled,revile,0,,off~C2,2.65,0,0,1,0,1,1,3
association,association,1,association,B2,5.01,0,0,0,0,2,2,2
republic,republic,1,republic,C1,4.6,0,0,0,0,1,1,2
